meal_id,sort_order,ingredient_name,measure,image_url
53281,1,Ground Beef,1 lb,https://www.themealdb.com/images/ingredients/Ground_Beef.png
53281,2,Garlic,4 Cloves Crushed,https://www.themealdb.com/images/ingredients/Garlic.png
53281,3,Onion,1/2 cup,https://www.themealdb.com/images/ingredients/Onion.png
53281,4,Salt,To taste,https://www.themealdb.com/images/ingredients/Salt.png
53281,5,Pepper,To taste,https://www.themealdb.com/images/ingredients/Pepper.png
53281,6,Plum Tomatoes,3,https://www.themealdb.com/images/ingredients/Plum_Tomatoes.png
53281,7,Parsley,1 tsp,https://www.themealdb.com/images/ingredients/Parsley.png
53281,8,Water,1/2 cup,https://www.themealdb.com/images/ingredients/Water.png
53334,1,Corn Arepa Filled With Mozarella Cheese,2,https://www.themealdb.com/images/ingredients/Corn_Arepa_Filled_With_Mozarella_Cheese.png
53334,2,Fried Ripe Bananas,1,https://www.themealdb.com/images/ingredients/Fried_Ripe_Bananas.png
53334,3,Black Beans,1 Can,https://www.themealdb.com/images/ingredients/Black_Beans.png
53334,4,Pico De Gallo Sauce,1,https://www.themealdb.com/images/ingredients/Pico_De_Gallo_Sauce.png
53334,5,Shredded Meat,2kg,https://www.themealdb.com/images/ingredients/Shredded_Meat.png
53334,6,Tomato,1 chopped,https://www.themealdb.com/images/ingredients/Tomato.png
53334,7,Salt,Pinch,https://www.themealdb.com/images/ingredients/Salt.png
53334,8,Pepper,Pinch,https://www.themealdb.com/images/ingredients/Pepper.png
53329,1,Beef,500g,https://www.themealdb.com/images/ingredients/Beef.png
53329,2,Onion,1,https://www.themealdb.com/images/ingredients/Onion.png
53329,3,Red Pepper,1,https://www.themealdb.com/images/ingredients/Red_Pepper.png
53329,4,Garlic,2 cloves,https://www.themealdb.com/images/ingredients/Garlic.png
53329,5,Cumin,1 tsp,https://www.themealdb.com/images/ingredients/Cumin.png
53329,6,Oregano,1 tsp,https://www.themealdb.com/images/ingredients/Oregano.png
53329,7,Paprika,1 tsp,https://www.themealdb.com/images/ingredients/Paprika.png
53329,8,Beef Stock,1 L,https://www.themealdb.com/images/ingredients/Beef_Stock.png
53329,9,Water,2 1/2 cups,https://www.themealdb.com/images/ingredients/Water.png
53329,10,Salt,Pinch,https://www.themealdb.com/images/ingredients/Salt.png
53329,11,Cheese,200g,https://www.themealdb.com/images/ingredients/Cheese.png
53329,12,Extra Virgin Olive Oil,Pinch,https://www.themealdb.com/images/ingredients/Extra_Virgin_Olive_Oil.png
53133,1,Mixed Beef Cuts,2kg,https://www.themealdb.com/images/ingredients/Mixed_Beef_Cuts.png
53133,2,Chorizo,4,https://www.themealdb.com/images/ingredients/Chorizo.png
53133,3,Morcilla,2,https://www.themealdb.com/images/ingredients/Morcilla.png
53133,4,Salt,To taste,https://www.themealdb.com/images/ingredients/Salt.png
53099,1,Lean Minced Steak,500g,https://www.themealdb.com/images/ingredients/Lean_Minced_Steak.png
53099,2,Cooked Beetroot,100g,https://www.themealdb.com/images/ingredients/Cooked_Beetroot.png
53099,3,Naan Bread,2 small,https://www.themealdb.com/images/ingredients/Naan_Bread.png
53099,4,Rocket,50g,https://www.themealdb.com/images/ingredients/Rocket.png
53099,5,Soured cream and chive dip,4 tablespoons,https://www.themealdb.com/images/ingredients/Soured_cream_and_chive_dip.png
53366,1,Soy Sauce,1 tsp,https://www.themealdb.com/images/ingredients/Soy_Sauce.png
53366,2,Dry sherry,1 tsp,https://www.themealdb.com/images/ingredients/Dry_sherry.png
53366,3,Cornstarch,1/2 tsp,https://www.themealdb.com/images/ingredients/Cornstarch.png
53366,4,Black Pepper,1/8 teaspoon,https://www.themealdb.com/images/ingredients/Black_Pepper.png
53366,5,Sirloin steak,1 lb,https://www.themealdb.com/images/ingredients/Sirloin_steak.png
53366,6,Oyster Sauce,2 tablespoons,https://www.themealdb.com/images/ingredients/Oyster_Sauce.png
53366,7,Dry sherry,1 tsp,https://www.themealdb.com/images/ingredients/Dry_sherry.png
53366,8,Soy Sauce,1 tablespoon,https://www.themealdb.com/images/ingredients/Soy_Sauce.png
53366,9,Chicken Stock,1/4 cup,https://www.themealdb.com/images/ingredients/Chicken_Stock.png
53366,10,Broccoli,1 lb,https://www.themealdb.com/images/ingredients/Broccoli.png
53366,11,High Heat Cooking Oil,2 tablespoons,https://www.themealdb.com/images/ingredients/High_Heat_Cooking_Oil.png
53366,12,Garlic,2 cloves minced,https://www.themealdb.com/images/ingredients/Garlic.png
53366,13,Cornstarch,1 tsp,https://www.themealdb.com/images/ingredients/Cornstarch.png
53366,14,Water,1 tablespoon,https://www.themealdb.com/images/ingredients/Water.png
52874,1,Beef,1kg,https://www.themealdb.com/images/ingredients/Beef.png
52874,2,Plain Flour,2 tbs,https://www.themealdb.com/images/ingredients/Plain_Flour.png
52874,3,Rapeseed Oil,2 tbs,https://www.themealdb.com/images/ingredients/Rapeseed_Oil.png
52874,4,Red Wine,200ml,https://www.themealdb.com/images/ingredients/Red_Wine.png
52874,5,Beef Stock,400ml,https://www.themealdb.com/images/ingredients/Beef_Stock.png
52874,6,Onion,1 finely sliced,https://www.themealdb.com/images/ingredients/Onion.png
52874,7,Carrots,2 chopped,https://www.themealdb.com/images/ingredients/Carrots.png
52874,8,Thyme,3 sprigs,https://www.themealdb.com/images/ingredients/Thyme.png
52874,9,Mustard,2 tbs,https://www.themealdb.com/images/ingredients/Mustard.png
52874,10,Egg Yolks,2 free-range,https://www.themealdb.com/images/ingredients/Egg_Yolks.png
52874,11,Puff Pastry,400g,https://www.themealdb.com/images/ingredients/Puff_Pastry.png
52874,12,Green Beans,300g,https://www.themealdb.com/images/ingredients/Green_Beans.png
52874,13,Butter,25g,https://www.themealdb.com/images/ingredients/Butter.png
52874,14,Salt,pinch,https://www.themealdb.com/images/ingredients/Salt.png
52874,15,Pepper,pinch,https://www.themealdb.com/images/ingredients/Pepper.png
52878,1,Beef,900g,https://www.themealdb.com/images/ingredients/Beef.png
52878,2,Olive Oil,3 tbs,https://www.themealdb.com/images/ingredients/Olive_Oil.png
52878,3,Shallots,3,https://www.themealdb.com/images/ingredients/Shallots.png
52878,4,Garlic,2 cloves minced,https://www.themealdb.com/images/ingredients/Garlic.png
52878,5,Bacon,125g,https://www.themealdb.com/images/ingredients/Bacon.png
52878,6,Thyme,1 tbs chopped,https://www.themealdb.com/images/ingredients/Thyme.png
52878,7,Bay Leaf,2,https://www.themealdb.com/images/ingredients/Bay_Leaf.png
52878,8,Stout,330ml,https://www.themealdb.com/images/ingredients/Stout.png
52878,9,Beef Stock,400ml,https://www.themealdb.com/images/ingredients/Beef_Stock.png
52878,10,Corn Flour,2 tbs,https://www.themealdb.com/images/ingredients/Corn_Flour.png
52878,11,Oysters,8,https://www.themealdb.com/images/ingredients/Oysters.png
52878,12,Plain Flour,400g,https://www.themealdb.com/images/ingredients/Plain_Flour.png
52878,13,Salt,pinch,https://www.themealdb.com/images/ingredients/Salt.png
52878,14,Butter,250g,https://www.themealdb.com/images/ingredients/Butter.png
52878,15,Eggs,To Glaze,https://www.themealdb.com/images/ingredients/Eggs.png
53071,1,Beef,1.5kg,https://www.themealdb.com/images/ingredients/Beef.png
53071,2,Beef Stock Concentrate,1,https://www.themealdb.com/images/ingredients/Beef_Stock_Concentrate.png
53071,3,Tomato Puree,8 ounces,https://www.themealdb.com/images/ingredients/Tomato_Puree.png
53071,4,Water,3 cups,https://www.themealdb.com/images/ingredients/Water.png
53071,5,Soy Sauce,6 tablespoons,https://www.themealdb.com/images/ingredients/Soy_Sauce.png
53071,6,White Wine Vinegar,1 tbs,https://www.themealdb.com/images/ingredients/White_Wine_Vinegar.png
53071,7,Pepper,2 tbs,https://www.themealdb.com/images/ingredients/Pepper.png
53071,8,Bay Leaf,4,https://www.themealdb.com/images/ingredients/Bay_Leaf.png
53071,9,Lemon,1/2,https://www.themealdb.com/images/ingredients/Lemon.png
53071,10,Tomato Sauce,2 tbs,https://www.themealdb.com/images/ingredients/Tomato_Sauce.png
53071,11,Butter,3 tbs,https://www.themealdb.com/images/ingredients/Butter.png
53071,12,Olive Oil,1/2 cup,https://www.themealdb.com/images/ingredients/Olive_Oil.png
53071,13,Onion,1 chopped,https://www.themealdb.com/images/ingredients/Onion.png
53071,14,Garlic,4 cloves,https://www.themealdb.com/images/ingredients/Garlic.png
52997,1,Rice,White,https://www.themealdb.com/images/ingredients/Rice.png
52997,2,Onion,1,https://www.themealdb.com/images/ingredients/Onion.png
52997,3,Lime,1,https://www.themealdb.com/images/ingredients/Lime.png
52997,4,Garlic Clove,3,https://www.themealdb.com/images/ingredients/Garlic_Clove.png
52997,5,Cucumber,1,https://www.themealdb.com/images/ingredients/Cucumber.png
52997,6,Carrots,3 oz,https://www.themealdb.com/images/ingredients/Carrots.png
52997,7,Ground Beef,1 lb,https://www.themealdb.com/images/ingredients/Ground_Beef.png
52997,8,Soy Sauce,2 oz,https://www.themealdb.com/images/ingredients/Soy_Sauce.png
52904,1,Goose Fat,3 tsp,https://www.themealdb.com/images/ingredients/Goose_Fat.png
52904,2,Beef Shin,600g,https://www.themealdb.com/images/ingredients/Beef_Shin.png
52904,3,Bacon,100g,https://www.themealdb.com/images/ingredients/Bacon.png
52904,4,Challots,350g,https://www.themealdb.com/images/ingredients/Challots.png
52904,5,Chestnut Mushroom,250g,https://www.themealdb.com/images/ingredients/Chestnut_Mushroom.png
52904,6,Garlic Clove,2 sliced,https://www.themealdb.com/images/ingredients/Garlic_Clove.png
52904,7,Bouquet Garni,1,https://www.themealdb.com/images/ingredients/Bouquet_Garni.png
52904,8,Tomato Puree,1 tbs,https://www.themealdb.com/images/ingredients/Tomato_Puree.png
52904,9,Red Wine,750 ml,https://www.themealdb.com/images/ingredients/Red_Wine.png
52904,10,Celeriac,600g,https://www.themealdb.com/images/ingredients/Celeriac.png
52904,11,Olive Oil,2 tbs,https://www.themealdb.com/images/ingredients/Olive_Oil.png
52904,12,Thyme,sprigs of fresh,https://www.themealdb.com/images/ingredients/Thyme.png
52904,13,Rosemary,sprigs of fresh,https://www.themealdb.com/images/ingredients/Rosemary.png
52904,14,Bay Leaf,2,https://www.themealdb.com/images/ingredients/Bay_Leaf.png
52904,15,Cardamom,4,https://www.themealdb.com/images/ingredients/Cardamom.png
52812,1,Beef Brisket,4-5 pound,https://www.themealdb.com/images/ingredients/Beef_Brisket.png
52812,2,Salt,Dash,https://www.themealdb.com/images/ingredients/Salt.png
52812,3,Onion,3,https://www.themealdb.com/images/ingredients/Onion.png
52812,4,Garlic,5 cloves,https://www.themealdb.com/images/ingredients/Garlic.png
52812,5,Thyme,1 Sprig,https://www.themealdb.com/images/ingredients/Thyme.png
52812,6,Rosemary,1 sprig,https://www.themealdb.com/images/ingredients/Rosemary.png
52812,7,Bay Leaves,4,https://www.themealdb.com/images/ingredients/Bay_Leaves.png
52812,8,beef stock,2 cups,https://www.themealdb.com/images/ingredients/beef_stock.png
52812,9,Carrots,3 Large,https://www.themealdb.com/images/ingredients/Carrots.png
52812,10,Mustard,1 Tbsp,https://www.themealdb.com/images/ingredients/Mustard.png
52812,11,Potatoes,4 Mashed,https://www.themealdb.com/images/ingredients/Potatoes.png
53070,1,Beef,2kg cut cubes,https://www.themealdb.com/images/ingredients/Beef.png
53070,2,Beef Stock,1,https://www.themealdb.com/images/ingredients/Beef_Stock.png
53070,3,Soy Sauce,1 tbs,https://www.themealdb.com/images/ingredients/Soy_Sauce.png
53070,4,Water,2 cups,https://www.themealdb.com/images/ingredients/Water.png
53070,5,Green Pepper,1 sliced,https://www.themealdb.com/images/ingredients/Green_Pepper.png
53070,6,Red Pepper,1 sliced,https://www.themealdb.com/images/ingredients/Red_Pepper.png
53070,7,Potatoes,1 sliced,https://www.themealdb.com/images/ingredients/Potatoes.png
53070,8,Carrots,1 sliced,https://www.themealdb.com/images/ingredients/Carrots.png
53070,9,Tomato Puree,8 ounces,https://www.themealdb.com/images/ingredients/Tomato_Puree.png
53070,10,Peanut Butter,3  tablespoons,https://www.themealdb.com/images/ingredients/Peanut_Butter.png
53070,11,Chilli Powder,5,https://www.themealdb.com/images/ingredients/Chilli_Powder.png
53070,12,Onion,1 chopped,https://www.themealdb.com/images/ingredients/Onion.png
53070,13,Garlic,5 cloves,https://www.themealdb.com/images/ingredients/Garlic.png
53070,14,Olive Oil,3 tbs,https://www.themealdb.com/images/ingredients/Olive_Oil.png
52873,1,Olive Oil,2 tbs,https://www.themealdb.com/images/ingredients/Olive_Oil.png
52873,2,Butter,25g,https://www.themealdb.com/images/ingredients/Butter.png
52873,3,Beef,750g,https://www.themealdb.com/images/ingredients/Beef.png
52873,4,Plain Flour,2 tblsp,https://www.themealdb.com/images/ingredients/Plain_Flour.png
52873,5,Garlic,2 cloves minced,https://www.themealdb.com/images/ingredients/Garlic.png
52873,6,Onions,175g,https://www.themealdb.com/images/ingredients/Onions.png
52873,7,Celery,150g,https://www.themealdb.com/images/ingredients/Celery.png
52873,8,Carrots,150g,https://www.themealdb.com/images/ingredients/Carrots.png
52873,9,Leek,2 chopped,https://www.themealdb.com/images/ingredients/Leek.png
52873,10,Swede,200g,https://www.themealdb.com/images/ingredients/Swede.png
52873,11,Red Wine,150ml,https://www.themealdb.com/images/ingredients/Red_Wine.png
52873,12,Beef Stock,500g,https://www.themealdb.com/images/ingredients/Beef_Stock.png
52873,13,Bay Leaf,2,https://www.themealdb.com/images/ingredients/Bay_Leaf.png
52873,14,Thyme,3 tbs,https://www.themealdb.com/images/ingredients/Thyme.png
52873,15,Parsley,3 tblsp chopped,https://www.themealdb.com/images/ingredients/Parsley.png
52873,16,Plain Flour,125g,https://www.themealdb.com/images/ingredients/Plain_Flour.png
52873,17,Baking Powder,1 tsp,https://www.themealdb.com/images/ingredients/Baking_Powder.png
52873,18,Suet,60g,https://www.themealdb.com/images/ingredients/Suet.png
52873,19,Water,Splash,https://www.themealdb.com/images/ingredients/Water.png
53317,1,Lard,60g,https://www.themealdb.com/images/ingredients/Lard.png
53317,2,Water,340g,https://www.themealdb.com/images/ingredients/Water.png
53317,3,Salt,1 tsp,https://www.themealdb.com/images/ingredients/Salt.png
53317,4,All purpose flour,600g,https://www.themealdb.com/images/ingredients/All_purpose_flour.png
53317,5,Tomato,3,https://www.themealdb.com/images/ingredients/Tomato.png
53317,6,Garlic,1 clove,https://www.themealdb.com/images/ingredients/Garlic.png
53317,7,Red Onions,1 large,https://www.themealdb.com/images/ingredients/Red_Onions.png
53317,8,Spring Onions,Bunch,https://www.themealdb.com/images/ingredients/Spring_Onions.png
53317,9,Sirloin steak,750g,https://www.themealdb.com/images/ingredients/Sirloin_steak.png
53317,10,Dried Oregano,1 tablespoon,https://www.themealdb.com/images/ingredients/Dried_Oregano.png
53317,11,Paprika,1 tsp,https://www.themealdb.com/images/ingredients/Paprika.png
53317,12,Red Pepper Flakes,1 tsp,https://www.themealdb.com/images/ingredients/Red_Pepper_Flakes.png
53317,13,Parsley,1 tsp,https://www.themealdb.com/images/ingredients/Parsley.png
53317,14,Salt,To taste,https://www.themealdb.com/images/ingredients/Salt.png
53317,15,Pepper,To taste,https://www.themealdb.com/images/ingredients/Pepper.png
53317,16,Egg,3,https://www.themealdb.com/images/ingredients/Egg.png
53317,17,Egg Wash,Splash,https://www.themealdb.com/images/ingredients/Egg_Wash.png
53317,18,Chimichurri sauce,Drizzle,https://www.themealdb.com/images/ingredients/Chimichurri_sauce.png
52952,1,Beef,1/2 lb,https://www.themealdb.com/images/ingredients/Beef.png
52952,2,Salt,pinch,https://www.themealdb.com/images/ingredients/Salt.png
52952,3,Pepper,pinch,https://www.themealdb.com/images/ingredients/Pepper.png
52952,4,Sesame Seed Oil,2 tsp,https://www.themealdb.com/images/ingredients/Sesame_Seed_Oil.png
52952,5,Egg,1/2,https://www.themealdb.com/images/ingredients/Egg.png
52952,6,Starch,3 tbs,https://www.themealdb.com/images/ingredients/Starch.png
52952,7,Oil,5 tbs,https://www.themealdb.com/images/ingredients/Oil.png
52952,8,Noodles,1/4 lb,https://www.themealdb.com/images/ingredients/Noodles.png
52952,9,Onion,1/2 cup,https://www.themealdb.com/images/ingredients/Onion.png
52952,10,Minced Garlic,1 tsp,https://www.themealdb.com/images/ingredients/Minced_Garlic.png
52952,11,Ginger,1 tsp,https://www.themealdb.com/images/ingredients/Ginger.png
52952,12,Bean Sprouts,1 cup,https://www.themealdb.com/images/ingredients/Bean_Sprouts.png
52952,13,Mushrooms,1 cup,https://www.themealdb.com/images/ingredients/Mushrooms.png
52952,14,Water,1 cup,https://www.themealdb.com/images/ingredients/Water.png
52952,15,Oyster Sauce,1 tbs,https://www.themealdb.com/images/ingredients/Oyster_Sauce.png
52952,16,Sugar,1 tsp,https://www.themealdb.com/images/ingredients/Sugar.png
52952,17,Soy Sauce,1 tsp,https://www.themealdb.com/images/ingredients/Soy_Sauce.png
53359,1,Basmati Rice,1 kg,https://www.themealdb.com/images/ingredients/Basmati_Rice.png
53359,2,Beef Stock,5 Cups,https://www.themealdb.com/images/ingredients/Beef_Stock.png
53359,3,Onion,2 medium,https://www.themealdb.com/images/ingredients/Onion.png
53359,4,Garlic,5 chopped cloves,https://www.themealdb.com/images/ingredients/Garlic.png
53359,5,Green Chilli,2,https://www.themealdb.com/images/ingredients/Green_Chilli.png
53359,6,Tomato,1 small,https://www.themealdb.com/images/ingredients/Tomato.png
53359,7,Salt,2 1/2 Tsp,https://www.themealdb.com/images/ingredients/Salt.png
53359,8,Oil,3  tablespoons,https://www.themealdb.com/images/ingredients/Oil.png
53359,9,Turmeric Powder,1 ½ tsp,https://www.themealdb.com/images/ingredients/Turmeric_Powder.png
53359,10,Cardamom,1/2 tsp,https://www.themealdb.com/images/ingredients/Cardamom.png
53359,11,Cloves,1/2 tsp,https://www.themealdb.com/images/ingredients/Cloves.png
53359,12,Bay Leaf,1/2 tsp,https://www.themealdb.com/images/ingredients/Bay_Leaf.png
53068,1,Garlic,3 cloves,https://www.themealdb.com/images/ingredients/Garlic.png
53068,2,Onion,1 sliced,https://www.themealdb.com/images/ingredients/Onion.png
53068,3,Beef,2 Lbs,https://www.themealdb.com/images/ingredients/Beef.png
53068,4,Tomato Puree,8 ounces,https://www.themealdb.com/images/ingredients/Tomato_Puree.png
53068,5,Water,1 cup,https://www.themealdb.com/images/ingredients/Water.png
53068,6,Olive Oil,3 tbs,https://www.themealdb.com/images/ingredients/Olive_Oil.png
53068,7,Lemon,1 Slice,https://www.themealdb.com/images/ingredients/Lemon.png
53068,8,Potatoes,1 large,https://www.themealdb.com/images/ingredients/Potatoes.png
53068,9,Soy Sauce,1/4 cup,https://www.themealdb.com/images/ingredients/Soy_Sauce.png
53068,10,Black Pepper,1/2 tsp,https://www.themealdb.com/images/ingredients/Black_Pepper.png
53068,11,Bay Leaves,2,https://www.themealdb.com/images/ingredients/Bay_Leaves.png
53068,12,Salt,To taste,https://www.themealdb.com/images/ingredients/Salt.png
53238,1,Beef Stock,1 L,https://www.themealdb.com/images/ingredients/Beef_Stock.png
53238,2,Onion,1 large,https://www.themealdb.com/images/ingredients/Onion.png
53238,3,Ginger,1 Large Chopped,https://www.themealdb.com/images/ingredients/Ginger.png
53238,4,Cinnamon Stick,1,https://www.themealdb.com/images/ingredients/Cinnamon_Stick.png
53238,5,Star Anise,2,https://www.themealdb.com/images/ingredients/Star_Anise.png
53238,6,Coriander Seeds,1 tsp,https://www.themealdb.com/images/ingredients/Coriander_Seeds.png
53238,7,Cloves,1/2 teaspoon,https://www.themealdb.com/images/ingredients/Cloves.png
53238,8,Sirloin steak,225g,https://www.themealdb.com/images/ingredients/Sirloin_steak.png
53238,9,Palm Sugar,1 tsp,https://www.themealdb.com/images/ingredients/Palm_Sugar.png
53238,10,Fish Sauce,1 tablespoon,https://www.themealdb.com/images/ingredients/Fish_Sauce.png
53238,11,Soy Sauce,1 ½ tbsp,https://www.themealdb.com/images/ingredients/Soy_Sauce.png
53238,12,Rice Noodles,200g,https://www.themealdb.com/images/ingredients/Rice_Noodles.png
53238,13,Spring Onions,2 sliced,https://www.themealdb.com/images/ingredients/Spring_Onions.png
53238,14,Birds-eye Chillies,1 small,https://www.themealdb.com/images/ingredients/Birds-eye_Chillies.png
53238,15,Basil,Handful,https://www.themealdb.com/images/ingredients/Basil.png
53238,16,Coriander,Handful,https://www.themealdb.com/images/ingredients/Coriander.png
53238,17,Lime,1,https://www.themealdb.com/images/ingredients/Lime.png
53053,1,Beef,1lb,https://www.themealdb.com/images/ingredients/Beef.png
53053,2,Vegetable Oil,5 tbs,https://www.themealdb.com/images/ingredients/Vegetable_Oil.png
53053,3,Cinnamon Stick,1,https://www.themealdb.com/images/ingredients/Cinnamon_Stick.png
53053,4,Cloves,3,https://www.themealdb.com/images/ingredients/Cloves.png
53053,5,Star Anise,3,https://www.themealdb.com/images/ingredients/Star_Anise.png
53053,6,Cardamom,3,https://www.themealdb.com/images/ingredients/Cardamom.png
53053,7,Coconut Cream,1 cup,https://www.themealdb.com/images/ingredients/Coconut_Cream.png
53053,8,Water,1 cup,https://www.themealdb.com/images/ingredients/Water.png
53053,9,Tamarind Paste,2 tbs,https://www.themealdb.com/images/ingredients/Tamarind_Paste.png
53053,10,Lime,6,https://www.themealdb.com/images/ingredients/Lime.png
53053,11,Sugar,1 tbs,https://www.themealdb.com/images/ingredients/Sugar.png
53053,12,Challots,5,https://www.themealdb.com/images/ingredients/Challots.png
52834,1,Olive Oil,1 tbls,https://www.themealdb.com/images/ingredients/Olive_Oil.png
52834,2,Onions,1,https://www.themealdb.com/images/ingredients/Onions.png
52834,3,Garlic,1 clove,https://www.themealdb.com/images/ingredients/Garlic.png
52834,4,Butter,1 tbsp,https://www.themealdb.com/images/ingredients/Butter.png
52834,5,Mushrooms,250g,https://www.themealdb.com/images/ingredients/Mushrooms.png
52834,6,Beef Fillet,500g,https://www.themealdb.com/images/ingredients/Beef_Fillet.png
52834,7,Plain Flour,1tbsp,https://www.themealdb.com/images/ingredients/Plain_Flour.png
52834,8,Creme Fraiche,150g,https://www.themealdb.com/images/ingredients/Creme_Fraiche.png
52834,9,English Mustard,1 tbsp,https://www.themealdb.com/images/ingredients/English_Mustard.png
52834,10,Beef Stock,100ml,https://www.themealdb.com/images/ingredients/Beef_Stock.png
52834,11,Parsley,Topping,https://www.themealdb.com/images/ingredients/Parsley.png
52824,1,Beef,8 slices,https://www.themealdb.com/images/ingredients/Beef.png
52824,2,Broccoli,12 florets,https://www.themealdb.com/images/ingredients/Broccoli.png
52824,3,Potatoes,1 Packet,https://www.themealdb.com/images/ingredients/Potatoes.png
52824,4,Carrots,1 Packet,https://www.themealdb.com/images/ingredients/Carrots.png
52824,5,plain flour,140g,https://www.themealdb.com/images/ingredients/plain_flour.png
52824,6,Eggs,4,https://www.themealdb.com/images/ingredients/Eggs.png
52824,7,milk,200ml,https://www.themealdb.com/images/ingredients/milk.png
52824,8,sunflower oil,drizzle (for cooking),https://www.themealdb.com/images/ingredients/sunflower_oil.png
52803,1,mushrooms,400g,https://www.themealdb.com/images/ingredients/mushrooms.png
52803,2,English Mustard,1-2tbsp,https://www.themealdb.com/images/ingredients/English_Mustard.png
52803,3,Olive Oil,Dash,https://www.themealdb.com/images/ingredients/Olive_Oil.png
52803,4,Beef Fillet,750g piece,https://www.themealdb.com/images/ingredients/Beef_Fillet.png
52803,5,Parma ham,6-8 slices,https://www.themealdb.com/images/ingredients/Parma_ham.png
52803,6,Puff Pastry,500g,https://www.themealdb.com/images/ingredients/Puff_Pastry.png
52803,7,Flour,Dusting,https://www.themealdb.com/images/ingredients/Flour.png
52803,8,Egg Yolks,2 Beaten,https://www.themealdb.com/images/ingredients/Egg_Yolks.png
53013,1,Minced Beef,400g,https://www.themealdb.com/images/ingredients/Minced_Beef.png
53013,2,Olive Oil,2 tbs,https://www.themealdb.com/images/ingredients/Olive_Oil.png
53013,3,Sesame Seed Burger Buns,2,https://www.themealdb.com/images/ingredients/Sesame_Seed_Burger_Buns.png
53013,4,Onion,Chopped,https://www.themealdb.com/images/ingredients/Onion.png
53013,5,Iceberg Lettuce,1/4,https://www.themealdb.com/images/ingredients/Iceberg_Lettuce.png
53013,6,Cheese,2 sliced,https://www.themealdb.com/images/ingredients/Cheese.png
53013,7,Dill Pickles,2 large,https://www.themealdb.com/images/ingredients/Dill_Pickles.png
53013,8,Mayonnaise,1 cup,https://www.themealdb.com/images/ingredients/Mayonnaise.png
53013,9,White Wine Vinegar,2 tsp,https://www.themealdb.com/images/ingredients/White_Wine_Vinegar.png
53013,10,Pepper,Pinch,https://www.themealdb.com/images/ingredients/Pepper.png
53013,11,Mustard,2 tsp,https://www.themealdb.com/images/ingredients/Mustard.png
53013,12,Onion Salt,1 1/2 tsp,https://www.themealdb.com/images/ingredients/Onion_Salt.png
53013,13,Garlic Powder,1 1/2 tsp,https://www.themealdb.com/images/ingredients/Garlic_Powder.png
53013,14,Paprika,1/2 tsp,https://www.themealdb.com/images/ingredients/Paprika.png
53300,1,White Cabbage,1 sliced,https://www.themealdb.com/images/ingredients/White_Cabbage.png
53300,2,Beef Stock,250ml,https://www.themealdb.com/images/ingredients/Beef_Stock.png
53300,3,Mushrooms,100g,https://www.themealdb.com/images/ingredients/Mushrooms.png
53300,4,Lard,2 tablespoons,https://www.themealdb.com/images/ingredients/Lard.png
53300,5,German Sausages,400g,https://www.themealdb.com/images/ingredients/German_Sausages.png
53300,6,Bacon,250g,https://www.themealdb.com/images/ingredients/Bacon.png
53300,7,Onion,2 chopped,https://www.themealdb.com/images/ingredients/Onion.png
53300,8,Beef,750g,https://www.themealdb.com/images/ingredients/Beef.png
53300,9,Prunes,200g,https://www.themealdb.com/images/ingredients/Prunes.png
53300,10,Bay Leaf,1,https://www.themealdb.com/images/ingredients/Bay_Leaf.png
53300,11,Cloves,2,https://www.themealdb.com/images/ingredients/Cloves.png
53300,12,Peppercorns,12,https://www.themealdb.com/images/ingredients/Peppercorns.png
53300,13,Juniper Berries,4,https://www.themealdb.com/images/ingredients/Juniper_Berries.png
53300,14,Allspice Berries,4,https://www.themealdb.com/images/ingredients/Allspice_Berries.png
53300,15,Red Wine,90 ml,https://www.themealdb.com/images/ingredients/Red_Wine.png
53300,16,Tomato Puree,2 tablespoons,https://www.themealdb.com/images/ingredients/Tomato_Puree.png
53069,1,Beef,1 lb,https://www.themealdb.com/images/ingredients/Beef.png
53069,2,Soy Sauce,5 tablespoons,https://www.themealdb.com/images/ingredients/Soy_Sauce.png
53069,3,Lemon,1,https://www.themealdb.com/images/ingredients/Lemon.png
53069,4,Garlic,3 cloves,https://www.themealdb.com/images/ingredients/Garlic.png
53069,5,Onion,3 parts,https://www.themealdb.com/images/ingredients/Onion.png
53069,6,Olive Oil,4 tbs,https://www.themealdb.com/images/ingredients/Olive_Oil.png
53069,7,Water,1 cup,https://www.themealdb.com/images/ingredients/Water.png
53069,8,Salt,1 pinch,https://www.themealdb.com/images/ingredients/Salt.png
52979,1,Butter,100g,https://www.themealdb.com/images/ingredients/Butter.png
52979,2,Flour,150g,https://www.themealdb.com/images/ingredients/Flour.png
52979,3,Beef Stock,700ml,https://www.themealdb.com/images/ingredients/Beef_Stock.png
52979,4,Onion,30g,https://www.themealdb.com/images/ingredients/Onion.png
52979,5,Parsley,1 tbs,https://www.themealdb.com/images/ingredients/Parsley.png
52979,6,Beef,400g,https://www.themealdb.com/images/ingredients/Beef.png
52979,7,Salt,Pinch,https://www.themealdb.com/images/ingredients/Salt.png
52979,8,Pepper,Pinch,https://www.themealdb.com/images/ingredients/Pepper.png
52979,9,Nutmeg,Pinch,https://www.themealdb.com/images/ingredients/Nutmeg.png
52979,10,Flour,50g,https://www.themealdb.com/images/ingredients/Flour.png
52979,11,Eggs,2 Beaten,https://www.themealdb.com/images/ingredients/Eggs.png
52979,12,Breadcrumbs,50g,https://www.themealdb.com/images/ingredients/Breadcrumbs.png
53311,1,Beef Shin,1kg,https://www.themealdb.com/images/ingredients/Beef_Shin.png
53311,2,Onion,1,https://www.themealdb.com/images/ingredients/Onion.png
53311,3,Bay Leaf,1,https://www.themealdb.com/images/ingredients/Bay_Leaf.png
53311,4,Potatoes,2.5kg,https://www.themealdb.com/images/ingredients/Potatoes.png
53311,5,Sunflower Oil,2 tablespoons,https://www.themealdb.com/images/ingredients/Sunflower_Oil.png
53311,6,Onion,1 Diced,https://www.themealdb.com/images/ingredients/Onion.png
53311,7,Carrots,1,https://www.themealdb.com/images/ingredients/Carrots.png
53311,8,Beetroot,200g,https://www.themealdb.com/images/ingredients/Beetroot.png
53311,9,Red Pepper,1 chopped,https://www.themealdb.com/images/ingredients/Red_Pepper.png
53311,10,Tinned Tomatos,200g,https://www.themealdb.com/images/ingredients/Tinned_Tomatos.png
53311,11,Prunes,6,https://www.themealdb.com/images/ingredients/Prunes.png
53311,12,White Cabbage,1/2,https://www.themealdb.com/images/ingredients/White_Cabbage.png
53311,13,Kidney Beans,400g,https://www.themealdb.com/images/ingredients/Kidney_Beans.png
53311,14,Creme Fraiche,100 ml,https://www.themealdb.com/images/ingredients/Creme_Fraiche.png
53311,15,Dill,Bunch,https://www.themealdb.com/images/ingredients/Dill.png
53311,16,Crusty Bread,To serve,https://www.themealdb.com/images/ingredients/Crusty_Bread.png
52826,1,Beef,1kg,https://www.themealdb.com/images/ingredients/Beef.png
52826,2,Onions,3,https://www.themealdb.com/images/ingredients/Onions.png
52826,3,Garlic,4 cloves,https://www.themealdb.com/images/ingredients/Garlic.png
52826,4,Olive oil,Dash,https://www.themealdb.com/images/ingredients/Olive_oil.png
52826,5,Chorizo,300g,https://www.themealdb.com/images/ingredients/Chorizo.png
52826,6,Cumin,2 tsp,https://www.themealdb.com/images/ingredients/Cumin.png
52826,7,Allspice,2 tsp,https://www.themealdb.com/images/ingredients/Allspice.png
52826,8,Cloves,1 tsp,https://www.themealdb.com/images/ingredients/Cloves.png
52826,9,Cinnamon stick,1 large,https://www.themealdb.com/images/ingredients/Cinnamon_stick.png
52826,10,Bay Leaves,3,https://www.themealdb.com/images/ingredients/Bay_Leaves.png
52826,11,Oregano,2 tsp dried,https://www.themealdb.com/images/ingredients/Oregano.png
52826,12,Ancho Chillies,2 ancho,https://www.themealdb.com/images/ingredients/Ancho_Chillies.png
52826,13,Balsamic Vinegar,3 tbsp,https://www.themealdb.com/images/ingredients/Balsamic_Vinegar.png
52826,14,Plum Tomatoes,2 x 400g,https://www.themealdb.com/images/ingredients/Plum_Tomatoes.png
52826,15,Tomato Ketchup,2 tbsp,https://www.themealdb.com/images/ingredients/Tomato_Ketchup.png
52826,16,Dark Brown Sugar,2 tbsp,https://www.themealdb.com/images/ingredients/Dark_Brown_Sugar.png
52826,17,Borlotti Beans,2 x 400g tins,https://www.themealdb.com/images/ingredients/Borlotti_Beans.png
53126,1,Olive Oil,2 tblsp,https://www.themealdb.com/images/ingredients/Olive_Oil.png
53126,2,Beef,2 Lbs,https://www.themealdb.com/images/ingredients/Beef.png
53126,3,Onion,1,https://www.themealdb.com/images/ingredients/Onion.png
53126,4,Beef Stock,3 Cups,https://www.themealdb.com/images/ingredients/Beef_Stock.png
53126,5,Swede,1 small,https://www.themealdb.com/images/ingredients/Swede.png
53126,6,Celery,1,https://www.themealdb.com/images/ingredients/Celery.png
53126,7,Carrots,4,https://www.themealdb.com/images/ingredients/Carrots.png
53126,8,Parsley,4,https://www.themealdb.com/images/ingredients/Parsley.png
53126,9,Potatoes,1 lb,https://www.themealdb.com/images/ingredients/Potatoes.png
53126,10,Leek,1/2,https://www.themealdb.com/images/ingredients/Leek.png
53126,11,Parsley,Garnish,https://www.themealdb.com/images/ingredients/Parsley.png
53141,1,Beef,500g,https://www.themealdb.com/images/ingredients/Beef.png
53141,2,Onion,1 chopped,https://www.themealdb.com/images/ingredients/Onion.png
53141,3,Carrots,2 chopped,https://www.themealdb.com/images/ingredients/Carrots.png
53141,4,Potatoes,2 chopped,https://www.themealdb.com/images/ingredients/Potatoes.png
53141,5,Pumpkin,1 small,https://www.themealdb.com/images/ingredients/Pumpkin.png
53141,6,Dried Apricots,100g,https://www.themealdb.com/images/ingredients/Dried_Apricots.png
53141,7,Beef Stock,2 Litres,https://www.themealdb.com/images/ingredients/Beef_Stock.png
53141,8,Salt,To taste,https://www.themealdb.com/images/ingredients/Salt.png
53141,9,Pepper,To taste,https://www.themealdb.com/images/ingredients/Pepper.png
53055,1,Minced Beef,500g,https://www.themealdb.com/images/ingredients/Minced_Beef.png
53055,2,Minced Pork,250g,https://www.themealdb.com/images/ingredients/Minced_Pork.png
53055,3,Onion,1,https://www.themealdb.com/images/ingredients/Onion.png
53055,4,Garlic,4 cloves,https://www.themealdb.com/images/ingredients/Garlic.png
53055,5,Parsley,3 tblsp chopped,https://www.themealdb.com/images/ingredients/Parsley.png
53055,6,Paprika,1 tbs,https://www.themealdb.com/images/ingredients/Paprika.png
53055,7,Baking Powder,3/4 teaspoon,https://www.themealdb.com/images/ingredients/Baking_Powder.png
53055,8,Breadcrumbs,2 tbs,https://www.themealdb.com/images/ingredients/Breadcrumbs.png
53055,9,Water,3 tbs,https://www.themealdb.com/images/ingredients/Water.png
53055,10,Vegetable Stock Cube,1,https://www.themealdb.com/images/ingredients/Vegetable_Stock_Cube.png
53055,11,Salt,1 tsp,https://www.themealdb.com/images/ingredients/Salt.png
53055,12,Pepper,1 tsp,https://www.themealdb.com/images/ingredients/Pepper.png
53319,1,Milk,80g,https://www.themealdb.com/images/ingredients/Milk.png
53319,2,Butter,60g,https://www.themealdb.com/images/ingredients/Butter.png
53319,3,Molasses,1 tablespoon,https://www.themealdb.com/images/ingredients/Molasses.png
53319,4,Water,220g,https://www.themealdb.com/images/ingredients/Water.png
53319,5,Egg,9,https://www.themealdb.com/images/ingredients/Egg.png
53319,6,Bread Flour,500g,https://www.themealdb.com/images/ingredients/Bread_Flour.png
53319,7,Salt,10g,https://www.themealdb.com/images/ingredients/Salt.png
53319,8,Yeast,10g,https://www.themealdb.com/images/ingredients/Yeast.png
53319,9,Egg Wash,Splash,https://www.themealdb.com/images/ingredients/Egg_Wash.png
53319,10,Sesame Seed,Sprinkling,https://www.themealdb.com/images/ingredients/Sesame_Seed.png
53319,11,Onion,4,https://www.themealdb.com/images/ingredients/Onion.png
53319,12,Sirloin steak,8,https://www.themealdb.com/images/ingredients/Sirloin_steak.png
53319,13,Garlic,To serve,https://www.themealdb.com/images/ingredients/Garlic.png
53319,14,Bacon,8,https://www.themealdb.com/images/ingredients/Bacon.png
53319,15,Ham,8 slices,https://www.themealdb.com/images/ingredients/Ham.png
53319,16,Mozzarella,8 slices,https://www.themealdb.com/images/ingredients/Mozzarella.png
53319,17,Tomato,4,https://www.themealdb.com/images/ingredients/Tomato.png
53319,18,Lettuce,1/4,https://www.themealdb.com/images/ingredients/Lettuce.png
53319,19,Mustard,To serve,https://www.themealdb.com/images/ingredients/Mustard.png
53319,20,Chimichurri sauce,To serve,https://www.themealdb.com/images/ingredients/Chimichurri_sauce.png
53063,1,Beef Brisket,2,https://www.themealdb.com/images/ingredients/Beef_Brisket.png
53063,2,Bread,2,https://www.themealdb.com/images/ingredients/Bread.png
53063,3,Lettuce,1,https://www.themealdb.com/images/ingredients/Lettuce.png
53063,4,Tomato,1,https://www.themealdb.com/images/ingredients/Tomato.png
53063,5,Ham,100g,https://www.themealdb.com/images/ingredients/Ham.png
53063,6,Mozzarella,100g,https://www.themealdb.com/images/ingredients/Mozzarella.png
53063,7,Bacon,100g,https://www.themealdb.com/images/ingredients/Bacon.png
53063,8,Egg,1,https://www.themealdb.com/images/ingredients/Egg.png
53063,9,Onion,1,https://www.themealdb.com/images/ingredients/Onion.png
53063,10,Pepper,1,https://www.themealdb.com/images/ingredients/Pepper.png
53343,1,Canola Oil,2 tablespoons,https://www.themealdb.com/images/ingredients/Canola_Oil.png
53343,2,Onion,1 chopped,https://www.themealdb.com/images/ingredients/Onion.png
53343,3,Garlic,2 cloves minced,https://www.themealdb.com/images/ingredients/Garlic.png
53343,4,Ground Beef,1 lb,https://www.themealdb.com/images/ingredients/Ground_Beef.png
53343,5,Ground Pork,1 lb,https://www.themealdb.com/images/ingredients/Ground_Pork.png
53343,6,Dried Leaves Of Summer Savoury,1 tsp,https://www.themealdb.com/images/ingredients/Dried_Leaves_Of_Summer_Savoury.png
53343,7,Salt,To taste,https://www.themealdb.com/images/ingredients/Salt.png
53343,8,Pepper,To taste,https://www.themealdb.com/images/ingredients/Pepper.png
53343,9,Ground Clove,1/2 tsp,https://www.themealdb.com/images/ingredients/Ground_Clove.png
53343,10,Ground Nutmeg,1/2 tsp,https://www.themealdb.com/images/ingredients/Ground_Nutmeg.png
53343,11,Bay Leaf,1,https://www.themealdb.com/images/ingredients/Bay_Leaf.png
53343,12,Beef Stock,1 cup,https://www.themealdb.com/images/ingredients/Beef_Stock.png
53343,13,Russet Potato,1 small,https://www.themealdb.com/images/ingredients/Russet_Potato.png
53343,14,Shortcrust Pastry,4,https://www.themealdb.com/images/ingredients/Shortcrust_Pastry.png
53343,15,Egg,1 beaten,https://www.themealdb.com/images/ingredients/Egg.png
52998,1,Beef Brisket,3 Lbs,https://www.themealdb.com/images/ingredients/Beef_Brisket.png
52998,2,Small Potatoes,10,https://www.themealdb.com/images/ingredients/Small_Potatoes.png
52998,3,Carrots,5,https://www.themealdb.com/images/ingredients/Carrots.png
52998,4,Cabbage,1 head,https://www.themealdb.com/images/ingredients/Cabbage.png
53350,1,Olive Oil,1 tablespoon,https://www.themealdb.com/images/ingredients/Olive_Oil.png
53350,2,Cabbage,1/2,https://www.themealdb.com/images/ingredients/Cabbage.png
53350,3,Green Pepper,1 chopped,https://www.themealdb.com/images/ingredients/Green_Pepper.png
53350,4,Onion,1 chopped,https://www.themealdb.com/images/ingredients/Onion.png
53350,5,Garlic,2 cloves minced,https://www.themealdb.com/images/ingredients/Garlic.png
53350,6,Corned Beef,12 ounces,https://www.themealdb.com/images/ingredients/Corned_Beef.png
53350,7,Plum Tomatoes,2 chopped,https://www.themealdb.com/images/ingredients/Plum_Tomatoes.png
53350,8,Thyme,2 sprigs,https://www.themealdb.com/images/ingredients/Thyme.png
53350,9,Tomato Ketchup,1 tablespoon,https://www.themealdb.com/images/ingredients/Tomato_Ketchup.png
53350,10,Salt,To taste,https://www.themealdb.com/images/ingredients/Salt.png
53350,11,Pepper,To taste,https://www.themealdb.com/images/ingredients/Pepper.png
53096,1,Unsalted Butter,3  tablespoons,https://www.themealdb.com/images/ingredients/Unsalted_Butter.png
53096,2,Onion,1 medium chopped,https://www.themealdb.com/images/ingredients/Onion.png
53096,3,Corned Beef,3 Cups,https://www.themealdb.com/images/ingredients/Corned_Beef.png
53096,4,Potatoes,3 chopped,https://www.themealdb.com/images/ingredients/Potatoes.png
53096,5,Kosher Salt,Dash,https://www.themealdb.com/images/ingredients/Kosher_Salt.png
53096,6,Black Pepper,Dash,https://www.themealdb.com/images/ingredients/Black_Pepper.png
53096,7,Freshly Chopped Parsley,Chopped,https://www.themealdb.com/images/ingredients/Freshly_Chopped_Parsley.png
53058,1,Cannellini Beans,2 cans,https://www.themealdb.com/images/ingredients/Cannellini_Beans.png
53058,2,Vegetable Oil,3 tbs,https://www.themealdb.com/images/ingredients/Vegetable_Oil.png
53058,3,Tomatoes,2 cups,https://www.themealdb.com/images/ingredients/Tomatoes.png
53058,4,Challots,5,https://www.themealdb.com/images/ingredients/Challots.png
53058,5,Garlic,2 cloves,https://www.themealdb.com/images/ingredients/Garlic.png
53058,6,Parsley,Pinch,https://www.themealdb.com/images/ingredients/Parsley.png
53058,7,Chorizo,1/2 kg chopped,https://www.themealdb.com/images/ingredients/Chorizo.png
53056,1,Potatoes,600g,https://www.themealdb.com/images/ingredients/Potatoes.png
53056,2,Courgettes,1 chopped,https://www.themealdb.com/images/ingredients/Courgettes.png
53056,3,Carrots,1 chopped,https://www.themealdb.com/images/ingredients/Carrots.png
53056,4,Green Pepper,1 chopped,https://www.themealdb.com/images/ingredients/Green_Pepper.png
53056,5,Aubergine,1 small,https://www.themealdb.com/images/ingredients/Aubergine.png
53056,6,Onion,1 Large Chopped,https://www.themealdb.com/images/ingredients/Onion.png
53056,7,Lamb Shoulder,800g,https://www.themealdb.com/images/ingredients/Lamb_Shoulder.png
53056,8,Garlic Sauce,1 tbs,https://www.themealdb.com/images/ingredients/Garlic_Sauce.png
53056,9,Tomato Puree,1 tbs,https://www.themealdb.com/images/ingredients/Tomato_Puree.png
53056,10,Olive Oil,80 ml,https://www.themealdb.com/images/ingredients/Olive_Oil.png
53056,11,Thyme,Sprinking,https://www.themealdb.com/images/ingredients/Thyme.png
53056,12,White Wine,250ml,https://www.themealdb.com/images/ingredients/White_Wine.png
53056,13,Pepper,Pinch,https://www.themealdb.com/images/ingredients/Pepper.png
53098,1,Celery,2,https://www.themealdb.com/images/ingredients/Celery.png
53098,2,Onion,1 chopped,https://www.themealdb.com/images/ingredients/Onion.png
53098,3,Carrots,2 large,https://www.themealdb.com/images/ingredients/Carrots.png
53098,4,Bay Leaves,5,https://www.themealdb.com/images/ingredients/Bay_Leaves.png
53098,5,Thyme,3,https://www.themealdb.com/images/ingredients/Thyme.png
53098,6,Vegetable Oil,2 tblsp,https://www.themealdb.com/images/ingredients/Vegetable_Oil.png
53098,7,Butter,1 tablespoon,https://www.themealdb.com/images/ingredients/Butter.png
53098,8,Flour,2 tablespoons,https://www.themealdb.com/images/ingredients/Flour.png
53098,9,Tomato Puree,2 tblsp,https://www.themealdb.com/images/ingredients/Tomato_Puree.png
53098,10,Worcestershire Sauce,2 tablespoons,https://www.themealdb.com/images/ingredients/Worcestershire_Sauce.png
53098,11,Beef Stock Cubes,2,https://www.themealdb.com/images/ingredients/Beef_Stock_Cubes.png
53098,12,Feather blade beef,800g,https://www.themealdb.com/images/ingredients/Feather_blade_beef.png
53098,13,Potatoes,800g,https://www.themealdb.com/images/ingredients/Potatoes.png
53098,14,Mature Cheddar,25g,https://www.themealdb.com/images/ingredients/Mature_Cheddar.png
53098,15,Parmesan Cheese,25g,https://www.themealdb.com/images/ingredients/Parmesan_Cheese.png
53193,1,Flat Rice Noodles,200g,https://www.themealdb.com/images/ingredients/Flat_Rice_Noodles.png
53193,2,Vegetable Oil,2 tblsp,https://www.themealdb.com/images/ingredients/Vegetable_Oil.png
53193,3,Garlic,3 cloves Chopped,https://www.themealdb.com/images/ingredients/Garlic.png
53193,4,Birds-eye Chillies,3 chopped,https://www.themealdb.com/images/ingredients/Birds-eye_Chillies.png
53193,5,Sirloin steak,225g,https://www.themealdb.com/images/ingredients/Sirloin_steak.png
53193,6,Broccoli,100g,https://www.themealdb.com/images/ingredients/Broccoli.png
53193,7,Basil Leaves,Handful,https://www.themealdb.com/images/ingredients/Basil_Leaves.png
53193,8,Soy Sauce,4 tbsp,https://www.themealdb.com/images/ingredients/Soy_Sauce.png
53193,9,Oyster Sauce,4 tbsp,https://www.themealdb.com/images/ingredients/Oyster_Sauce.png
53193,10,Fish Sauce,1 teaspoon,https://www.themealdb.com/images/ingredients/Fish_Sauce.png
53193,11,Sugar,1 tblsp,https://www.themealdb.com/images/ingredients/Sugar.png
53031,1,Beef,1lb,https://www.themealdb.com/images/ingredients/Beef.png
53031,2,Onion,1,https://www.themealdb.com/images/ingredients/Onion.png
53031,3,Chicken Stock Cube,1,https://www.themealdb.com/images/ingredients/Chicken_Stock_Cube.png
53031,4,Tomatoes,2,https://www.themealdb.com/images/ingredients/Tomatoes.png
53031,5,Garlic Clove,4,https://www.themealdb.com/images/ingredients/Garlic_Clove.png
53031,6,Tomato Puree,1 tbs,https://www.themealdb.com/images/ingredients/Tomato_Puree.png
53031,7,Rice,2 cups,https://www.themealdb.com/images/ingredients/Rice.png
53031,8,Noodles,1/4 cup,https://www.themealdb.com/images/ingredients/Noodles.png
53031,9,Butter,1/4 cup,https://www.themealdb.com/images/ingredients/Butter.png
53031,10,Olive Oil,2 cups,https://www.themealdb.com/images/ingredients/Olive_Oil.png
53031,11,Pita Bread,1,https://www.themealdb.com/images/ingredients/Pita_Bread.png
53031,12,Cumin,1 tbs,https://www.themealdb.com/images/ingredients/Cumin.png
53031,13,White Wine Vinegar,3 tbs,https://www.themealdb.com/images/ingredients/White_Wine_Vinegar.png
53031,14,Salt,To taste,https://www.themealdb.com/images/ingredients/Salt.png
53031,15,Pepper,To taste,https://www.themealdb.com/images/ingredients/Pepper.png
53134,1,All purpose flour,500g,https://www.themealdb.com/images/ingredients/All_purpose_flour.png
53134,2,Butter,200g,https://www.themealdb.com/images/ingredients/Butter.png
53134,3,Water,120ml,https://www.themealdb.com/images/ingredients/Water.png
53134,4,Salt,1 tsp,https://www.themealdb.com/images/ingredients/Salt.png
53134,5,Ground Beef,500g,https://www.themealdb.com/images/ingredients/Ground_Beef.png
53134,6,Onion,2 chopped,https://www.themealdb.com/images/ingredients/Onion.png
53134,7,Egg,4 Chopped,https://www.themealdb.com/images/ingredients/Egg.png
53134,8,Green Olives,100g,https://www.themealdb.com/images/ingredients/Green_Olives.png
53134,9,Cumin,1 teaspoon,https://www.themealdb.com/images/ingredients/Cumin.png
53134,10,Paprika,1 teaspoon,https://www.themealdb.com/images/ingredients/Paprika.png
53134,11,Salt,To taste,https://www.themealdb.com/images/ingredients/Salt.png
53134,12,Pepper,To taste,https://www.themealdb.com/images/ingredients/Pepper.png
53021,1,Cabbage,1,https://www.themealdb.com/images/ingredients/Cabbage.png
53021,2,Butter,2 tbs,https://www.themealdb.com/images/ingredients/Butter.png
53021,3,Onion,1 chopped,https://www.themealdb.com/images/ingredients/Onion.png
53021,4,Ground Beef,1 lb,https://www.themealdb.com/images/ingredients/Ground_Beef.png
53021,5,Ground Pork,1/2 lb,https://www.themealdb.com/images/ingredients/Ground_Pork.png
53021,6,Rice,1 1/2 cups,https://www.themealdb.com/images/ingredients/Rice.png
53021,7,Garlic,1 tsp,https://www.themealdb.com/images/ingredients/Garlic.png
53021,8,Salt,1 tsp,https://www.themealdb.com/images/ingredients/Salt.png
53021,9,Black Pepper,1/4 tsp,https://www.themealdb.com/images/ingredients/Black_Pepper.png
53021,10,Tomato Puree,3 cans,https://www.themealdb.com/images/ingredients/Tomato_Puree.png
52781,1,whole wheat,300g soaked overnight in water,https://www.themealdb.com/images/ingredients/whole_wheat.png
52781,2,lamb loin chops,2kg cut into 3cm cubes,https://www.themealdb.com/images/ingredients/lamb_loin_chops.png
52781,3,olive oil,120ml,https://www.themealdb.com/images/ingredients/olive_oil.png
52781,4,shallots,24 Skinned,https://www.themealdb.com/images/ingredients/shallots.png
52781,5,Carrots,4 large,https://www.themealdb.com/images/ingredients/Carrots.png
52781,6,turnips,2,https://www.themealdb.com/images/ingredients/turnips.png
52781,7,celeriac,1,https://www.themealdb.com/images/ingredients/celeriac.png
52781,8,charlotte potatoes,350g,https://www.themealdb.com/images/ingredients/charlotte_potatoes.png
52781,9,white wine,150ml,https://www.themealdb.com/images/ingredients/white_wine.png
52781,10,caster sugar,1 tsp,https://www.themealdb.com/images/ingredients/caster_sugar.png
52781,11,fresh thyme,4 sprigs,https://www.themealdb.com/images/ingredients/fresh_thyme.png
52781,12,oregano,4 sprigs,https://www.themealdb.com/images/ingredients/oregano.png
52781,13,chicken stock,450ml,https://www.themealdb.com/images/ingredients/chicken_stock.png
52938,1,Plain Flour,4 cups,https://www.themealdb.com/images/ingredients/Plain_Flour.png
52938,2,Salt,1 tsp,https://www.themealdb.com/images/ingredients/Salt.png
52938,3,Curry Powder,1 tsp,https://www.themealdb.com/images/ingredients/Curry_Powder.png
52938,4,Butter,250g,https://www.themealdb.com/images/ingredients/Butter.png
52938,5,Water,1 cup,https://www.themealdb.com/images/ingredients/Water.png
52938,6,Minced Beef,900g,https://www.themealdb.com/images/ingredients/Minced_Beef.png
52938,7,Allspice,1 tsp,https://www.themealdb.com/images/ingredients/Allspice.png
52938,8,Black Pepper,1/2 tsp,https://www.themealdb.com/images/ingredients/Black_Pepper.png
52938,9,Vegetable Oil,2 tbs,https://www.themealdb.com/images/ingredients/Vegetable_Oil.png
52938,10,Onions,1 cup,https://www.themealdb.com/images/ingredients/Onions.png
52938,11,Red Pepper,Ground,https://www.themealdb.com/images/ingredients/Red_Pepper.png
52938,12,Garlic,2 tsp ground,https://www.themealdb.com/images/ingredients/Garlic.png
52938,13,Thyme,1 tbs,https://www.themealdb.com/images/ingredients/Thyme.png
52938,14,Salt,1/4 tsp,https://www.themealdb.com/images/ingredients/Salt.png
52938,15,Tomato Ketchup,2 tbs,https://www.themealdb.com/images/ingredients/Tomato_Ketchup.png
52938,16,Water,2 cups,https://www.themealdb.com/images/ingredients/Water.png
52938,17,Onions,1/2 cup,https://www.themealdb.com/images/ingredients/Onions.png
52938,18,Egg,1 beaten,https://www.themealdb.com/images/ingredients/Egg.png
52938,19,Water,1 tbs,https://www.themealdb.com/images/ingredients/Water.png
52938,20,Water,1/4 cup,https://www.themealdb.com/images/ingredients/Water.png
53335,1,Beef,2 Lbs,https://www.themealdb.com/images/ingredients/Beef.png
53335,2,Yellow Split Peas,1 cup,https://www.themealdb.com/images/ingredients/Yellow_Split_Peas.png
53335,3,Cabbage,1 head,https://www.themealdb.com/images/ingredients/Cabbage.png
53335,4,Carrots,6,https://www.themealdb.com/images/ingredients/Carrots.png
53335,5,Turnips,1 large,https://www.themealdb.com/images/ingredients/Turnips.png
53335,6,Potatoes,8,https://www.themealdb.com/images/ingredients/Potatoes.png
53335,7,Butter,3  tablespoons,https://www.themealdb.com/images/ingredients/Butter.png
53335,8,Black Pepper,To taste,https://www.themealdb.com/images/ingredients/Black_Pepper.png
53125,1,Onion,2,https://www.themealdb.com/images/ingredients/Onion.png
53125,2,Butter,1 tablespoon,https://www.themealdb.com/images/ingredients/Butter.png
53125,3,Ground Beef,1 lb,https://www.themealdb.com/images/ingredients/Ground_Beef.png
53125,4,Salt,1/2 teaspoon,https://www.themealdb.com/images/ingredients/Salt.png
53125,5,Pepper,1/2 teaspoon,https://www.themealdb.com/images/ingredients/Pepper.png
53125,6,Nutmeg,1/2 teaspoon,https://www.themealdb.com/images/ingredients/Nutmeg.png
53125,7,Cornstarch,1/2 tbs,https://www.themealdb.com/images/ingredients/Cornstarch.png
53125,8,Water,50 ml,https://www.themealdb.com/images/ingredients/Water.png
53125,9,Butter,2 tblsp,https://www.themealdb.com/images/ingredients/Butter.png
53112,1,Water,4 cups,https://www.themealdb.com/images/ingredients/Water.png
53112,2,Sirloin Steak tips,2 Lbs,https://www.themealdb.com/images/ingredients/Sirloin_Steak_tips.png
53112,3,Garlic Clove,4,https://www.themealdb.com/images/ingredients/Garlic_Clove.png
53112,4,Ground Ginger,2 teaspoons,https://www.themealdb.com/images/ingredients/Ground_Ginger.png
53112,5,Oil,2 tblsp,https://www.themealdb.com/images/ingredients/Oil.png
53112,6,Red Onions,2 medium,https://www.themealdb.com/images/ingredients/Red_Onions.png
53112,7,Tomato,4,https://www.themealdb.com/images/ingredients/Tomato.png
53112,8,Paprika,2 tblsp,https://www.themealdb.com/images/ingredients/Paprika.png
53112,9,Black Pepper,1/2 teaspoon,https://www.themealdb.com/images/ingredients/Black_Pepper.png
53112,10,Curry Powder,2 teaspoons,https://www.themealdb.com/images/ingredients/Curry_Powder.png
53112,11,Tomato Puree,4 tablespoons,https://www.themealdb.com/images/ingredients/Tomato_Puree.png
53112,12,Salt,Dash,https://www.themealdb.com/images/ingredients/Salt.png
53112,13,Chilli,1,https://www.themealdb.com/images/ingredients/Chilli.png
53112,14,Cilantro,Leaves,https://www.themealdb.com/images/ingredients/Cilantro.png
53211,1,Ginger,1 tablespoon chopped,https://www.themealdb.com/images/ingredients/Ginger.png
53211,2,Garlic Clove,2 chopped,https://www.themealdb.com/images/ingredients/Garlic_Clove.png
53211,3,Lemongrass Stalks,3,https://www.themealdb.com/images/ingredients/Lemongrass_Stalks.png
53211,4,Coriander Leaves,2 tblsp,https://www.themealdb.com/images/ingredients/Coriander_Leaves.png
53211,5,Red Chilli,2 sliced,https://www.themealdb.com/images/ingredients/Red_Chilli.png
53211,6,Vegetable Oil,2 tblsp,https://www.themealdb.com/images/ingredients/Vegetable_Oil.png
53211,7,Beef,250g,https://www.themealdb.com/images/ingredients/Beef.png
53211,8,Soy Sauce,2 tblsp,https://www.themealdb.com/images/ingredients/Soy_Sauce.png
53211,9,Five Spice Powder,1 tsp,https://www.themealdb.com/images/ingredients/Five_Spice_Powder.png
53211,10,Brown Sugar,1 tsp,https://www.themealdb.com/images/ingredients/Brown_Sugar.png
53211,11,Beef Stock,400ml,https://www.themealdb.com/images/ingredients/Beef_Stock.png
53211,12,Rice Noodles,100g,https://www.themealdb.com/images/ingredients/Rice_Noodles.png
53211,13,Lime,To serve,https://www.themealdb.com/images/ingredients/Lime.png
52947,1,Tofu,450g,https://www.themealdb.com/images/ingredients/Tofu.png
52947,2,Minced Beef,100g,https://www.themealdb.com/images/ingredients/Minced_Beef.png
52947,3,Sesame Seed Oil,1/2 tbs,https://www.themealdb.com/images/ingredients/Sesame_Seed_Oil.png
52947,4,Doubanjiang,1 1/2 tsp,https://www.themealdb.com/images/ingredients/Doubanjiang.png
52947,5,Fermented Black Beans,1/2 tsp,https://www.themealdb.com/images/ingredients/Fermented_Black_Beans.png
52947,6,Pepper,1 tbs,https://www.themealdb.com/images/ingredients/Pepper.png
52947,7,Salt,1/2 tsp,https://www.themealdb.com/images/ingredients/Salt.png
52947,8,Sichuan pepper,1/2 tsp,https://www.themealdb.com/images/ingredients/Sichuan_pepper.png
52947,9,Soy Sauce,1 tbs,https://www.themealdb.com/images/ingredients/Soy_Sauce.png
52947,10,Water,400ml,https://www.themealdb.com/images/ingredients/Water.png
52947,11,Olive Oil,2 tbs,https://www.themealdb.com/images/ingredients/Olive_Oil.png
52947,12,Scallions,2 chopped,https://www.themealdb.com/images/ingredients/Scallions.png
52947,13,Spring Onions,4,https://www.themealdb.com/images/ingredients/Spring_Onions.png
52947,14,Garlic,2 cloves chopped,https://www.themealdb.com/images/ingredients/Garlic.png
52947,15,Ginger,4 sliced,https://www.themealdb.com/images/ingredients/Ginger.png
52947,16,Water,2 1/2 tbs,https://www.themealdb.com/images/ingredients/Water.png
52947,17,Cornstarch,1 tbs,https://www.themealdb.com/images/ingredients/Cornstarch.png
52827,1,Peanuts,85g,https://www.themealdb.com/images/ingredients/Peanuts.png
52827,2,Coconut cream,400ml can,https://www.themealdb.com/images/ingredients/Coconut_cream.png
52827,3,Massaman curry paste,4 tbsp,https://www.themealdb.com/images/ingredients/Massaman_curry_paste.png
52827,4,Beef,600g stewing cut into strips,https://www.themealdb.com/images/ingredients/Beef.png
52827,5,Potatoes,450g waxy,https://www.themealdb.com/images/ingredients/Potatoes.png
52827,6,Onion,1 cut thin wedges,https://www.themealdb.com/images/ingredients/Onion.png
52827,7,Lime,4 leaves,https://www.themealdb.com/images/ingredients/Lime.png
52827,8,Cinnamon stick,1,https://www.themealdb.com/images/ingredients/Cinnamon_stick.png
52827,9,Tamarind paste,1 tbsp,https://www.themealdb.com/images/ingredients/Tamarind_paste.png
52827,10,Brown sugar,1 tbsp palm or soft light,https://www.themealdb.com/images/ingredients/Brown_sugar.png
52827,11,Fish Sauce,1 tbsp,https://www.themealdb.com/images/ingredients/Fish_Sauce.png
52827,12,chilli,"1 red deseeded and finely sliced, to serve",https://www.themealdb.com/images/ingredients/chilli.png
52827,13,Jasmine Rice,to serve,https://www.themealdb.com/images/ingredients/Jasmine_Rice.png
53140,1,Beef Flank Steak,1 kg,https://www.themealdb.com/images/ingredients/Beef_Flank_Steak.png
53140,2,Tomato Sauce,200g,https://www.themealdb.com/images/ingredients/Tomato_Sauce.png
53140,3,Mozzarella,200g,https://www.themealdb.com/images/ingredients/Mozzarella.png
53140,4,Oregano,1 tbsp,https://www.themealdb.com/images/ingredients/Oregano.png
53140,5,Green Olives,100g,https://www.themealdb.com/images/ingredients/Green_Olives.png
53140,6,Salt,To taste,https://www.themealdb.com/images/ingredients/Salt.png
53140,7,Pepper,To taste,https://www.themealdb.com/images/ingredients/Pepper.png
53135,1,Beef Cutlet,4,https://www.themealdb.com/images/ingredients/Beef_Cutlet.png
53135,2,Egg,2 Beaten,https://www.themealdb.com/images/ingredients/Egg.png
53135,3,Breadcrumbs,200g,https://www.themealdb.com/images/ingredients/Breadcrumbs.png
53135,4,Parsley,2 tbs chopped,https://www.themealdb.com/images/ingredients/Parsley.png
53135,5,Garlic,2 cloves minced,https://www.themealdb.com/images/ingredients/Garlic.png
53135,6,Salt,To taste,https://www.themealdb.com/images/ingredients/Salt.png
53135,7,Pepper,To taste,https://www.themealdb.com/images/ingredients/Pepper.png
52876,1,Vegetable Oil,2 tbs,https://www.themealdb.com/images/ingredients/Vegetable_Oil.png
52876,2,Minced Beef,500g,https://www.themealdb.com/images/ingredients/Minced_Beef.png
52876,3,Onion,1 chopped,https://www.themealdb.com/images/ingredients/Onion.png
52876,4,Tomato Puree,1 tbls,https://www.themealdb.com/images/ingredients/Tomato_Puree.png
52876,5,Plain Flour,1 ½ tbsp,https://www.themealdb.com/images/ingredients/Plain_Flour.png
52876,6,Mushrooms,75g,https://www.themealdb.com/images/ingredients/Mushrooms.png
52876,7,Beef Stock,250ml,https://www.themealdb.com/images/ingredients/Beef_Stock.png
52876,8,Worcestershire Sauce,Dash,https://www.themealdb.com/images/ingredients/Worcestershire_Sauce.png
52876,9,Shortcrust Pastry,400g,https://www.themealdb.com/images/ingredients/Shortcrust_Pastry.png
52876,10,Egg Yolks,1,https://www.themealdb.com/images/ingredients/Egg_Yolks.png
53109,1,Ready rolled shortcrust pastry,450g,https://www.themealdb.com/images/ingredients/Ready_rolled_shortcrust_pastry.png
53109,2,Sunflower Oil,1 tablespoon,https://www.themealdb.com/images/ingredients/Sunflower_Oil.png
53109,3,Onion,1 small,https://www.themealdb.com/images/ingredients/Onion.png
53109,4,Hot Chilli Powder,2 tsp,https://www.themealdb.com/images/ingredients/Hot_Chilli_Powder.png
53109,5,Ground Cumin,2 tsp,https://www.themealdb.com/images/ingredients/Ground_Cumin.png
53109,6,Minced Beef,250g,https://www.themealdb.com/images/ingredients/Minced_Beef.png
53109,7,Tomato Puree,85g,https://www.themealdb.com/images/ingredients/Tomato_Puree.png
53109,8,Beef Stock,150ml,https://www.themealdb.com/images/ingredients/Beef_Stock.png
53109,9,Ground Cinnamon,Pinch,https://www.themealdb.com/images/ingredients/Ground_Cinnamon.png
53109,10,Kidney Beans,200g,https://www.themealdb.com/images/ingredients/Kidney_Beans.png
53109,11,Potatoes,1 large,https://www.themealdb.com/images/ingredients/Potatoes.png
53109,12,Sour Cream,3  tablespoons,https://www.themealdb.com/images/ingredients/Sour_Cream.png
53109,13,Chopped Chive,2 tablespoons,https://www.themealdb.com/images/ingredients/Chopped_Chive.png
52927,1,Beef Brisket,1,https://www.themealdb.com/images/ingredients/Beef_Brisket.png
52927,2,Salt,3 tbs,https://www.themealdb.com/images/ingredients/Salt.png
52927,3,Black Pepper,3 tbs,https://www.themealdb.com/images/ingredients/Black_Pepper.png
52927,4,Coriander,1 tbs,https://www.themealdb.com/images/ingredients/Coriander.png
52927,5,Sugar,1 tbs,https://www.themealdb.com/images/ingredients/Sugar.png
52927,6,Bay Leaf,1 tsp,https://www.themealdb.com/images/ingredients/Bay_Leaf.png
52927,7,Cloves,1 tsp,https://www.themealdb.com/images/ingredients/Cloves.png
52927,8,Black Pepper,3 tbs,https://www.themealdb.com/images/ingredients/Black_Pepper.png
52927,9,Coriander,1 tbs,https://www.themealdb.com/images/ingredients/Coriander.png
52927,10,Paprika,1 tbs,https://www.themealdb.com/images/ingredients/Paprika.png
52927,11,Garlic,1 tbs,https://www.themealdb.com/images/ingredients/Garlic.png
52927,12,Onion,1 tbs,https://www.themealdb.com/images/ingredients/Onion.png
52927,13,Dill,1 tbs,https://www.themealdb.com/images/ingredients/Dill.png
52927,14,English Mustard,1 tsp,https://www.themealdb.com/images/ingredients/English_Mustard.png
52927,15,Celery Salt,1 tbs,https://www.themealdb.com/images/ingredients/Celery_Salt.png
52927,16,Red Pepper Flakes,1 tsp,https://www.themealdb.com/images/ingredients/Red_Pepper_Flakes.png
53006,1,Beef,500g,https://www.themealdb.com/images/ingredients/Beef.png
53006,2,Aubergine,1 large,https://www.themealdb.com/images/ingredients/Aubergine.png
53006,3,Greek Yogurt,150g,https://www.themealdb.com/images/ingredients/Greek_Yogurt.png
53006,4,Egg,1 beaten,https://www.themealdb.com/images/ingredients/Egg.png
53006,5,Parmesan,3 tbs,https://www.themealdb.com/images/ingredients/Parmesan.png
53006,6,Tomato,400g,https://www.themealdb.com/images/ingredients/Tomato.png
53006,7,Tomato Puree,4 tbs,https://www.themealdb.com/images/ingredients/Tomato_Puree.png
53006,8,Potatoes,350g,https://www.themealdb.com/images/ingredients/Potatoes.png
53029,1,Mulukhiyah,800g,https://www.themealdb.com/images/ingredients/Mulukhiyah.png
53029,2,Onion,1 chopped,https://www.themealdb.com/images/ingredients/Onion.png
53029,3,Beef,300g,https://www.themealdb.com/images/ingredients/Beef.png
53029,4,Salt,1 tsp,https://www.themealdb.com/images/ingredients/Salt.png
53029,5,Water,1 Litre,https://www.themealdb.com/images/ingredients/Water.png
53029,6,Garlic Clove,1,https://www.themealdb.com/images/ingredients/Garlic_Clove.png
53029,7,Olive Oil,1/2 cup,https://www.themealdb.com/images/ingredients/Olive_Oil.png
52943,1,Oxtail,450g,https://www.themealdb.com/images/ingredients/Oxtail.png
52943,2,Onion,1 chopped,https://www.themealdb.com/images/ingredients/Onion.png
52943,3,Spring Onions,1,https://www.themealdb.com/images/ingredients/Spring_Onions.png
52943,4,Garlic,2 cloves minced,https://www.themealdb.com/images/ingredients/Garlic.png
52943,5,Ginger,1 tsp,https://www.themealdb.com/images/ingredients/Ginger.png
52943,6,Scotch Bonnet,1 chopped,https://www.themealdb.com/images/ingredients/Scotch_Bonnet.png
52943,7,Soy Sauce,2 tbs,https://www.themealdb.com/images/ingredients/Soy_Sauce.png
52943,8,Fresh Thyme,1 chopped,https://www.themealdb.com/images/ingredients/Fresh_Thyme.png
52943,9,Vegetable Oil,2 tbs,https://www.themealdb.com/images/ingredients/Vegetable_Oil.png
52943,10,Water,350ml,https://www.themealdb.com/images/ingredients/Water.png
52943,11,Broad Beans,200g,https://www.themealdb.com/images/ingredients/Broad_Beans.png
52943,12,Corn Flour,1 tbs,https://www.themealdb.com/images/ingredients/Corn_Flour.png
52943,13,Water,2 tbs,https://www.themealdb.com/images/ingredients/Water.png
53017,1,Flour,1 cup,https://www.themealdb.com/images/ingredients/Flour.png
53017,2,Salt,1/4 tsp,https://www.themealdb.com/images/ingredients/Salt.png
53017,3,Egg,1 Yolk,https://www.themealdb.com/images/ingredients/Egg.png
53017,4,Egg,1,https://www.themealdb.com/images/ingredients/Egg.png
53017,5,Butter,5 tbs,https://www.themealdb.com/images/ingredients/Butter.png
53017,6,Butter,6 tblsp,https://www.themealdb.com/images/ingredients/Butter.png
53017,7,Onion,1/3 cup,https://www.themealdb.com/images/ingredients/Onion.png
53017,8,Swede,1/2 cup,https://www.themealdb.com/images/ingredients/Swede.png
53017,9,Beef Brisket,1/2 lb,https://www.themealdb.com/images/ingredients/Beef_Brisket.png
53017,10,Eggs,2 Beaten,https://www.themealdb.com/images/ingredients/Eggs.png
53017,11,Salt,1 tsp,https://www.themealdb.com/images/ingredients/Salt.png
53017,12,Pepper,1/4 tsp,https://www.themealdb.com/images/ingredients/Pepper.png
52930,1,Potatoes,4 cups,https://www.themealdb.com/images/ingredients/Potatoes.png
52930,2,Butter,60ml,https://www.themealdb.com/images/ingredients/Butter.png
52930,3,Milk,½ cup,https://www.themealdb.com/images/ingredients/Milk.png
52930,4,Minced Beef,450g,https://www.themealdb.com/images/ingredients/Minced_Beef.png
52930,5,Onion,1 finely chopped,https://www.themealdb.com/images/ingredients/Onion.png
52930,6,Creamed Corn,500ml,https://www.themealdb.com/images/ingredients/Creamed_Corn.png
52930,7,Paprika,to taste,https://www.themealdb.com/images/ingredients/Paprika.png
52930,8,Parsley,to taste,https://www.themealdb.com/images/ingredients/Parsley.png
52930,9,Salt,Dash,https://www.themealdb.com/images/ingredients/Salt.png
52930,10,Pepper,Dash,https://www.themealdb.com/images/ingredients/Pepper.png
53042,1,Garlic,1 clove,https://www.themealdb.com/images/ingredients/Garlic.png
53042,2,Beef Fillet,2 small,https://www.themealdb.com/images/ingredients/Beef_Fillet.png
53042,3,Olive Oil,2 tbs,https://www.themealdb.com/images/ingredients/Olive_Oil.png
53042,4,Vinegar,1 tbs,https://www.themealdb.com/images/ingredients/Vinegar.png
53042,5,Parsley,Leaves,https://www.themealdb.com/images/ingredients/Parsley.png
53042,6,Ciabatta,2,https://www.themealdb.com/images/ingredients/Ciabatta.png
53042,7,Rocket,2 handfulls,https://www.themealdb.com/images/ingredients/Rocket.png
53042,8,Basil Leaves,Small bunch,https://www.themealdb.com/images/ingredients/Basil_Leaves.png
53042,9,Parsley,Small bunch,https://www.themealdb.com/images/ingredients/Parsley.png
53042,10,Jalapeno,1,https://www.themealdb.com/images/ingredients/Jalapeno.png
53042,11,Vinegar,1 tbs,https://www.themealdb.com/images/ingredients/Vinegar.png
53042,12,Spring Onions,2 chopped,https://www.themealdb.com/images/ingredients/Spring_Onions.png
53042,13,Garlic,1/2,https://www.themealdb.com/images/ingredients/Garlic.png
53042,14,Caster Sugar,1/2 tsp,https://www.themealdb.com/images/ingredients/Caster_Sugar.png
52941,1,Kidney Beans,2 cups,https://www.themealdb.com/images/ingredients/Kidney_Beans.png
52941,2,Carrots,1 large,https://www.themealdb.com/images/ingredients/Carrots.png
52941,3,Spring Onions,2 chopped,https://www.themealdb.com/images/ingredients/Spring_Onions.png
52941,4,Thyme,4 sprigs,https://www.themealdb.com/images/ingredients/Thyme.png
52941,5,Onion,1 Diced,https://www.themealdb.com/images/ingredients/Onion.png
52941,6,Black Pepper,1/2 tsp,https://www.themealdb.com/images/ingredients/Black_Pepper.png
52941,7,Red Pepper,2 chopped,https://www.themealdb.com/images/ingredients/Red_Pepper.png
52941,8,Garlic Clove,4 Mashed,https://www.themealdb.com/images/ingredients/Garlic_Clove.png
52941,9,Allspice,1 tbs,https://www.themealdb.com/images/ingredients/Allspice.png
52941,10,Beef,2 Lbs,https://www.themealdb.com/images/ingredients/Beef.png
52941,11,Water,2L,https://www.themealdb.com/images/ingredients/Water.png
52941,12,Potatoes,4,https://www.themealdb.com/images/ingredients/Potatoes.png
52941,13,Plain Flour,1 cup,https://www.themealdb.com/images/ingredients/Plain_Flour.png
52941,14,Water,1/4 cup,https://www.themealdb.com/images/ingredients/Water.png
52941,15,Coconut Milk,1 cup,https://www.themealdb.com/images/ingredients/Coconut_Milk.png
53052,1,Minced Beef,1/4 lb,https://www.themealdb.com/images/ingredients/Minced_Beef.png
53052,2,Onion,1,https://www.themealdb.com/images/ingredients/Onion.png
53052,3,Eggs,3,https://www.themealdb.com/images/ingredients/Eggs.png
53052,4,Chilli,1 tbs,https://www.themealdb.com/images/ingredients/Chilli.png
53052,5,Baguette,1/2,https://www.themealdb.com/images/ingredients/Baguette.png
53052,6,Salt,To taste,https://www.themealdb.com/images/ingredients/Salt.png
53052,7,Pepper,To taste,https://www.themealdb.com/images/ingredients/Pepper.png
53052,8,Mayonnaise,Top,https://www.themealdb.com/images/ingredients/Mayonnaise.png
53217,1,Chuck Roast,1kg,https://www.themealdb.com/images/ingredients/Chuck_Roast.png
53217,2,Beef Stock,1 cup,https://www.themealdb.com/images/ingredients/Beef_Stock.png
53217,3,Lemon Juice,3  tablespoons,https://www.themealdb.com/images/ingredients/Lemon_Juice.png
53217,4,Ground Cumin,1 tablespoon,https://www.themealdb.com/images/ingredients/Ground_Cumin.png
53217,5,Paprika,2 tsp,https://www.themealdb.com/images/ingredients/Paprika.png
53217,6,Salt,1 tsp,https://www.themealdb.com/images/ingredients/Salt.png
53217,7,Ground Ginger,1 tsp,https://www.themealdb.com/images/ingredients/Ground_Ginger.png
53217,8,Turmeric,1 tsp,https://www.themealdb.com/images/ingredients/Turmeric.png
53217,9,Cayenne Pepper,1/2 teaspoon,https://www.themealdb.com/images/ingredients/Cayenne_Pepper.png
53217,10,Ground Cinnamon,1/2 teaspoon,https://www.themealdb.com/images/ingredients/Ground_Cinnamon.png
53217,11,Ground Coriander,1/2 teaspoon,https://www.themealdb.com/images/ingredients/Ground_Coriander.png
53217,12,Ground Clove,1/4 tsp,https://www.themealdb.com/images/ingredients/Ground_Clove.png
52992,1,Potatoes,5,https://www.themealdb.com/images/ingredients/Potatoes.png
52992,2,Carrots,12 ounces,https://www.themealdb.com/images/ingredients/Carrots.png
52992,3,Scallions,1,https://www.themealdb.com/images/ingredients/Scallions.png
52992,4,Garlic,2 cloves,https://www.themealdb.com/images/ingredients/Garlic.png
52992,5,Bread,1 Slice,https://www.themealdb.com/images/ingredients/Bread.png
52992,6,Garlic Powder,1,https://www.themealdb.com/images/ingredients/Garlic_Powder.png
52992,7,Soy Sauce,2,https://www.themealdb.com/images/ingredients/Soy_Sauce.png
52992,8,Ground Beef,1,https://www.themealdb.com/images/ingredients/Ground_Beef.png
52992,9,Vegetable Oil,1 tsp,https://www.themealdb.com/images/ingredients/Vegetable_Oil.png
52992,10,Sugar,2 tsp,https://www.themealdb.com/images/ingredients/Sugar.png
52992,11,Butter,2 tbsp,https://www.themealdb.com/images/ingredients/Butter.png
52770,1,onions,2,https://www.themealdb.com/images/ingredients/onions.png
52770,2,olive oil,1tbsp,https://www.themealdb.com/images/ingredients/olive_oil.png
52770,3,garlic,1 clove,https://www.themealdb.com/images/ingredients/garlic.png
52770,4,lean minced beef,500g,https://www.themealdb.com/images/ingredients/lean_minced_beef.png
52770,5,mushrooms,90g,https://www.themealdb.com/images/ingredients/mushrooms.png
52770,6,dried oregano,1tsp,https://www.themealdb.com/images/ingredients/dried_oregano.png
52770,7,tomatoes,400g can,https://www.themealdb.com/images/ingredients/tomatoes.png
52770,8,hot beef stock,300ml,https://www.themealdb.com/images/ingredients/hot_beef_stock.png
52770,9,tomato puree,1tbsp,https://www.themealdb.com/images/ingredients/tomato_puree.png
52770,10,worcestershire sauce,1tbsp,https://www.themealdb.com/images/ingredients/worcestershire_sauce.png
52770,11,spaghetti,350g,https://www.themealdb.com/images/ingredients/spaghetti.png
52770,12,parmesan,Topping,https://www.themealdb.com/images/ingredients/parmesan.png
53229,1,Brown Rice Noodle,85g,https://www.themealdb.com/images/ingredients/Brown_Rice_Noodle.png
53229,2,Rapeseed Oil,1 tsp,https://www.themealdb.com/images/ingredients/Rapeseed_Oil.png
53229,3,Fillet Of Steak,250g,https://www.themealdb.com/images/ingredients/Fillet_Of_Steak.png
53229,4,Carrots,2,https://www.themealdb.com/images/ingredients/Carrots.png
53229,5,Chinese Cabbage,1/2,https://www.themealdb.com/images/ingredients/Chinese_Cabbage.png
53229,6,Spring Onions,4 finely sliced,https://www.themealdb.com/images/ingredients/Spring_Onions.png
53229,7,Coriander,Handful,https://www.themealdb.com/images/ingredients/Coriander.png
53229,8,Red Chilli,1 sliced,https://www.themealdb.com/images/ingredients/Red_Chilli.png
53229,9,Lime,Juice of 1,https://www.themealdb.com/images/ingredients/Lime.png
53229,10,Brown Sugar,2 tsp,https://www.themealdb.com/images/ingredients/Brown_Sugar.png
53229,11,Rice Vinegar,1 tsp,https://www.themealdb.com/images/ingredients/Rice_Vinegar.png
53229,12,Garlic Clove,1 chopped,https://www.themealdb.com/images/ingredients/Garlic_Clove.png
53229,13,Fish Sauce,1/2 tbs,https://www.themealdb.com/images/ingredients/Fish_Sauce.png
52881,1,Puff Pastry,300g,https://www.themealdb.com/images/ingredients/Puff_Pastry.png
52881,2,Egg White,Beaten,https://www.themealdb.com/images/ingredients/Egg_White.png
52881,3,Egg Yolks,Beaten,https://www.themealdb.com/images/ingredients/Egg_Yolks.png
52881,4,Vegetable Oil,2 tbs,https://www.themealdb.com/images/ingredients/Vegetable_Oil.png
52881,5,Beef,70 ml,https://www.themealdb.com/images/ingredients/Beef.png
52881,6,Lamb Kidney,200g,https://www.themealdb.com/images/ingredients/Lamb_Kidney.png
52881,7,Onions,2 chopped,https://www.themealdb.com/images/ingredients/Onions.png
52881,8,Plain Flour,30g,https://www.themealdb.com/images/ingredients/Plain_Flour.png
52881,9,Beef Stock,85 ml,https://www.themealdb.com/images/ingredients/Beef_Stock.png
52881,10,Salt,pinch,https://www.themealdb.com/images/ingredients/Salt.png
52881,11,Pepper,pinch,https://www.themealdb.com/images/ingredients/Pepper.png
52881,12,Worcestershire Sauce,Dash,https://www.themealdb.com/images/ingredients/Worcestershire_Sauce.png
52935,1,Canola Oil,2 tbs,https://www.themealdb.com/images/ingredients/Canola_Oil.png
52935,2,Beef Fillet,4,https://www.themealdb.com/images/ingredients/Beef_Fillet.png
52935,3,Beef Stock,1 1/2 cup,https://www.themealdb.com/images/ingredients/Beef_Stock.png
52935,4,Butter,2 tbs,https://www.themealdb.com/images/ingredients/Butter.png
52935,5,Garlic,2 cloves minced,https://www.themealdb.com/images/ingredients/Garlic.png
52935,6,Challots,1 medium finely diced,https://www.themealdb.com/images/ingredients/Challots.png
52935,7,Mushrooms,4 oz,https://www.themealdb.com/images/ingredients/Mushrooms.png
52935,8,Brandy,¼ cup,https://www.themealdb.com/images/ingredients/Brandy.png
52935,9,Heavy Cream,¼ cup,https://www.themealdb.com/images/ingredients/Heavy_Cream.png
52935,10,Dijon Mustard,1 tbs,https://www.themealdb.com/images/ingredients/Dijon_Mustard.png
52935,11,Worcestershire Sauce,1 tbs,https://www.themealdb.com/images/ingredients/Worcestershire_Sauce.png
52935,12,Tabasco Sauce,Dash,https://www.themealdb.com/images/ingredients/Tabasco_Sauce.png
52935,13,Parsley,1 tbs minced,https://www.themealdb.com/images/ingredients/Parsley.png
52935,14,Chives,1 tbs minced,https://www.themealdb.com/images/ingredients/Chives.png
52935,15,Salt,to taste,https://www.themealdb.com/images/ingredients/Salt.png
52935,16,Pepper,to taste,https://www.themealdb.com/images/ingredients/Pepper.png
52950,1,Beef,1/2 lb,https://www.themealdb.com/images/ingredients/Beef.png
52950,2,Salt,1/2 tsp,https://www.themealdb.com/images/ingredients/Salt.png
52950,3,Sesame Seed Oil,1 tsp,https://www.themealdb.com/images/ingredients/Sesame_Seed_Oil.png
52950,4,Pepper,1 pinch,https://www.themealdb.com/images/ingredients/Pepper.png
52950,5,Egg White,1,https://www.themealdb.com/images/ingredients/Egg_White.png
52950,6,Starch,3 tbs,https://www.themealdb.com/images/ingredients/Starch.png
52950,7,Oil,4 tbs,https://www.themealdb.com/images/ingredients/Oil.png
52950,8,Ginger,1 tsp,https://www.themealdb.com/images/ingredients/Ginger.png
52950,9,Garlic,1 tsp,https://www.themealdb.com/images/ingredients/Garlic.png
52950,10,Onion,3/4 cup,https://www.themealdb.com/images/ingredients/Onion.png
52950,11,Carrots,1/2 cup,https://www.themealdb.com/images/ingredients/Carrots.png
52950,12,Green Pepper,3/4 cup,https://www.themealdb.com/images/ingredients/Green_Pepper.png
52950,13,Celery,1 cup,https://www.themealdb.com/images/ingredients/Celery.png
52950,14,Mushrooms,1 cup,https://www.themealdb.com/images/ingredients/Mushrooms.png
52950,15,Cooking wine,1 tbs,https://www.themealdb.com/images/ingredients/Cooking_wine.png
52950,16,Water,1 cup,https://www.themealdb.com/images/ingredients/Water.png
52950,17,Oyster Sauce,1 tbs,https://www.themealdb.com/images/ingredients/Oyster_Sauce.png
52950,18,Hotsauce,1/2 tsp,https://www.themealdb.com/images/ingredients/Hotsauce.png
52950,19,Sugar,1 tsp,https://www.themealdb.com/images/ingredients/Sugar.png
52950,20,Soy Sauce,1 tbs,https://www.themealdb.com/images/ingredients/Soy_Sauce.png
53199,1,Vegetable Oil,2 tbsp,https://www.themealdb.com/images/ingredients/Vegetable_Oil.png
53199,2,Beef,400g,https://www.themealdb.com/images/ingredients/Beef.png
53199,3,Red Chilli,1 sliced,https://www.themealdb.com/images/ingredients/Red_Chilli.png
53199,4,Oyster Sauce,2 tblsp,https://www.themealdb.com/images/ingredients/Oyster_Sauce.png
53199,5,Basil Leaves,Handful,https://www.themealdb.com/images/ingredients/Basil_Leaves.png
53057,1,Beef,500g,https://www.themealdb.com/images/ingredients/Beef.png
53057,2,Onions,2 chopped,https://www.themealdb.com/images/ingredients/Onions.png
53057,3,Carrots,2 chopped,https://www.themealdb.com/images/ingredients/Carrots.png
53057,4,Garlic,2 cloves,https://www.themealdb.com/images/ingredients/Garlic.png
53057,5,Bay Leaf,2,https://www.themealdb.com/images/ingredients/Bay_Leaf.png
53057,6,Red Wine,200ml,https://www.themealdb.com/images/ingredients/Red_Wine.png
53057,7,Water,2 Litres,https://www.themealdb.com/images/ingredients/Water.png
53057,8,Mustard,3 tbs,https://www.themealdb.com/images/ingredients/Mustard.png
53057,9,Salt,1tbsp,https://www.themealdb.com/images/ingredients/Salt.png
53057,10,Pepper,1/2 tsp,https://www.themealdb.com/images/ingredients/Pepper.png
53057,11,Paprika,1/2 tsp,https://www.themealdb.com/images/ingredients/Paprika.png
53057,12,Vegetable Oil,2 tbs,https://www.themealdb.com/images/ingredients/Vegetable_Oil.png
53251,1,Strong white bread flour,500g,https://www.themealdb.com/images/ingredients/Strong_white_bread_flour.png
53251,2,Fast action yeast,10g,https://www.themealdb.com/images/ingredients/Fast_action_yeast.png
53251,3,Corn Flour,Sprinkling,https://www.themealdb.com/images/ingredients/Corn_Flour.png
53251,4,Tomato,2,https://www.themealdb.com/images/ingredients/Tomato.png
53251,5,Green Chilli,2,https://www.themealdb.com/images/ingredients/Green_Chilli.png
53251,6,Spring Onions,4 Chopped,https://www.themealdb.com/images/ingredients/Spring_Onions.png
53251,7,Parsley,Bunch,https://www.themealdb.com/images/ingredients/Parsley.png
53251,8,Ground Beef,250g,https://www.themealdb.com/images/ingredients/Ground_Beef.png
53251,9,Chilli Flakes,2 tsp,https://www.themealdb.com/images/ingredients/Chilli_Flakes.png
53251,10,Ground Cumin,Pinch,https://www.themealdb.com/images/ingredients/Ground_Cumin.png
53251,11,Allspice,1 tsp,https://www.themealdb.com/images/ingredients/Allspice.png
53251,12,Olive Oil,2 tablespoons,https://www.themealdb.com/images/ingredients/Olive_Oil.png
53251,13,Lemon,1/2,https://www.themealdb.com/images/ingredients/Lemon.png
53251,14,Red Onions,1,https://www.themealdb.com/images/ingredients/Red_Onions.png
53000,1,Potatoes,3 Lbs,https://www.themealdb.com/images/ingredients/Potatoes.png
53000,2,Small Potatoes,3 Lbs,https://www.themealdb.com/images/ingredients/Small_Potatoes.png
53000,3,Salted Butter,1/2 cup,https://www.themealdb.com/images/ingredients/Salted_Butter.png
53000,4,Mushrooms,1 oz,https://www.themealdb.com/images/ingredients/Mushrooms.png
53000,5,Brown Lentils,3/4 cup,https://www.themealdb.com/images/ingredients/Brown_Lentils.png
53000,6,Garlic,6 cloves,https://www.themealdb.com/images/ingredients/Garlic.png
53000,7,Kosher Salt,1 tsp,https://www.themealdb.com/images/ingredients/Kosher_Salt.png
53000,8,Onion,3 cups,https://www.themealdb.com/images/ingredients/Onion.png
53000,9,Tomato Puree,2 tbsp,https://www.themealdb.com/images/ingredients/Tomato_Puree.png
53000,10,Bay Leaves,,https://www.themealdb.com/images/ingredients/Bay_Leaves.png
53000,11,Olive Oil,,https://www.themealdb.com/images/ingredients/Olive_Oil.png
53000,12,Dry White Wine,2 cups,https://www.themealdb.com/images/ingredients/Dry_White_Wine.png
53000,13,Vegetable Stock,8 cups,https://www.themealdb.com/images/ingredients/Vegetable_Stock.png
53000,14,Cornstarch,2 tbsp,https://www.themealdb.com/images/ingredients/Cornstarch.png
53000,15,Soy Sauce,2 tsp,https://www.themealdb.com/images/ingredients/Soy_Sauce.png
53000,16,Rosemary,2 sprigs,https://www.themealdb.com/images/ingredients/Rosemary.png
53000,17,Parsley,,https://www.themealdb.com/images/ingredients/Parsley.png
53000,18,Sage,,https://www.themealdb.com/images/ingredients/Sage.png
53000,19,Chives,,https://www.themealdb.com/images/ingredients/Chives.png
53326,1,Hind Shank,2 Lbs,https://www.themealdb.com/images/ingredients/Hind_Shank.png
53326,2,Onion,2 small,https://www.themealdb.com/images/ingredients/Onion.png
53326,3,Pepper,1/2,https://www.themealdb.com/images/ingredients/Pepper.png
53326,4,Garlic,4 Cloves Chopped,https://www.themealdb.com/images/ingredients/Garlic.png
53326,5,Garlic,4 Cloves Crushed,https://www.themealdb.com/images/ingredients/Garlic.png
53326,6,Leek,1,https://www.themealdb.com/images/ingredients/Leek.png
53326,7,Beef Stock,8 cups,https://www.themealdb.com/images/ingredients/Beef_Stock.png
53326,8,Sweet Red Peppers,1/2 cup,https://www.themealdb.com/images/ingredients/Sweet_Red_Peppers.png
53326,9,Scallions,1/2 cup,https://www.themealdb.com/images/ingredients/Scallions.png
53326,10,Sweetcorn,2,https://www.themealdb.com/images/ingredients/Sweetcorn.png
53326,11,Cassaba,1/2 lb,https://www.themealdb.com/images/ingredients/Cassaba.png
53326,12,Yautia,1/2 lb,https://www.themealdb.com/images/ingredients/Yautia.png
53326,13,White Yam,1/2 lb,https://www.themealdb.com/images/ingredients/White_Yam.png
53326,14,Butternut Squash,1/2 lb,https://www.themealdb.com/images/ingredients/Butternut_Squash.png
53326,15,Salt,To taste,https://www.themealdb.com/images/ingredients/Salt.png
53326,16,Pepper,To taste,https://www.themealdb.com/images/ingredients/Pepper.png
53326,17,Cilantro,Chopped,https://www.themealdb.com/images/ingredients/Cilantro.png
53328,1,Skirty Steak,2 Lbs,https://www.themealdb.com/images/ingredients/Skirty_Steak.png
53328,2,Garlic,2 cloves minced,https://www.themealdb.com/images/ingredients/Garlic.png
53328,3,Onion,1 chopped,https://www.themealdb.com/images/ingredients/Onion.png
53328,4,Onion,1 sliced,https://www.themealdb.com/images/ingredients/Onion.png
53328,5,Red Pepper,1 sliced,https://www.themealdb.com/images/ingredients/Red_Pepper.png
53328,6,Tomato,3 sliced thinly,https://www.themealdb.com/images/ingredients/Tomato.png
53328,7,Beef Stock,4 cups,https://www.themealdb.com/images/ingredients/Beef_Stock.png
53328,8,Worcestershire Sauce,2 tsp,https://www.themealdb.com/images/ingredients/Worcestershire_Sauce.png
53328,9,Tomato Puree,1 tablespoon,https://www.themealdb.com/images/ingredients/Tomato_Puree.png
53328,10,Cumin,1 tsp,https://www.themealdb.com/images/ingredients/Cumin.png
53328,11,Tomato Ketchup,1/4 cup,https://www.themealdb.com/images/ingredients/Tomato_Ketchup.png
53328,12,Salt,To taste,https://www.themealdb.com/images/ingredients/Salt.png
53328,13,Pepper,To taste,https://www.themealdb.com/images/ingredients/Pepper.png
53328,14,Olive Oil,1 tablespoon,https://www.themealdb.com/images/ingredients/Olive_Oil.png
53085,1,Chicken Breasts,2,https://www.themealdb.com/images/ingredients/Chicken_Breasts.png
53085,2,Oil,1 tbsp,https://www.themealdb.com/images/ingredients/Oil.png
53085,3,Hotsauce,4 tbsp,https://www.themealdb.com/images/ingredients/Hotsauce.png
53085,4,Lemon Juice,½,https://www.themealdb.com/images/ingredients/Lemon_Juice.png
53085,5,Buns,2,https://www.themealdb.com/images/ingredients/Buns.png
53085,6,Cheese,250g,https://www.themealdb.com/images/ingredients/Cheese.png
53085,7,Cabbage,¼,https://www.themealdb.com/images/ingredients/Cabbage.png
53085,8,Mayonnaise,2 tbsp,https://www.themealdb.com/images/ingredients/Mayonnaise.png
53085,9,Sour Cream,4 tbsp,https://www.themealdb.com/images/ingredients/Sour_Cream.png
53085,10,Lettuce,4 leaves,https://www.themealdb.com/images/ingredients/Lettuce.png
53085,11,Red Pepper,2,https://www.themealdb.com/images/ingredients/Red_Pepper.png
53050,1,Chicken Thighs,6,https://www.themealdb.com/images/ingredients/Chicken_Thighs.png
53050,2,Challots,16,https://www.themealdb.com/images/ingredients/Challots.png
53050,3,Ginger,1 1/2,https://www.themealdb.com/images/ingredients/Ginger.png
53050,4,Garlic Clove,6,https://www.themealdb.com/images/ingredients/Garlic_Clove.png
53050,5,Cayenne Pepper,8,https://www.themealdb.com/images/ingredients/Cayenne_Pepper.png
53050,6,Turmeric,2 tbs,https://www.themealdb.com/images/ingredients/Turmeric.png
53050,7,Cumin,1 1/2,https://www.themealdb.com/images/ingredients/Cumin.png
53050,8,Coriander,1 1/2,https://www.themealdb.com/images/ingredients/Coriander.png
53050,9,Fennel,1 1/2,https://www.themealdb.com/images/ingredients/Fennel.png
53050,10,Tamarind Paste,2 tbs,https://www.themealdb.com/images/ingredients/Tamarind_Paste.png
53050,11,Coconut Milk,1 can,https://www.themealdb.com/images/ingredients/Coconut_Milk.png
53050,12,Sugar,1 tsp,https://www.themealdb.com/images/ingredients/Sugar.png
53050,13,Water,1 cup,https://www.themealdb.com/images/ingredients/Water.png
52940,1,Chicken,1 whole,https://www.themealdb.com/images/ingredients/Chicken.png
52940,2,Tomato,1 chopped,https://www.themealdb.com/images/ingredients/Tomato.png
52940,3,Onions,2 chopped,https://www.themealdb.com/images/ingredients/Onions.png
52940,4,Garlic Clove,2 chopped,https://www.themealdb.com/images/ingredients/Garlic_Clove.png
52940,5,Red Pepper,1 chopped,https://www.themealdb.com/images/ingredients/Red_Pepper.png
52940,6,Carrots,1 chopped,https://www.themealdb.com/images/ingredients/Carrots.png
52940,7,Lime,1,https://www.themealdb.com/images/ingredients/Lime.png
52940,8,Thyme,2 tsp,https://www.themealdb.com/images/ingredients/Thyme.png
52940,9,Allspice,1 tsp,https://www.themealdb.com/images/ingredients/Allspice.png
52940,10,Soy Sauce,2 tbs,https://www.themealdb.com/images/ingredients/Soy_Sauce.png
52940,11,Cornstarch,2 tsp,https://www.themealdb.com/images/ingredients/Cornstarch.png
52940,12,Coconut Milk,2 cups,https://www.themealdb.com/images/ingredients/Coconut_Milk.png
52940,13,Vegetable Oil,1 tbs,https://www.themealdb.com/images/ingredients/Vegetable_Oil.png
53016,1,Chicken Breast,1,https://www.themealdb.com/images/ingredients/Chicken_Breast.png
53016,2,Pickle Juice,1/4 cup,https://www.themealdb.com/images/ingredients/Pickle_Juice.png
53016,3,Egg,1,https://www.themealdb.com/images/ingredients/Egg.png
53016,4,Milk,1/4 cup,https://www.themealdb.com/images/ingredients/Milk.png
53016,5,Flour,1/2 cup,https://www.themealdb.com/images/ingredients/Flour.png
53016,6,Icing Sugar,1 tbs,https://www.themealdb.com/images/ingredients/Icing_Sugar.png
53016,7,Paprika,1/2 tsp,https://www.themealdb.com/images/ingredients/Paprika.png
53016,8,Salt,1/2 tsp,https://www.themealdb.com/images/ingredients/Salt.png
53016,9,Black Pepper,1/4 tsp,https://www.themealdb.com/images/ingredients/Black_Pepper.png
53016,10,Garlic Powder,1/4 tsp,https://www.themealdb.com/images/ingredients/Garlic_Powder.png
53016,11,Celery Salt,1/4 tsp,https://www.themealdb.com/images/ingredients/Celery_Salt.png
53016,12,Cayenne Pepper,1/2 tsp,https://www.themealdb.com/images/ingredients/Cayenne_Pepper.png
53016,13,Olive Oil,1 cup,https://www.themealdb.com/images/ingredients/Olive_Oil.png
53016,14,Sesame Seed Burger Buns,1,https://www.themealdb.com/images/ingredients/Sesame_Seed_Burger_Buns.png
53161,1,Oil,1 tblsp,https://www.themealdb.com/images/ingredients/Oil.png
53161,2,Chicken,1 whole,https://www.themealdb.com/images/ingredients/Chicken.png
53161,3,Onion,1 Large Chopped,https://www.themealdb.com/images/ingredients/Onion.png
53161,4,Red Pepper,1 chopped,https://www.themealdb.com/images/ingredients/Red_Pepper.png
53161,5,Garlic,3 Cloves Crushed,https://www.themealdb.com/images/ingredients/Garlic.png
53161,6,Chorizo,225g,https://www.themealdb.com/images/ingredients/Chorizo.png
53161,7,Tomato Puree,1 tblsp,https://www.themealdb.com/images/ingredients/Tomato_Puree.png
53161,8,Thyme,1 tablespoon chopped,https://www.themealdb.com/images/ingredients/Thyme.png
53161,9,White Wine,150ml,https://www.themealdb.com/images/ingredients/White_Wine.png
53161,10,Chicken Stock,800ml,https://www.themealdb.com/images/ingredients/Chicken_Stock.png
53161,11,Rice,400g,https://www.themealdb.com/images/ingredients/Rice.png
53161,12,Parsley,2 tbs chopped,https://www.themealdb.com/images/ingredients/Parsley.png
52846,1,Butter,50g,https://www.themealdb.com/images/ingredients/Butter.png
52846,2,Onion,1 chopped,https://www.themealdb.com/images/ingredients/Onion.png
52846,3,Mushrooms,100g,https://www.themealdb.com/images/ingredients/Mushrooms.png
52846,4,Plain Flour,40g,https://www.themealdb.com/images/ingredients/Plain_Flour.png
52846,5,Chicken Stock Cube,1,https://www.themealdb.com/images/ingredients/Chicken_Stock_Cube.png
52846,6,Nutmeg,pinch,https://www.themealdb.com/images/ingredients/Nutmeg.png
52846,7,Mustard Powder,pinch,https://www.themealdb.com/images/ingredients/Mustard_Powder.png
52846,8,Chicken,250g,https://www.themealdb.com/images/ingredients/Chicken.png
52846,9,Sweetcorn,2 Handfuls,https://www.themealdb.com/images/ingredients/Sweetcorn.png
52846,10,Potatoes,2 large,https://www.themealdb.com/images/ingredients/Potatoes.png
52846,11,Butter,1 knob,https://www.themealdb.com/images/ingredients/Butter.png
52796,1,Butter,2 tablespoons,https://www.themealdb.com/images/ingredients/Butter.png
52796,2,Olive Oil,3 tablespoons,https://www.themealdb.com/images/ingredients/Olive_Oil.png
52796,3,Chicken,5 boneless,https://www.themealdb.com/images/ingredients/Chicken.png
52796,4,Salt,1 teaspoon,https://www.themealdb.com/images/ingredients/Salt.png
52796,5,Squash,1 cut into 1/2-inch cubes,https://www.themealdb.com/images/ingredients/Squash.png
52796,6,Broccoli,1 Head chopped,https://www.themealdb.com/images/ingredients/Broccoli.png
52796,7,mushrooms,8-ounce sliced,https://www.themealdb.com/images/ingredients/mushrooms.png
52796,8,Pepper,1 red,https://www.themealdb.com/images/ingredients/Pepper.png
52796,9,onion,1 chopped,https://www.themealdb.com/images/ingredients/onion.png
52796,10,garlic,3 cloves,https://www.themealdb.com/images/ingredients/garlic.png
52796,11,red pepper flakes,1/2 teaspoon,https://www.themealdb.com/images/ingredients/red_pepper_flakes.png
52796,12,white wine,1/2 cup,https://www.themealdb.com/images/ingredients/white_wine.png
52796,13,milk,1/2 cup,https://www.themealdb.com/images/ingredients/milk.png
52796,14,heavy cream,1/2 cup,https://www.themealdb.com/images/ingredients/heavy_cream.png
52796,15,Parmesan cheese,1 cup grated,https://www.themealdb.com/images/ingredients/Parmesan_cheese.png
52796,16,bowtie pasta,16 ounces,https://www.themealdb.com/images/ingredients/bowtie_pasta.png
52796,17,Salt,pinch,https://www.themealdb.com/images/ingredients/Salt.png
52796,18,Pepper,pinch,https://www.themealdb.com/images/ingredients/Pepper.png
52796,19,Parsley,chopped,https://www.themealdb.com/images/ingredients/Parsley.png
52934,1,Chicken,1.5kg,https://www.themealdb.com/images/ingredients/Chicken.png
52934,2,Butter,25g,https://www.themealdb.com/images/ingredients/Butter.png
52934,3,Olive Oil,6 tblsp,https://www.themealdb.com/images/ingredients/Olive_Oil.png
52934,4,Red Onions,2 sliced,https://www.themealdb.com/images/ingredients/Red_Onions.png
52934,5,Red Pepper,3 Large,https://www.themealdb.com/images/ingredients/Red_Pepper.png
52934,6,Chorizo,130g,https://www.themealdb.com/images/ingredients/Chorizo.png
52934,7,Sun-Dried Tomatoes,8,https://www.themealdb.com/images/ingredients/Sun-Dried_Tomatoes.png
52934,8,Garlic,6 cloves sliced,https://www.themealdb.com/images/ingredients/Garlic.png
52934,9,Basmati Rice,300g,https://www.themealdb.com/images/ingredients/Basmati_Rice.png
52934,10,Tomato Puree,drizzle,https://www.themealdb.com/images/ingredients/Tomato_Puree.png
52934,11,Paprika,½ tsp,https://www.themealdb.com/images/ingredients/Paprika.png
52934,12,Bay Leaves,4,https://www.themealdb.com/images/ingredients/Bay_Leaves.png
52934,13,Thyme,Handful,https://www.themealdb.com/images/ingredients/Thyme.png
52934,14,Chicken Stock,350ml,https://www.themealdb.com/images/ingredients/Chicken_Stock.png
52934,15,Dry White Wine,180g,https://www.themealdb.com/images/ingredients/Dry_White_Wine.png
52934,16,Lemons,2,https://www.themealdb.com/images/ingredients/Lemons.png
52934,17,Black Olives,100g,https://www.themealdb.com/images/ingredients/Black_Olives.png
52934,18,Salt,to serve,https://www.themealdb.com/images/ingredients/Salt.png
52934,19,Pepper,to serve,https://www.themealdb.com/images/ingredients/Pepper.png
52956,1,Chicken,8 oz,https://www.themealdb.com/images/ingredients/Chicken.png
52956,2,Salt,pinch,https://www.themealdb.com/images/ingredients/Salt.png
52956,3,Pepper,pinch,https://www.themealdb.com/images/ingredients/Pepper.png
52956,4,Ginger Cordial,1 tsp,https://www.themealdb.com/images/ingredients/Ginger_Cordial.png
52956,5,Ginger,1 tsp,https://www.themealdb.com/images/ingredients/Ginger.png
52956,6,Spring Onions,1 tbs,https://www.themealdb.com/images/ingredients/Spring_Onions.png
52956,7,Rice,1/2 cup,https://www.themealdb.com/images/ingredients/Rice.png
52956,8,Water,8 cups,https://www.themealdb.com/images/ingredients/Water.png
52956,9,Coriander,2 oz,https://www.themealdb.com/images/ingredients/Coriander.png
52850,1,Olive Oil,1 tbsp,https://www.themealdb.com/images/ingredients/Olive_Oil.png
52850,2,Onion,1 chopped,https://www.themealdb.com/images/ingredients/Onion.png
52850,3,Chicken Breast,200g,https://www.themealdb.com/images/ingredients/Chicken_Breast.png
52850,4,Ginger,pinch,https://www.themealdb.com/images/ingredients/Ginger.png
52850,5,Harissa Spice,2 tblsp,https://www.themealdb.com/images/ingredients/Harissa_Spice.png
52850,6,Dried Apricots,10,https://www.themealdb.com/images/ingredients/Dried_Apricots.png
52850,7,Chickpeas,220g,https://www.themealdb.com/images/ingredients/Chickpeas.png
52850,8,Couscous,200g,https://www.themealdb.com/images/ingredients/Couscous.png
52850,9,Chicken Stock,200ml,https://www.themealdb.com/images/ingredients/Chicken_Stock.png
52850,10,Coriander,Handful,https://www.themealdb.com/images/ingredients/Coriander.png
52765,1,Enchilada sauce,14 oz jar,https://www.themealdb.com/images/ingredients/Enchilada_sauce.png
52765,2,shredded Monterey Jack cheese,3 Cups,https://www.themealdb.com/images/ingredients/shredded_Monterey_Jack_cheese.png
52765,3,corn tortillas,6,https://www.themealdb.com/images/ingredients/corn_tortillas.png
52765,4,chicken breasts,2,https://www.themealdb.com/images/ingredients/chicken_breasts.png
52818,1,macaroni,500g,https://www.themealdb.com/images/ingredients/macaroni.png
52818,2,chicken stock,2 cups,https://www.themealdb.com/images/ingredients/chicken_stock.png
52818,3,heavy cream,1/2 cup,https://www.themealdb.com/images/ingredients/heavy_cream.png
52818,4,fajita seasoning,1 packet,https://www.themealdb.com/images/ingredients/fajita_seasoning.png
52818,5,salt,1 tsp,https://www.themealdb.com/images/ingredients/salt.png
52818,6,chicken breast,3 diced,https://www.themealdb.com/images/ingredients/chicken_breast.png
52818,7,olive oil,2 tbsp,https://www.themealdb.com/images/ingredients/olive_oil.png
52818,8,onion,1 small finely diced,https://www.themealdb.com/images/ingredients/onion.png
52818,9,red pepper,2 finely diced,https://www.themealdb.com/images/ingredients/red_pepper.png
52818,10,garlic,2 cloves minced,https://www.themealdb.com/images/ingredients/garlic.png
52818,11,cheddar cheese,1 cup,https://www.themealdb.com/images/ingredients/cheddar_cheese.png
52818,12,parsley,garnish chopped,https://www.themealdb.com/images/ingredients/parsley.png
53367,1,Chicken Thighs,1 lb,https://www.themealdb.com/images/ingredients/Chicken_Thighs.png
53367,2,Salt,1 tsp,https://www.themealdb.com/images/ingredients/Salt.png
53367,3,Canola Oil,3  tablespoons,https://www.themealdb.com/images/ingredients/Canola_Oil.png
53367,4,Egg,3 Large,https://www.themealdb.com/images/ingredients/Egg.png
53367,5,Onion,2/3 Cup,https://www.themealdb.com/images/ingredients/Onion.png
53367,6,Garlic,2 cloves minced,https://www.themealdb.com/images/ingredients/Garlic.png
53367,7,Ground Ginger,2 tsp,https://www.themealdb.com/images/ingredients/Ground_Ginger.png
53367,8,Carrots,1 large,https://www.themealdb.com/images/ingredients/Carrots.png
53367,9,Peas,2/3 Cup,https://www.themealdb.com/images/ingredients/Peas.png
53367,10,Jasmine Rice,4 cups,https://www.themealdb.com/images/ingredients/Jasmine_Rice.png
53367,11,Scallions,2 sliced,https://www.themealdb.com/images/ingredients/Scallions.png
53367,12,Chinese five spice powder,1/2 tsp,https://www.themealdb.com/images/ingredients/Chinese_five_spice_powder.png
53367,13,Soy Sauce,2.5 tbsp,https://www.themealdb.com/images/ingredients/Soy_Sauce.png
53367,14,Sesame Seed Oil,1 tsp,https://www.themealdb.com/images/ingredients/Sesame_Seed_Oil.png
52875,1,Chicken Stock,450ml,https://www.themealdb.com/images/ingredients/Chicken_Stock.png
52875,2,Chicken Breast,3,https://www.themealdb.com/images/ingredients/Chicken_Breast.png
52875,3,Butter,75g,https://www.themealdb.com/images/ingredients/Butter.png
52875,4,Leek,2 sliced,https://www.themealdb.com/images/ingredients/Leek.png
52875,5,Garlic,2 cloves minced,https://www.themealdb.com/images/ingredients/Garlic.png
52875,6,Plain Flour,50g,https://www.themealdb.com/images/ingredients/Plain_Flour.png
52875,7,Milk,200ml,https://www.themealdb.com/images/ingredients/Milk.png
52875,8,White Wine,3 tbs,https://www.themealdb.com/images/ingredients/White_Wine.png
52875,9,Double Cream,150ml,https://www.themealdb.com/images/ingredients/Double_Cream.png
52875,10,Ham,150g,https://www.themealdb.com/images/ingredients/Ham.png
52875,11,Sea Salt,spinkling,https://www.themealdb.com/images/ingredients/Sea_Salt.png
52875,12,Pepper,pinch,https://www.themealdb.com/images/ingredients/Pepper.png
52875,13,Plain Flour,350g,https://www.themealdb.com/images/ingredients/Plain_Flour.png
52875,14,Butter,200g,https://www.themealdb.com/images/ingredients/Butter.png
52875,15,"Free-range Egg, Beaten",1,"https://www.themealdb.com/images/ingredients/Free-range_Egg,_Beaten.png"
52875,16,Cold Water,1 tbls,https://www.themealdb.com/images/ingredients/Cold_Water.png
52875,17,"Free-range Egg, Beaten",1,"https://www.themealdb.com/images/ingredients/Free-range_Egg,_Beaten.png"
52795,1,Chicken,1.2 kg,https://www.themealdb.com/images/ingredients/Chicken.png
52795,2,Onion,5 thinly sliced,https://www.themealdb.com/images/ingredients/Onion.png
52795,3,Tomatoes,2 finely chopped,https://www.themealdb.com/images/ingredients/Tomatoes.png
52795,4,Garlic,8 cloves chopped,https://www.themealdb.com/images/ingredients/Garlic.png
52795,5,Ginger paste,1 tbsp,https://www.themealdb.com/images/ingredients/Ginger_paste.png
52795,6,Vegetable oil,¼ cup,https://www.themealdb.com/images/ingredients/Vegetable_oil.png
52795,7,Cumin seeds,2 tsp,https://www.themealdb.com/images/ingredients/Cumin_seeds.png
52795,8,Coriander seeds,3 tsp,https://www.themealdb.com/images/ingredients/Coriander_seeds.png
52795,9,Turmeric powder,1 tsp,https://www.themealdb.com/images/ingredients/Turmeric_powder.png
52795,10,Chilli powder,1 tsp,https://www.themealdb.com/images/ingredients/Chilli_powder.png
52795,11,Green chilli,2,https://www.themealdb.com/images/ingredients/Green_chilli.png
52795,12,Yogurt,1 cup,https://www.themealdb.com/images/ingredients/Yogurt.png
52795,13,Cream,¾ cup,https://www.themealdb.com/images/ingredients/Cream.png
52795,14,fenugreek,3 tsp Dried,https://www.themealdb.com/images/ingredients/fenugreek.png
52795,15,Garam masala,1 tsp,https://www.themealdb.com/images/ingredients/Garam_masala.png
52795,16,Salt,To taste,https://www.themealdb.com/images/ingredients/Salt.png
52831,1,Chicken,450 grams Boneless skin,https://www.themealdb.com/images/ingredients/Chicken.png
52831,2,Ginger,1 tablespoon,https://www.themealdb.com/images/ingredients/Ginger.png
52831,3,Garlic,1 clove,https://www.themealdb.com/images/ingredients/Garlic.png
52831,4,Soy sauce,2 tablespoons,https://www.themealdb.com/images/ingredients/Soy_sauce.png
52831,5,Sake,1 tablespoon,https://www.themealdb.com/images/ingredients/Sake.png
52831,6,Granulated sugar,2 teaspoon,https://www.themealdb.com/images/ingredients/Granulated_sugar.png
52831,7,Potato starch,1/3 cup,https://www.themealdb.com/images/ingredients/Potato_starch.png
52831,8,Vegetable oil,1/3 cup,https://www.themealdb.com/images/ingredients/Vegetable_oil.png
52831,9,Lemon,1/3 cup,https://www.themealdb.com/images/ingredients/Lemon.png
53358,1,Chicken,1,https://www.themealdb.com/images/ingredients/Chicken.png
53358,2,Basmati Rice,2 cups,https://www.themealdb.com/images/ingredients/Basmati_Rice.png
53358,3,Water,4 cups,https://www.themealdb.com/images/ingredients/Water.png
53358,4,Onion,1 large,https://www.themealdb.com/images/ingredients/Onion.png
53358,5,Garlic,4 cloves,https://www.themealdb.com/images/ingredients/Garlic.png
53358,6,Green Chilli,2,https://www.themealdb.com/images/ingredients/Green_Chilli.png
53358,7,Salt,1 ½ tsp,https://www.themealdb.com/images/ingredients/Salt.png
53358,8,Oil,3 tablespoons,https://www.themealdb.com/images/ingredients/Oil.png
53358,9,Turmeric Powder,1 tablespoon,https://www.themealdb.com/images/ingredients/Turmeric_Powder.png
53358,10,Coriander,1 teaspoon,https://www.themealdb.com/images/ingredients/Coriander.png
53358,11,Cardamom,½ tbsp,https://www.themealdb.com/images/ingredients/Cardamom.png
53358,12,Cloves,¼ teaspoon,https://www.themealdb.com/images/ingredients/Cloves.png
53358,13,Cinnamon,1/2 tsp,https://www.themealdb.com/images/ingredients/Cinnamon.png
53358,14,Pepper,1 tsp,https://www.themealdb.com/images/ingredients/Pepper.png
53358,15,Bay Leaf,2,https://www.themealdb.com/images/ingredients/Bay_Leaf.png
52920,1,Olive Oil,1 tbs,https://www.themealdb.com/images/ingredients/Olive_Oil.png
52920,2,Mushrooms,300g,https://www.themealdb.com/images/ingredients/Mushrooms.png
52920,3,Chicken Legs,4,https://www.themealdb.com/images/ingredients/Chicken_Legs.png
52920,4,Passata,500g,https://www.themealdb.com/images/ingredients/Passata.png
52920,5,Chicken Stock Cube,1,https://www.themealdb.com/images/ingredients/Chicken_Stock_Cube.png
52920,6,Black Olives,100g,https://www.themealdb.com/images/ingredients/Black_Olives.png
52920,7,Parsley,Chopped,https://www.themealdb.com/images/ingredients/Parsley.png
52879,1,Potatoes,1.5kg,https://www.themealdb.com/images/ingredients/Potatoes.png
52879,2,Butter,30g,https://www.themealdb.com/images/ingredients/Butter.png
52879,3,Double Cream,5 tblsp,https://www.themealdb.com/images/ingredients/Double_Cream.png
52879,4,Egg Yolks,2,https://www.themealdb.com/images/ingredients/Egg_Yolks.png
52879,5,Butter,30g,https://www.themealdb.com/images/ingredients/Butter.png
52879,6,Shallots,7,https://www.themealdb.com/images/ingredients/Shallots.png
52879,7,Carrots,3 chopped,https://www.themealdb.com/images/ingredients/Carrots.png
52879,8,Celery,2 sticks,https://www.themealdb.com/images/ingredients/Celery.png
52879,9,Garlic Clove,1 finely chopped,https://www.themealdb.com/images/ingredients/Garlic_Clove.png
52879,10,White Wine,4 tbsp,https://www.themealdb.com/images/ingredients/White_Wine.png
52879,11,Tomato Puree,1 tbls,https://www.themealdb.com/images/ingredients/Tomato_Puree.png
52879,12,Tinned Tomatos,400g,https://www.themealdb.com/images/ingredients/Tinned_Tomatos.png
52879,13,Chicken Stock,350ml,https://www.themealdb.com/images/ingredients/Chicken_Stock.png
52879,14,Chicken,600g,https://www.themealdb.com/images/ingredients/Chicken.png
52879,15,Black Olives,16,https://www.themealdb.com/images/ingredients/Black_Olives.png
52879,16,Parsley,2 tbs,https://www.themealdb.com/images/ingredients/Parsley.png
52879,17,Gruyere cheese,50g,https://www.themealdb.com/images/ingredients/Gruyere_cheese.png
53011,1,Quinoa,225g,https://www.themealdb.com/images/ingredients/Quinoa.png
53011,2,Butter,25g,https://www.themealdb.com/images/ingredients/Butter.png
53011,3,Red Chilli,1 chopped,https://www.themealdb.com/images/ingredients/Red_Chilli.png
53011,4,Garlic,1 clove finely chopped,https://www.themealdb.com/images/ingredients/Garlic.png
53011,5,Chicken Breast,400g,https://www.themealdb.com/images/ingredients/Chicken_Breast.png
53011,6,Olive Oil,2 tbs,https://www.themealdb.com/images/ingredients/Olive_Oil.png
53011,7,Black Olives,Handful,https://www.themealdb.com/images/ingredients/Black_Olives.png
53011,8,Red Onions,1 chopped,https://www.themealdb.com/images/ingredients/Red_Onions.png
53011,9,Feta,100g,https://www.themealdb.com/images/ingredients/Feta.png
53011,10,Mint,Chopped,https://www.themealdb.com/images/ingredients/Mint.png
53011,11,Lemon,Juice of 1/2,https://www.themealdb.com/images/ingredients/Lemon.png
53218,1,Chicken Breast,1kg,https://www.themealdb.com/images/ingredients/Chicken_Breast.png
53218,2,Garlic,2 cloves minced,https://www.themealdb.com/images/ingredients/Garlic.png
53218,3,Ground Coriander,1 tblsp,https://www.themealdb.com/images/ingredients/Ground_Coriander.png
53218,4,Ground Cumin,1 tblsp,https://www.themealdb.com/images/ingredients/Ground_Cumin.png
53218,5,Ground Cardomom,1 tblsp,https://www.themealdb.com/images/ingredients/Ground_Cardomom.png
53218,6,Cayenne Pepper,1 tsp,https://www.themealdb.com/images/ingredients/Cayenne_Pepper.png
53218,7,Smoked Paprika,2 tsp,https://www.themealdb.com/images/ingredients/Smoked_Paprika.png
53218,8,Salt,2 tsp,https://www.themealdb.com/images/ingredients/Salt.png
53218,9,Lemon Juice,2 tblsp,https://www.themealdb.com/images/ingredients/Lemon_Juice.png
53218,10,Olive Oil,3 tablespoons,https://www.themealdb.com/images/ingredients/Olive_Oil.png
53218,11,Greek Yogurt,1 cup,https://www.themealdb.com/images/ingredients/Greek_Yogurt.png
53218,12,Garlic,1 clove peeled crushed,https://www.themealdb.com/images/ingredients/Garlic.png
53218,13,Cumin,1 tsp,https://www.themealdb.com/images/ingredients/Cumin.png
53218,14,Lemon Juice,Splash,https://www.themealdb.com/images/ingredients/Lemon_Juice.png
53261,1,Chicken Wings,12,https://www.themealdb.com/images/ingredients/Chicken_Wings.png
53261,2,Garlic,2 cloves minced,https://www.themealdb.com/images/ingredients/Garlic.png
53261,3,Lemon,Zest and juice of 1,https://www.themealdb.com/images/ingredients/Lemon.png
53261,4,Cumin Seeds,1 tsp,https://www.themealdb.com/images/ingredients/Cumin_Seeds.png
53261,5,Olive Oil,2 tablespoons,https://www.themealdb.com/images/ingredients/Olive_Oil.png
53261,6,Honey,1 tablespoon,https://www.themealdb.com/images/ingredients/Honey.png
53186,1,Chicken,1.25kg,https://www.themealdb.com/images/ingredients/Chicken.png
53186,2,Olive Oil,2 tblsp,https://www.themealdb.com/images/ingredients/Olive_Oil.png
53186,3,Garlic,3 cloves Chopped,https://www.themealdb.com/images/ingredients/Garlic.png
53186,4,Saffron,Pinch,https://www.themealdb.com/images/ingredients/Saffron.png
53186,5,Dry sherry,125ml,https://www.themealdb.com/images/ingredients/Dry_sherry.png
53186,6,Chicken Stock,200ml,https://www.themealdb.com/images/ingredients/Chicken_Stock.png
53186,7,Thyme,1 tbsp,https://www.themealdb.com/images/ingredients/Thyme.png
53186,8,Raisins,50g,https://www.themealdb.com/images/ingredients/Raisins.png
53186,9,Pine Nuts,2 tbsp,https://www.themealdb.com/images/ingredients/Pine_Nuts.png
53186,10,Parsley,Handful,https://www.themealdb.com/images/ingredients/Parsley.png
53365,1,Orange,Zest of 1,https://www.themealdb.com/images/ingredients/Orange.png
53365,2,Orange Juice,1/4 cup,https://www.themealdb.com/images/ingredients/Orange_Juice.png
53365,3,Soy Sauce,1/4 cup,https://www.themealdb.com/images/ingredients/Soy_Sauce.png
53365,4,Water,1/4 cup,https://www.themealdb.com/images/ingredients/Water.png
53365,5,Rice Vinegar,1/3 cup,https://www.themealdb.com/images/ingredients/Rice_Vinegar.png
53365,6,Cornstarch,1 tablespoon,https://www.themealdb.com/images/ingredients/Cornstarch.png
53365,7,Sesame Seed Oil,1 tablespoon,https://www.themealdb.com/images/ingredients/Sesame_Seed_Oil.png
53365,8,Sugar,1/2 cup,https://www.themealdb.com/images/ingredients/Sugar.png
53365,9,Chicken Thighs,650g,https://www.themealdb.com/images/ingredients/Chicken_Thighs.png
53365,10,Egg,2 large,https://www.themealdb.com/images/ingredients/Egg.png
53365,11,Salt,1 tsp,https://www.themealdb.com/images/ingredients/Salt.png
53365,12,Black Pepper,1/4 tsp,https://www.themealdb.com/images/ingredients/Black_Pepper.png
53365,13,Cornstarch,1/2 cup,https://www.themealdb.com/images/ingredients/Cornstarch.png
53365,14,All purpose flour,1/2 cup,https://www.themealdb.com/images/ingredients/All_purpose_flour.png
53365,15,Vegetable Oil,2 cups,https://www.themealdb.com/images/ingredients/Vegetable_Oil.png
53365,16,Garlic,2 cloves chopped,https://www.themealdb.com/images/ingredients/Garlic.png
53365,17,Shallots,1 chopped,https://www.themealdb.com/images/ingredients/Shallots.png
53365,18,Scallions,Sliced,https://www.themealdb.com/images/ingredients/Scallions.png
53365,19,Sesame Seed,Garnish,https://www.themealdb.com/images/ingredients/Sesame_Seed.png
53365,20,Rice,To serve,https://www.themealdb.com/images/ingredients/Rice.png
52832,1,Olive Oil,1½ tbsp,https://www.themealdb.com/images/ingredients/Olive_Oil.png
52832,2,Bacon,3 rashers (100g) chopped dry-cured,https://www.themealdb.com/images/ingredients/Bacon.png
52832,3,Shallots,12 small,https://www.themealdb.com/images/ingredients/Shallots.png
52832,4,Chicken Legs,2 (460g),https://www.themealdb.com/images/ingredients/Chicken_Legs.png
52832,5,Chicken Thighs,4 (650g),https://www.themealdb.com/images/ingredients/Chicken_Thighs.png
52832,6,Chicken Breasts,2 (280g),https://www.themealdb.com/images/ingredients/Chicken_Breasts.png
52832,7,Garlic,3 finely chopped,https://www.themealdb.com/images/ingredients/Garlic.png
52832,8,Brandy,3 tbsp,https://www.themealdb.com/images/ingredients/Brandy.png
52832,9,Red Wine,600ml,https://www.themealdb.com/images/ingredients/Red_Wine.png
52832,10,Chicken Stock,150ml,https://www.themealdb.com/images/ingredients/Chicken_Stock.png
52832,11,tomato puree,2 tsp,https://www.themealdb.com/images/ingredients/tomato_puree.png
52832,12,thyme,3 sprigs,https://www.themealdb.com/images/ingredients/thyme.png
52832,13,Rosemary,2 sprigs,https://www.themealdb.com/images/ingredients/Rosemary.png
52832,14,bay leaves,2,https://www.themealdb.com/images/ingredients/bay_leaves.png
52832,15,parsley,garnish,https://www.themealdb.com/images/ingredients/parsley.png
52832,16,chestnut mushroom,250g,https://www.themealdb.com/images/ingredients/chestnut_mushroom.png
52832,17,plain flour,2 tbsp,https://www.themealdb.com/images/ingredients/plain_flour.png
52832,18,butter,1 tsp,https://www.themealdb.com/images/ingredients/butter.png
52830,1,Chicken Breasts,4 - 6,https://www.themealdb.com/images/ingredients/Chicken_Breasts.png
52830,2,Vinaigrette Dressing,1 bottle,https://www.themealdb.com/images/ingredients/Vinaigrette_Dressing.png
52830,3,Cumin,1½ tablespoon,https://www.themealdb.com/images/ingredients/Cumin.png
52830,4,Smoked Paprika,1 tablespoon,https://www.themealdb.com/images/ingredients/Smoked_Paprika.png
52830,5,Garlic,1 teaspoon,https://www.themealdb.com/images/ingredients/Garlic.png
52830,6,Refried Beans,1 can,https://www.themealdb.com/images/ingredients/Refried_Beans.png
52830,7,Hard Taco Shells,12,https://www.themealdb.com/images/ingredients/Hard_Taco_Shells.png
52830,8,Shredded Mexican Cheese,2 cups,https://www.themealdb.com/images/ingredients/Shredded_Mexican_Cheese.png
52830,9,Grape Tomatoes,Halved,https://www.themealdb.com/images/ingredients/Grape_Tomatoes.png
52830,10,Jalapeno,Sliced and Seeded,https://www.themealdb.com/images/ingredients/Jalapeno.png
52830,11,Avocado,Peeled and Sliced,https://www.themealdb.com/images/ingredients/Avocado.png
52830,12,Green Salsa,2 tablespoons,https://www.themealdb.com/images/ingredients/Green_Salsa.png
52830,13,Sour Cream,3 tablespoons,https://www.themealdb.com/images/ingredients/Sour_Cream.png
52830,14,Milk,1 tablespoon,https://www.themealdb.com/images/ingredients/Milk.png
53143,1,Extra Virgin Olive Oil,2 tbsp,https://www.themealdb.com/images/ingredients/Extra_Virgin_Olive_Oil.png
53143,2,Onion,1,https://www.themealdb.com/images/ingredients/Onion.png
53143,3,Chorizo,150g,https://www.themealdb.com/images/ingredients/Chorizo.png
53143,4,Red Pepper,1,https://www.themealdb.com/images/ingredients/Red_Pepper.png
53143,5,Yellow Pepper,1,https://www.themealdb.com/images/ingredients/Yellow_Pepper.png
53143,6,sweet smoked paprika,1 teaspoon,https://www.themealdb.com/images/ingredients/sweet_smoked_paprika.png
53143,7,Garlic,4 cloves,https://www.themealdb.com/images/ingredients/Garlic.png
53143,8,Tinned Tomatos,400g,https://www.themealdb.com/images/ingredients/Tinned_Tomatos.png
53143,9,Green Olives,150g,https://www.themealdb.com/images/ingredients/Green_Olives.png
53143,10,Butter Beans,400g,https://www.themealdb.com/images/ingredients/Butter_Beans.png
53143,11,Chicken Thighs,8,https://www.themealdb.com/images/ingredients/Chicken_Thighs.png
53143,12,Parsley,1 Handfull,https://www.themealdb.com/images/ingredients/Parsley.png
52996,1,Chicken Breasts,2,https://www.themealdb.com/images/ingredients/Chicken_Breasts.png
52996,2,Carrots,12 ounces,https://www.themealdb.com/images/ingredients/Carrots.png
52996,3,Potatoes,5,https://www.themealdb.com/images/ingredients/Potatoes.png
52996,4,Onion,1,https://www.themealdb.com/images/ingredients/Onion.png
52996,5,Beef Stock,1,https://www.themealdb.com/images/ingredients/Beef_Stock.png
52996,6,Mozzarella,1 1/2 cup,https://www.themealdb.com/images/ingredients/Mozzarella.png
52996,7,Sour Cream,2 tbsp,https://www.themealdb.com/images/ingredients/Sour_Cream.png
52996,8,Butter,,https://www.themealdb.com/images/ingredients/Butter.png
52996,9,Sugar,,https://www.themealdb.com/images/ingredients/Sugar.png
52996,10,Vegetable Oil,,https://www.themealdb.com/images/ingredients/Vegetable_Oil.png
52996,11,Salt,,https://www.themealdb.com/images/ingredients/Salt.png
52996,12,Pepper,,https://www.themealdb.com/images/ingredients/Pepper.png
52951,1,Chicken Breast,1 1/2,https://www.themealdb.com/images/ingredients/Chicken_Breast.png
52951,2,Plain Flour,3/4 cup,https://www.themealdb.com/images/ingredients/Plain_Flour.png
52951,3,Egg,1,https://www.themealdb.com/images/ingredients/Egg.png
52951,4,Starch,2 tbs,https://www.themealdb.com/images/ingredients/Starch.png
52951,5,Baking Powder,1 tbs,https://www.themealdb.com/images/ingredients/Baking_Powder.png
52951,6,Salt,1 tsp,https://www.themealdb.com/images/ingredients/Salt.png
52951,7,Onion Salt,1/2 tsp,https://www.themealdb.com/images/ingredients/Onion_Salt.png
52951,8,Garlic Powder,1/4 tsp,https://www.themealdb.com/images/ingredients/Garlic_Powder.png
52951,9,Water,3/4 cup,https://www.themealdb.com/images/ingredients/Water.png
52951,10,Chicken Stock,1/2 cup,https://www.themealdb.com/images/ingredients/Chicken_Stock.png
52951,11,Duck Sauce,1/4 cup,https://www.themealdb.com/images/ingredients/Duck_Sauce.png
52951,12,Soy Sauce,3 tbs,https://www.themealdb.com/images/ingredients/Soy_Sauce.png
52951,13,Honey,2 tbs,https://www.themealdb.com/images/ingredients/Honey.png
52951,14,Rice Vinegar,1 tbs,https://www.themealdb.com/images/ingredients/Rice_Vinegar.png
52951,15,Sesame Seed Oil,2 tbs,https://www.themealdb.com/images/ingredients/Sesame_Seed_Oil.png
52951,16,Gochujang,1/2 tbs,https://www.themealdb.com/images/ingredients/Gochujang.png
52951,17,Starch,2 tbs,https://www.themealdb.com/images/ingredients/Starch.png
52951,18,Garlic,1 clove,https://www.themealdb.com/images/ingredients/Garlic.png
52951,19,Spring Onions,2 chopped,https://www.themealdb.com/images/ingredients/Spring_Onions.png
52951,20,Ginger,1 tsp,https://www.themealdb.com/images/ingredients/Ginger.png
52993,1,Potatoes,5,https://www.themealdb.com/images/ingredients/Potatoes.png
52993,2,Broccoli,1,https://www.themealdb.com/images/ingredients/Broccoli.png
52993,3,Garlic,2 cloves,https://www.themealdb.com/images/ingredients/Garlic.png
52993,4,Chicken Breast,2,https://www.themealdb.com/images/ingredients/Chicken_Breast.png
52993,5,Balsamic Vinegar,,https://www.themealdb.com/images/ingredients/Balsamic_Vinegar.png
52993,6,Honey,,https://www.themealdb.com/images/ingredients/Honey.png
52993,7,Chicken Stock,,https://www.themealdb.com/images/ingredients/Chicken_Stock.png
52993,8,Butter,1 tbsp,https://www.themealdb.com/images/ingredients/Butter.png
52993,9,Vegetable Oil,1 tbsp,https://www.themealdb.com/images/ingredients/Vegetable_Oil.png
52993,10,Olive Oil,1 tbsp,https://www.themealdb.com/images/ingredients/Olive_Oil.png
53345,1,Chicken Thighs,2 Lbs,https://www.themealdb.com/images/ingredients/Chicken_Thighs.png
53345,2,Curry Powder,2 1/2 Tbs,https://www.themealdb.com/images/ingredients/Curry_Powder.png
53345,3,All-purpose Seasoning,1 tsp,https://www.themealdb.com/images/ingredients/All-purpose_Seasoning.png
53345,4,Onion,1 chopped,https://www.themealdb.com/images/ingredients/Onion.png
53345,5,Spring Onions,3 chopped,https://www.themealdb.com/images/ingredients/Spring_Onions.png
53345,6,Green Pepper,1/2,https://www.themealdb.com/images/ingredients/Green_Pepper.png
53345,7,Garlic,4 Cloves Chopped,https://www.themealdb.com/images/ingredients/Garlic.png
53345,8,Scotch Bonnet,1 chopped,https://www.themealdb.com/images/ingredients/Scotch_Bonnet.png
53345,9,Thyme,3 sprigs,https://www.themealdb.com/images/ingredients/Thyme.png
53345,10,Olive Oil,3  tablespoons,https://www.themealdb.com/images/ingredients/Olive_Oil.png
53345,11,Water,1/4 cup,https://www.themealdb.com/images/ingredients/Water.png
53345,12,Russet Potato,1 large,https://www.themealdb.com/images/ingredients/Russet_Potato.png
53345,13,Salt,To taste,https://www.themealdb.com/images/ingredients/Salt.png
53345,14,Pepper,To taste,https://www.themealdb.com/images/ingredients/Pepper.png
52937,1,Chicken Thighs,12,https://www.themealdb.com/images/ingredients/Chicken_Thighs.png
52937,2,Lime,1/2,https://www.themealdb.com/images/ingredients/Lime.png
52937,3,Spring Onions,1  bunch,https://www.themealdb.com/images/ingredients/Spring_Onions.png
52937,4,Ginger,1 tbs chopped,https://www.themealdb.com/images/ingredients/Ginger.png
52937,5,Garlic,3 cloves,https://www.themealdb.com/images/ingredients/Garlic.png
52937,6,Onion,1/2,https://www.themealdb.com/images/ingredients/Onion.png
52937,7,Red Chilli,3 chopped,https://www.themealdb.com/images/ingredients/Red_Chilli.png
52937,8,Thyme,1/2 teaspoon,https://www.themealdb.com/images/ingredients/Thyme.png
52937,9,Lime,Juice of 1,https://www.themealdb.com/images/ingredients/Lime.png
52937,10,Soy Sauce,2 tbs,https://www.themealdb.com/images/ingredients/Soy_Sauce.png
52937,11,Vegetable Oil,2 tbs,https://www.themealdb.com/images/ingredients/Vegetable_Oil.png
52937,12,Brown Sugar,3 tbs,https://www.themealdb.com/images/ingredients/Brown_Sugar.png
52937,13,Allspice,1 tbs,https://www.themealdb.com/images/ingredients/Allspice.png
52937,14,Basmati Rice,200g,https://www.themealdb.com/images/ingredients/Basmati_Rice.png
52937,15,Coconut Milk,400g,https://www.themealdb.com/images/ingredients/Coconut_Milk.png
52937,16,Spring Onions,1  bunch,https://www.themealdb.com/images/ingredients/Spring_Onions.png
52937,17,Thyme,2 sprigs,https://www.themealdb.com/images/ingredients/Thyme.png
52937,18,Garlic,2 cloves chopped,https://www.themealdb.com/images/ingredients/Garlic.png
52937,19,Allspice,1 tbs,https://www.themealdb.com/images/ingredients/Allspice.png
52937,20,Kidney Beans,800g,https://www.themealdb.com/images/ingredients/Kidney_Beans.png
53220,1,Chicken,400g,https://www.themealdb.com/images/ingredients/Chicken.png
53220,2,Rice,1 cup,https://www.themealdb.com/images/ingredients/Rice.png
53220,3,Green Pepper,1,https://www.themealdb.com/images/ingredients/Green_Pepper.png
53220,4,Red Pepper,1,https://www.themealdb.com/images/ingredients/Red_Pepper.png
53220,5,Mushrooms,2,https://www.themealdb.com/images/ingredients/Mushrooms.png
53220,6,Sweetcorn,1,https://www.themealdb.com/images/ingredients/Sweetcorn.png
53220,7,Carrots,2,https://www.themealdb.com/images/ingredients/Carrots.png
53220,8,Raisins,Handful,https://www.themealdb.com/images/ingredients/Raisins.png
53220,9,Turmeric,1 tsp,https://www.themealdb.com/images/ingredients/Turmeric.png
53220,10,Kabse Spice,1 tsp,https://www.themealdb.com/images/ingredients/Kabse_Spice.png
53220,11,Salt,Pinch,https://www.themealdb.com/images/ingredients/Salt.png
53220,12,Black Pepper,Pinch,https://www.themealdb.com/images/ingredients/Black_Pepper.png
52820,1,chicken breast,4 pounded to 1cm thickness,https://www.themealdb.com/images/ingredients/chicken_breast.png
52820,2,plain flour,2 tablespoons,https://www.themealdb.com/images/ingredients/plain_flour.png
52820,3,egg,1 beaten,https://www.themealdb.com/images/ingredients/egg.png
52820,4,breadcrumbs,100g fine,https://www.themealdb.com/images/ingredients/breadcrumbs.png
52820,5,vegetable oil,230ml frying,https://www.themealdb.com/images/ingredients/vegetable_oil.png
52820,6,sunflower oil,2 tablespoons,https://www.themealdb.com/images/ingredients/sunflower_oil.png
52820,7,onions,2 sliced,https://www.themealdb.com/images/ingredients/onions.png
52820,8,garlic,5 chopped cloves,https://www.themealdb.com/images/ingredients/garlic.png
52820,9,carrot,2 sliced,https://www.themealdb.com/images/ingredients/carrot.png
52820,10,plain flour,2 tablespoons,https://www.themealdb.com/images/ingredients/plain_flour.png
52820,11,curry powder,4 teaspoons,https://www.themealdb.com/images/ingredients/curry_powder.png
52820,12,chicken stock,600ml,https://www.themealdb.com/images/ingredients/chicken_stock.png
52820,13,honey,2 teaspoons,https://www.themealdb.com/images/ingredients/honey.png
52820,14,soy sauce,4 teaspoons,https://www.themealdb.com/images/ingredients/soy_sauce.png
52820,15,bay leaf,1,https://www.themealdb.com/images/ingredients/bay_leaf.png
52820,16,garam masala,1 teaspoon,https://www.themealdb.com/images/ingredients/garam_masala.png
52813,1,Chicken,1 whole,https://www.themealdb.com/images/ingredients/Chicken.png
52813,2,Oil,2 quarts neutral frying,https://www.themealdb.com/images/ingredients/Oil.png
52813,3,Egg White,1,https://www.themealdb.com/images/ingredients/Egg_White.png
52813,4,Flour,1 1/2 cups,https://www.themealdb.com/images/ingredients/Flour.png
52813,5,Brown Sugar,1 tablespoon,https://www.themealdb.com/images/ingredients/Brown_Sugar.png
52813,6,Salt,1 tablespoon,https://www.themealdb.com/images/ingredients/Salt.png
52813,7,paprika,1 tablespoon,https://www.themealdb.com/images/ingredients/paprika.png
52813,8,onion salt,2 teaspoons,https://www.themealdb.com/images/ingredients/onion_salt.png
52813,9,chili powder,1 teaspoon,https://www.themealdb.com/images/ingredients/chili_powder.png
52813,10,black pepper,1 teaspoon,https://www.themealdb.com/images/ingredients/black_pepper.png
52813,11,celery salt,1/2 teaspoon,https://www.themealdb.com/images/ingredients/celery_salt.png
52813,12,sage,1/2 teaspoon,https://www.themealdb.com/images/ingredients/sage.png
52813,13,garlic powder,1/2 teaspoon,https://www.themealdb.com/images/ingredients/garlic_powder.png
52813,14,allspice,1/2 teaspoon,https://www.themealdb.com/images/ingredients/allspice.png
52813,15,oregano,1/2 teaspoon,https://www.themealdb.com/images/ingredients/oregano.png
52813,16,basil,1/2 teaspoon,https://www.themealdb.com/images/ingredients/basil.png
52813,17,marjoram,1/2 teaspoon,https://www.themealdb.com/images/ingredients/marjoram.png
52945,1,Sake,2 tbs,https://www.themealdb.com/images/ingredients/Sake.png
52945,2,Soy Sauce,2 tbs,https://www.themealdb.com/images/ingredients/Soy_Sauce.png
52945,3,Sesame Seed Oil,2 tbs,https://www.themealdb.com/images/ingredients/Sesame_Seed_Oil.png
52945,4,Corn Flour,2 tbs,https://www.themealdb.com/images/ingredients/Corn_Flour.png
52945,5,Water,2 tbs,https://www.themealdb.com/images/ingredients/Water.png
52945,6,Chicken,500g,https://www.themealdb.com/images/ingredients/Chicken.png
52945,7,Chilli Powder,1 tbs,https://www.themealdb.com/images/ingredients/Chilli_Powder.png
52945,8,Rice Vinegar,1 tsp,https://www.themealdb.com/images/ingredients/Rice_Vinegar.png
52945,9,Brown Sugar,1 tbs,https://www.themealdb.com/images/ingredients/Brown_Sugar.png
52945,10,Spring Onions,4 Chopped,https://www.themealdb.com/images/ingredients/Spring_Onions.png
52945,11,Garlic Clove,6 cloves,https://www.themealdb.com/images/ingredients/Garlic_Clove.png
52945,12,Water Chestnut,220g,https://www.themealdb.com/images/ingredients/Water_Chestnut.png
52945,13,Peanuts,100g,https://www.themealdb.com/images/ingredients/Peanuts.png
52851,1,Red Chilli,1 large,https://www.themealdb.com/images/ingredients/Red_Chilli.png
52851,2,Ginger,0.5,https://www.themealdb.com/images/ingredients/Ginger.png
52851,3,Garlic,1 large,https://www.themealdb.com/images/ingredients/Garlic.png
52851,4,Coriander,Bunch,https://www.themealdb.com/images/ingredients/Coriander.png
52851,5,Sunflower Oil,1 tbsp,https://www.themealdb.com/images/ingredients/Sunflower_Oil.png
52851,6,Chicken Breasts,4,https://www.themealdb.com/images/ingredients/Chicken_Breasts.png
52851,7,Peanut Butter,5 tblsp,https://www.themealdb.com/images/ingredients/Peanut_Butter.png
52851,8,Chicken Stock,150ml,https://www.themealdb.com/images/ingredients/Chicken_Stock.png
52851,9,Greek Yogurt,200g,https://www.themealdb.com/images/ingredients/Greek_Yogurt.png
52774,1,rice stick noodles,6oz/180g,https://www.themealdb.com/images/ingredients/rice_stick_noodles.png
52774,2,dark soy sauce,2 tbsp,https://www.themealdb.com/images/ingredients/dark_soy_sauce.png
52774,3,oyster sauce,2 tbsp,https://www.themealdb.com/images/ingredients/oyster_sauce.png
52774,4,soy sauce,2 tsp,https://www.themealdb.com/images/ingredients/soy_sauce.png
52774,5,white vinegar,2 tsp,https://www.themealdb.com/images/ingredients/white_vinegar.png
52774,6,sugar,2 tsp,https://www.themealdb.com/images/ingredients/sugar.png
52774,7,water,2 tbsp,https://www.themealdb.com/images/ingredients/water.png
52774,8,peanut oil,2 tbsp,https://www.themealdb.com/images/ingredients/peanut_oil.png
52774,9,garlic,2 cloves,https://www.themealdb.com/images/ingredients/garlic.png
52774,10,Chicken,1 cup,https://www.themealdb.com/images/ingredients/Chicken.png
52774,11,Egg,1,https://www.themealdb.com/images/ingredients/Egg.png
52774,12,Chinese broccoli,4 cups,https://www.themealdb.com/images/ingredients/Chinese_broccoli.png
53192,1,Coconut Milk,400ml,https://www.themealdb.com/images/ingredients/Coconut_Milk.png
53192,2,Panang Curry Paste,1-2tbsp,https://www.themealdb.com/images/ingredients/Panang_Curry_Paste.png
53192,3,Chicken Breast,200g,https://www.themealdb.com/images/ingredients/Chicken_Breast.png
53192,4,Green Beans,100g,https://www.themealdb.com/images/ingredients/Green_Beans.png
53192,5,Fish Sauce,2-3 tbsp,https://www.themealdb.com/images/ingredients/Fish_Sauce.png
53192,6,Brown Sugar,1-2tbsp,https://www.themealdb.com/images/ingredients/Brown_Sugar.png
53192,7,makrut lime leaves,2,https://www.themealdb.com/images/ingredients/makrut_lime_leaves.png
53192,8,Basil Leaves,Handful,https://www.themealdb.com/images/ingredients/Basil_Leaves.png
53192,9,Jasmine Rice,Boiled,https://www.themealdb.com/images/ingredients/Jasmine_Rice.png
53192,10,Red Chilli,6,https://www.themealdb.com/images/ingredients/Red_Chilli.png
53192,11,Dried Red Chillies,4,https://www.themealdb.com/images/ingredients/Dried_Red_Chillies.png
53192,12,Shrimp Paste,1 teaspoon,https://www.themealdb.com/images/ingredients/Shrimp_Paste.png
53192,13,Garlic,4 Cloves Chopped,https://www.themealdb.com/images/ingredients/Garlic.png
53192,14,Galangal,1 tblsp,https://www.themealdb.com/images/ingredients/Galangal.png
53192,15,Lemongrass,1 tblsp,https://www.themealdb.com/images/ingredients/Lemongrass.png
53192,16,Lime,Zest of 2,https://www.themealdb.com/images/ingredients/Lime.png
53192,17,Ground Nutmeg,1 teaspoon,https://www.themealdb.com/images/ingredients/Ground_Nutmeg.png
53192,18,Ground Coriander,1 tsp,https://www.themealdb.com/images/ingredients/Ground_Coriander.png
53192,19,Ground Cumin,1 teaspoon,https://www.themealdb.com/images/ingredients/Ground_Cumin.png
53192,20,Peanuts,2 tblsp,https://www.themealdb.com/images/ingredients/Peanuts.png
53039,1,Chicken,1.5kg,https://www.themealdb.com/images/ingredients/Chicken.png
53039,2,Red Chilli,3 chopped,https://www.themealdb.com/images/ingredients/Red_Chilli.png
53039,3,Garlic,2 cloves,https://www.themealdb.com/images/ingredients/Garlic.png
53039,4,Ginger,1 tsp,https://www.themealdb.com/images/ingredients/Ginger.png
53039,5,Dried Oregano,1 tsp,https://www.themealdb.com/images/ingredients/Dried_Oregano.png
53039,6,Coriander,1 tsp,https://www.themealdb.com/images/ingredients/Coriander.png
53039,7,Paprika,1 tsp,https://www.themealdb.com/images/ingredients/Paprika.png
53039,8,Red Wine Vinegar,2 tbs,https://www.themealdb.com/images/ingredients/Red_Wine_Vinegar.png
53039,9,Oil,2 tbs,https://www.themealdb.com/images/ingredients/Oil.png
53039,10,Red Onions,1 sliced,https://www.themealdb.com/images/ingredients/Red_Onions.png
53039,11,Carrots,2,https://www.themealdb.com/images/ingredients/Carrots.png
53039,12,Beetroot,1,https://www.themealdb.com/images/ingredients/Beetroot.png
53039,13,Cabbage,4 leaves,https://www.themealdb.com/images/ingredients/Cabbage.png
53039,14,Mayonnaise,2 tbs,https://www.themealdb.com/images/ingredients/Mayonnaise.png
53039,15,Greek Yogurt,2 tbs,https://www.themealdb.com/images/ingredients/Greek_Yogurt.png
53039,16,Red Wine Vinegar,2 tbs,https://www.themealdb.com/images/ingredients/Red_Wine_Vinegar.png
53039,17,Cumin Seeds,1 tsp,https://www.themealdb.com/images/ingredients/Cumin_Seeds.png
53162,1,Saffron,Pinch,https://www.themealdb.com/images/ingredients/Saffron.png
53162,2,Extra Virgin Olive Oil,4 tbsp,https://www.themealdb.com/images/ingredients/Extra_Virgin_Olive_Oil.png
53162,3,Garlic Clove,6,https://www.themealdb.com/images/ingredients/Garlic_Clove.png
53162,4,Almonds,35g,https://www.themealdb.com/images/ingredients/Almonds.png
53162,5,Stale bread,30g,https://www.themealdb.com/images/ingredients/Stale_bread.png
53162,6,Parsley,2 tbs chopped,https://www.themealdb.com/images/ingredients/Parsley.png
53162,7,Chicken Thighs,8,https://www.themealdb.com/images/ingredients/Chicken_Thighs.png
53162,8,Onion,1 chopped,https://www.themealdb.com/images/ingredients/Onion.png
53162,9,Carrots,1 chopped,https://www.themealdb.com/images/ingredients/Carrots.png
53162,10,Celery,1 chopped,https://www.themealdb.com/images/ingredients/Celery.png
53162,11,Dry sherry,250ml,https://www.themealdb.com/images/ingredients/Dry_sherry.png
53162,12,Chicken Stock,350ml,https://www.themealdb.com/images/ingredients/Chicken_Stock.png
53162,13,Cinnamon Stick,1,https://www.themealdb.com/images/ingredients/Cinnamon_Stick.png
53162,14,Cloves,Pinch,https://www.themealdb.com/images/ingredients/Cloves.png
53162,15,Bay Leaves,2,https://www.themealdb.com/images/ingredients/Bay_Leaves.png
53162,16,Egg,2,https://www.themealdb.com/images/ingredients/Egg.png
53162,17,Almonds,2 tblsp,https://www.themealdb.com/images/ingredients/Almonds.png
52780,1,Potatoes,800g,https://www.themealdb.com/images/ingredients/Potatoes.png
52780,2,Onions,3,https://www.themealdb.com/images/ingredients/Onions.png
52780,3,Olive Oil,2 tblsp,https://www.themealdb.com/images/ingredients/Olive_Oil.png
52780,4,Chicken Stock,100ml,https://www.themealdb.com/images/ingredients/Chicken_Stock.png
52780,5,Creme Fraiche,1 pot,https://www.themealdb.com/images/ingredients/Creme_Fraiche.png
52780,6,Parmesan,Topping,https://www.themealdb.com/images/ingredients/Parmesan.png
52780,7,Chicken Breasts,4,https://www.themealdb.com/images/ingredients/Chicken_Breasts.png
52780,8,Bacon,4,https://www.themealdb.com/images/ingredients/Bacon.png
52780,9,Spinach,Topping,https://www.themealdb.com/images/ingredients/Spinach.png
52780,10,Peas,Topping,https://www.themealdb.com/images/ingredients/Peas.png
53280,1,Water,1 cup,https://www.themealdb.com/images/ingredients/Water.png
53280,2,Onion,1 chopped,https://www.themealdb.com/images/ingredients/Onion.png
53280,3,Olive Oil,5 tablespoons,https://www.themealdb.com/images/ingredients/Olive_Oil.png
53280,4,Balsamic Vinegar,2 tablespoons,https://www.themealdb.com/images/ingredients/Balsamic_Vinegar.png
53280,5,Dijon Mustard,1 tablespoon,https://www.themealdb.com/images/ingredients/Dijon_Mustard.png
53280,6,Garlic,3 Cloves Crushed,https://www.themealdb.com/images/ingredients/Garlic.png
53280,7,Black Pepper,1 tsp,https://www.themealdb.com/images/ingredients/Black_Pepper.png
53280,8,Cayenne Pepper,1 tsp,https://www.themealdb.com/images/ingredients/Cayenne_Pepper.png
53280,9,Salt,To taste,https://www.themealdb.com/images/ingredients/Salt.png
53280,10,Chicken,1,https://www.themealdb.com/images/ingredients/Chicken.png
52933,1,Butter,2 tbs,https://www.themealdb.com/images/ingredients/Butter.png
52933,2,Onions,2 chopped,https://www.themealdb.com/images/ingredients/Onions.png
52933,3,Chicken Stock,4 qt,https://www.themealdb.com/images/ingredients/Chicken_Stock.png
52933,4,Chicken Breast,1.5kg,https://www.themealdb.com/images/ingredients/Chicken_Breast.png
52933,5,Potatoes,4kg,https://www.themealdb.com/images/ingredients/Potatoes.png
52933,6,Salt,2 tbs,https://www.themealdb.com/images/ingredients/Salt.png
52933,7,Black Pepper,1tbsp,https://www.themealdb.com/images/ingredients/Black_Pepper.png
53204,1,Chicken Breasts,2,https://www.themealdb.com/images/ingredients/Chicken_Breasts.png
53204,2,Thai Red Curry Paste,2 tblsp,https://www.themealdb.com/images/ingredients/Thai_Red_Curry_Paste.png
53204,3,Coconut Milk,2 tblsp,https://www.themealdb.com/images/ingredients/Coconut_Milk.png
53204,4,Red Pepper,1 chopped,https://www.themealdb.com/images/ingredients/Red_Pepper.png
53204,5,Courgettes,1 chopped,https://www.themealdb.com/images/ingredients/Courgettes.png
53204,6,Red Onions,1 cut thin wedges,https://www.themealdb.com/images/ingredients/Red_Onions.png
53204,7,Lime,To serve,https://www.themealdb.com/images/ingredients/Lime.png
53268,1,Chicken Thighs,8,https://www.themealdb.com/images/ingredients/Chicken_Thighs.png
53268,2,Cumin,1 tsp,https://www.themealdb.com/images/ingredients/Cumin.png
53268,3,Paprika,1/2 tsp,https://www.themealdb.com/images/ingredients/Paprika.png
53268,4,Olive Oil,2 tablespoons,https://www.themealdb.com/images/ingredients/Olive_Oil.png
53268,5,Pita Bread,6,https://www.themealdb.com/images/ingredients/Pita_Bread.png
53268,6,Chicken Stock,150ml,https://www.themealdb.com/images/ingredients/Chicken_Stock.png
53268,7,Walnuts,175g,https://www.themealdb.com/images/ingredients/Walnuts.png
53268,8,Onion,1 chopped,https://www.themealdb.com/images/ingredients/Onion.png
53268,9,Garlic,2 cloves chopped,https://www.themealdb.com/images/ingredients/Garlic.png
53268,10,Single Cream,50 ml,https://www.themealdb.com/images/ingredients/Single_Cream.png
53268,11,Lemon,Juice of 1,https://www.themealdb.com/images/ingredients/Lemon.png
53268,12,Coriander,Handful,https://www.themealdb.com/images/ingredients/Coriander.png
53020,1,Chicken Legs,4 Chopped,https://www.themealdb.com/images/ingredients/Chicken_Legs.png
53020,2,Onions,2 large,https://www.themealdb.com/images/ingredients/Onions.png
53020,3,Carrots,5 chopped,https://www.themealdb.com/images/ingredients/Carrots.png
53020,4,Leek,1 chopped,https://www.themealdb.com/images/ingredients/Leek.png
53020,5,Celery,1 small,https://www.themealdb.com/images/ingredients/Celery.png
53020,6,Cabbage,1/4,https://www.themealdb.com/images/ingredients/Cabbage.png
53020,7,Cloves,1 whole,https://www.themealdb.com/images/ingredients/Cloves.png
53020,8,Allspice,1tsp,https://www.themealdb.com/images/ingredients/Allspice.png
53020,9,Bay Leaf,2,https://www.themealdb.com/images/ingredients/Bay_Leaf.png
53020,10,Parsley,4 sprigs,https://www.themealdb.com/images/ingredients/Parsley.png
53020,11,Dill,4 sprigs,https://www.themealdb.com/images/ingredients/Dill.png
53020,12,Pepper,1 tsp,https://www.themealdb.com/images/ingredients/Pepper.png
53020,13,Salt,1 tbs,https://www.themealdb.com/images/ingredients/Salt.png
53028,1,Chicken Thighs,1 kg,https://www.themealdb.com/images/ingredients/Chicken_Thighs.png
53028,2,Coriander,1 tbs,https://www.themealdb.com/images/ingredients/Coriander.png
53028,3,Cumin,1 tbs,https://www.themealdb.com/images/ingredients/Cumin.png
53028,4,Cardamom,1 tbs,https://www.themealdb.com/images/ingredients/Cardamom.png
53028,5,Cayenne Pepper,1 tsp,https://www.themealdb.com/images/ingredients/Cayenne_Pepper.png
53028,6,Paprika,2 tsp,https://www.themealdb.com/images/ingredients/Paprika.png
53028,7,Lemon Juice,2 tbs,https://www.themealdb.com/images/ingredients/Lemon_Juice.png
53028,8,Olive Oil,3 tbs,https://www.themealdb.com/images/ingredients/Olive_Oil.png
53028,9,Greek Yogurt,1 cup,https://www.themealdb.com/images/ingredients/Greek_Yogurt.png
53028,10,Garlic Clove,1,https://www.themealdb.com/images/ingredients/Garlic_Clove.png
53028,11,Cumin,1 tsp,https://www.themealdb.com/images/ingredients/Cumin.png
53028,12,Lemon Juice,Splash,https://www.themealdb.com/images/ingredients/Lemon_Juice.png
53028,13,Lettuce,Sliced,https://www.themealdb.com/images/ingredients/Lettuce.png
53028,14,Tomato,Sliced,https://www.themealdb.com/images/ingredients/Tomato.png
53028,15,Pita Bread,6,https://www.themealdb.com/images/ingredients/Pita_Bread.png
53264,1,Chicken Thighs,6,https://www.themealdb.com/images/ingredients/Chicken_Thighs.png
53264,2,Olive Oil,2 tablespoons,https://www.themealdb.com/images/ingredients/Olive_Oil.png
53264,3,Fennel Seeds,1 tsp,https://www.themealdb.com/images/ingredients/Fennel_Seeds.png
53264,4,Ground Cumin,1 tsp,https://www.themealdb.com/images/ingredients/Ground_Cumin.png
53264,5,sweet smoked paprika,1 tsp,https://www.themealdb.com/images/ingredients/sweet_smoked_paprika.png
53264,6,Garlic,1 clove peeled crushed,https://www.themealdb.com/images/ingredients/Garlic.png
53264,7,Red Wine Vinegar,1 tsp,https://www.themealdb.com/images/ingredients/Red_Wine_Vinegar.png
53264,8,Smoky Aïoli,To serve,https://www.themealdb.com/images/ingredients/Smoky_Aïoli.png
53181,1,Pinto Beans,300g,https://www.themealdb.com/images/ingredients/Pinto_Beans.png
53181,2,Onion,1 chopped,https://www.themealdb.com/images/ingredients/Onion.png
53181,3,Paprika,1 tablespoon,https://www.themealdb.com/images/ingredients/Paprika.png
53181,4,Thyme,Sprigs of fresh,https://www.themealdb.com/images/ingredients/Thyme.png
53181,5,Bay Leaves,Pinch,https://www.themealdb.com/images/ingredients/Bay_Leaves.png
53181,6,Parsley,Bunch,https://www.themealdb.com/images/ingredients/Parsley.png
53181,7,Chicken Thighs,4,https://www.themealdb.com/images/ingredients/Chicken_Thighs.png
53181,8,Jersey Royal Potatoes,250g,https://www.themealdb.com/images/ingredients/Jersey_Royal_Potatoes.png
53181,9,Chorizo,250g,https://www.themealdb.com/images/ingredients/Chorizo.png
53181,10,Spinach,100g,https://www.themealdb.com/images/ingredients/Spinach.png
53164,1,Chicken Thighs,8,https://www.themealdb.com/images/ingredients/Chicken_Thighs.png
53164,2,Onion,3 sliced thinly,https://www.themealdb.com/images/ingredients/Onion.png
53164,3,Paprika,2 teaspoons,https://www.themealdb.com/images/ingredients/Paprika.png
53164,4,Lemon,Zest and juice of 1,https://www.themealdb.com/images/ingredients/Lemon.png
53164,5,Parsley,Handful,https://www.themealdb.com/images/ingredients/Parsley.png
53164,6,Chicken Stock,150ml,https://www.themealdb.com/images/ingredients/Chicken_Stock.png
53164,7,Olive Oil,1 tablespoon,https://www.themealdb.com/images/ingredients/Olive_Oil.png
53155,1,Potatoes,1 kg,https://www.themealdb.com/images/ingredients/Potatoes.png
53155,2,Paprika,3 tsp,https://www.themealdb.com/images/ingredients/Paprika.png
53155,3,Olive Oil,2 teaspoons,https://www.themealdb.com/images/ingredients/Olive_Oil.png
53155,4,Onion,2 sliced,https://www.themealdb.com/images/ingredients/Onion.png
53155,5,Garlic,2 cloves minced,https://www.themealdb.com/images/ingredients/Garlic.png
53155,6,Tinned Tomatos,800g,https://www.themealdb.com/images/ingredients/Tinned_Tomatos.png
53155,7,Chicken,300g,https://www.themealdb.com/images/ingredients/Chicken.png
53155,8,Roasted pepper,140g,https://www.themealdb.com/images/ingredients/Roasted_pepper.png
53155,9,Green Olives,Handful,https://www.themealdb.com/images/ingredients/Green_Olives.png
53105,1,Garlic,2 cloves,https://www.themealdb.com/images/ingredients/Garlic.png
53105,2,Lemon,Juice/zest of one,https://www.themealdb.com/images/ingredients/Lemon.png
53105,3,Curry Powder,2 tblsp,https://www.themealdb.com/images/ingredients/Curry_Powder.png
53105,4,Chilli Flakes,Pinch,https://www.themealdb.com/images/ingredients/Chilli_Flakes.png
53105,5,Olive Oil,3  tablespoons,https://www.themealdb.com/images/ingredients/Olive_Oil.png
53105,6,Chicken Thighs,12,https://www.themealdb.com/images/ingredients/Chicken_Thighs.png
53105,7,Rosemary,Bunch,https://www.themealdb.com/images/ingredients/Rosemary.png
53105,8,Rosemary,Bunch,https://www.themealdb.com/images/ingredients/Rosemary.png
53105,9,Thyme,Bunch,https://www.themealdb.com/images/ingredients/Thyme.png
53105,10,Thyme,Bunch,https://www.themealdb.com/images/ingredients/Thyme.png
53105,11,Bay Leaves,2,https://www.themealdb.com/images/ingredients/Bay_Leaves.png
53110,1,Chicken drumsticks,8,https://www.themealdb.com/images/ingredients/Chicken_drumsticks.png
53110,2,Soy Sauce,2 tblsp,https://www.themealdb.com/images/ingredients/Soy_Sauce.png
53110,3,Honey,1 tablespoon,https://www.themealdb.com/images/ingredients/Honey.png
53110,4,Olive Oil,1 tblsp,https://www.themealdb.com/images/ingredients/Olive_Oil.png
53110,5,Tomato Puree,1 teaspoon,https://www.themealdb.com/images/ingredients/Tomato_Puree.png
53110,6,Dijon Mustard,1 tbsp,https://www.themealdb.com/images/ingredients/Dijon_Mustard.png
53201,1,Vegetable Oil,2 tablespoons,https://www.themealdb.com/images/ingredients/Vegetable_Oil.png
53201,2,Chicken,450g,https://www.themealdb.com/images/ingredients/Chicken.png
53201,3,Garlic,3 tblsp chopped,https://www.themealdb.com/images/ingredients/Garlic.png
53201,4,Shallots,3 tblsp chopped,https://www.themealdb.com/images/ingredients/Shallots.png
53201,5,Red Chilli,3,https://www.themealdb.com/images/ingredients/Red_Chilli.png
53201,6,Fish Sauce,2 tablespoons,https://www.themealdb.com/images/ingredients/Fish_Sauce.png
53201,7,Soy Sauce,2 tsp,https://www.themealdb.com/images/ingredients/Soy_Sauce.png
53201,8,Sugar,2 tsp,https://www.themealdb.com/images/ingredients/Sugar.png
53201,9,Basil Leaves,Handful,https://www.themealdb.com/images/ingredients/Basil_Leaves.png
53376,1,Chicken Thighs,1 lb,https://www.themealdb.com/images/ingredients/Chicken_Thighs.png
53376,2,Egg White,1 large,https://www.themealdb.com/images/ingredients/Egg_White.png
53376,3,Kosher Salt,1 tsp,https://www.themealdb.com/images/ingredients/Kosher_Salt.png
53376,4,Cornstarch,2 tsp,https://www.themealdb.com/images/ingredients/Cornstarch.png
53376,5,Pineapple Chunks,10 oz,https://www.themealdb.com/images/ingredients/Pineapple_Chunks.png
53376,6,Pineapple Juice,1/4 cup,https://www.themealdb.com/images/ingredients/Pineapple_Juice.png
53376,7,White Vinegar,1/4 cup,https://www.themealdb.com/images/ingredients/White_Vinegar.png
53376,8,Tomato Ketchup,1/4 cup,https://www.themealdb.com/images/ingredients/Tomato_Ketchup.png
53376,9,Brown Sugar,3  tablespoons,https://www.themealdb.com/images/ingredients/Brown_Sugar.png
53376,10,Oil,4 tsp,https://www.themealdb.com/images/ingredients/Oil.png
53376,11,Red Pepper,1 chopped,https://www.themealdb.com/images/ingredients/Red_Pepper.png
53376,12,Yellow Pepper,1 chopped,https://www.themealdb.com/images/ingredients/Yellow_Pepper.png
53376,13,Ginger,1 tsp,https://www.themealdb.com/images/ingredients/Ginger.png
53287,1,Onion,2 sliced,https://www.themealdb.com/images/ingredients/Onion.png
53287,2,Celery,2 sliced,https://www.themealdb.com/images/ingredients/Celery.png
53287,3,Cilantro,1/2 bag,https://www.themealdb.com/images/ingredients/Cilantro.png
53287,4,Parsley,1/2 bag,https://www.themealdb.com/images/ingredients/Parsley.png
53287,5,Turmeric,1/2 tsp,https://www.themealdb.com/images/ingredients/Turmeric.png
53287,6,Ground Cumin,1/2 tsp,https://www.themealdb.com/images/ingredients/Ground_Cumin.png
53287,7,Paprika,1/2 teaspoon,https://www.themealdb.com/images/ingredients/Paprika.png
53287,8,Ground Ginger,1/4 tsp,https://www.themealdb.com/images/ingredients/Ground_Ginger.png
53287,9,Cayenne Pepper,1/4 tsp,https://www.themealdb.com/images/ingredients/Cayenne_Pepper.png
53287,10,Salt,To taste,https://www.themealdb.com/images/ingredients/Salt.png
53287,11,Black Pepper,To taste,https://www.themealdb.com/images/ingredients/Black_Pepper.png
53287,12,Chicken Thighs,4,https://www.themealdb.com/images/ingredients/Chicken_Thighs.png
53287,13,Olive Oil,Drizzle,https://www.themealdb.com/images/ingredients/Olive_Oil.png
53287,14,Raisins,1/4 cup,https://www.themealdb.com/images/ingredients/Raisins.png
53287,15,Chicken Stock,1 cup,https://www.themealdb.com/images/ingredients/Chicken_Stock.png
53287,16,Sweet Potatoes,1 large,https://www.themealdb.com/images/ingredients/Sweet_Potatoes.png
53287,17,Carrots,3 sliced thinly,https://www.themealdb.com/images/ingredients/Carrots.png
53287,18,Prunes,1/4 cup,https://www.themealdb.com/images/ingredients/Prunes.png
52806,1,lemons,2 Juice,https://www.themealdb.com/images/ingredients/lemons.png
52806,2,paprika,4 tsp,https://www.themealdb.com/images/ingredients/paprika.png
52806,3,red onions,2 finely chopped,https://www.themealdb.com/images/ingredients/red_onions.png
52806,4,chicken thighs,16 skinnless,https://www.themealdb.com/images/ingredients/chicken_thighs.png
52806,5,vegetable oil,For brushing,https://www.themealdb.com/images/ingredients/vegetable_oil.png
52806,6,Greek yogurt,300ml,https://www.themealdb.com/images/ingredients/Greek_yogurt.png
52806,7,ginger,large piece,https://www.themealdb.com/images/ingredients/ginger.png
52806,8,garlic clove,4,https://www.themealdb.com/images/ingredients/garlic_clove.png
52806,9,garam masala,¾ tsp,https://www.themealdb.com/images/ingredients/garam_masala.png
52806,10,ground cumin,¾ tsp,https://www.themealdb.com/images/ingredients/ground_cumin.png
52806,11,chilli powder,½ tsp,https://www.themealdb.com/images/ingredients/chilli_powder.png
52806,12,turmeric,¼ tsp,https://www.themealdb.com/images/ingredients/turmeric.png
52772,1,soy sauce,3/4 cup,https://www.themealdb.com/images/ingredients/soy_sauce.png
52772,2,water,1/2 cup,https://www.themealdb.com/images/ingredients/water.png
52772,3,brown sugar,1/4 cup,https://www.themealdb.com/images/ingredients/brown_sugar.png
52772,4,ground ginger,1/2 teaspoon,https://www.themealdb.com/images/ingredients/ground_ginger.png
52772,5,minced garlic,1/2 teaspoon,https://www.themealdb.com/images/ingredients/minced_garlic.png
52772,6,cornstarch,4 Tablespoons,https://www.themealdb.com/images/ingredients/cornstarch.png
52772,7,chicken breasts,2,https://www.themealdb.com/images/ingredients/chicken_breasts.png
52772,8,stir-fry vegetables,1 (12 oz.),https://www.themealdb.com/images/ingredients/stir-fry_vegetables.png
52772,9,brown rice,3 cups,https://www.themealdb.com/images/ingredients/brown_rice.png
53206,1,Chicken Breast,2 large,https://www.themealdb.com/images/ingredients/Chicken_Breast.png
53206,2,Garlic,1 clove,https://www.themealdb.com/images/ingredients/Garlic.png
53206,3,Ginger,1 small,https://www.themealdb.com/images/ingredients/Ginger.png
53206,4,Onion,1 chopped,https://www.themealdb.com/images/ingredients/Onion.png
53206,5,Coriander,4 tbs,https://www.themealdb.com/images/ingredients/Coriander.png
53206,6,Green Chilli,1 chopped,https://www.themealdb.com/images/ingredients/Green_Chilli.png
53206,7,Olive Oil,2 tblsp,https://www.themealdb.com/images/ingredients/Olive_Oil.png
53206,8,sweet chilli sauce,To serve,https://www.themealdb.com/images/ingredients/sweet_chilli_sauce.png
53206,9,Lime,To serve,https://www.themealdb.com/images/ingredients/Lime.png
53206,10,Spring Onions,Chopped,https://www.themealdb.com/images/ingredients/Spring_Onions.png
53206,11,Red Chilli,Chopped,https://www.themealdb.com/images/ingredients/Red_Chilli.png
53212,1,sweet chilli sauce,2 tablespoons,https://www.themealdb.com/images/ingredients/sweet_chilli_sauce.png
53212,2,Orange,Zest of 1,https://www.themealdb.com/images/ingredients/Orange.png
53212,3,Orange,2 tblsp,https://www.themealdb.com/images/ingredients/Orange.png
53212,4,Garlic,1 clove peeled crushed,https://www.themealdb.com/images/ingredients/Garlic.png
53212,5,Thai Red Curry Paste,1 tblsp,https://www.themealdb.com/images/ingredients/Thai_Red_Curry_Paste.png
53212,6,Chicken drumsticks,8,https://www.themealdb.com/images/ingredients/Chicken_drumsticks.png
53214,1,Sunflower Oil,2 tblsp,https://www.themealdb.com/images/ingredients/Sunflower_Oil.png
53214,2,Onion,1 chopped,https://www.themealdb.com/images/ingredients/Onion.png
53214,3,Chicken Thighs,500g,https://www.themealdb.com/images/ingredients/Chicken_Thighs.png
53214,4,Garlic Clove,4 sliced,https://www.themealdb.com/images/ingredients/Garlic_Clove.png
53214,5,Thai Green Curry Paste,280g,https://www.themealdb.com/images/ingredients/Thai_Green_Curry_Paste.png
53214,6,Coconut Milk,400ml,https://www.themealdb.com/images/ingredients/Coconut_Milk.png
53214,7,Chicken Stock,2 Litres,https://www.themealdb.com/images/ingredients/Chicken_Stock.png
53214,8,Lime Leaves,5,https://www.themealdb.com/images/ingredients/Lime_Leaves.png
53214,9,Fish Sauce,2 tblsp,https://www.themealdb.com/images/ingredients/Fish_Sauce.png
53214,10,Spring Onions,1  bunch,https://www.themealdb.com/images/ingredients/Spring_Onions.png
53214,11,Green Beans,280g,https://www.themealdb.com/images/ingredients/Green_Beans.png
53214,12,Bamboo Shoot,150g,https://www.themealdb.com/images/ingredients/Bamboo_Shoot.png
53214,13,Lime,Juice of 2,https://www.themealdb.com/images/ingredients/Lime.png
53214,14,Basil,Bunch,https://www.themealdb.com/images/ingredients/Basil.png
52814,1,Potatoes,225g new,https://www.themealdb.com/images/ingredients/Potatoes.png
52814,2,green beans,100g,https://www.themealdb.com/images/ingredients/green_beans.png
52814,3,sunflower oil,1 tbsp,https://www.themealdb.com/images/ingredients/sunflower_oil.png
52814,4,garlic,1 clove,https://www.themealdb.com/images/ingredients/garlic.png
52814,5,Thai green curry paste,4 tsp,https://www.themealdb.com/images/ingredients/Thai_green_curry_paste.png
52814,6,coconut milk,400ml,https://www.themealdb.com/images/ingredients/coconut_milk.png
52814,7,Thai fish sauce,2 tsp,https://www.themealdb.com/images/ingredients/Thai_fish_sauce.png
52814,8,Sugar,1 tsp,https://www.themealdb.com/images/ingredients/Sugar.png
52814,9,Chicken,450g boneless,https://www.themealdb.com/images/ingredients/Chicken.png
52814,10,lime,2 fresh kaffir leaves,https://www.themealdb.com/images/ingredients/lime.png
52814,11,basil,handfull,https://www.themealdb.com/images/ingredients/basil.png
52814,12,Rice,Boiled,https://www.themealdb.com/images/ingredients/Rice.png
53207,1,Chicken Stock,800ml,https://www.themealdb.com/images/ingredients/Chicken_Stock.png
53207,2,Coconut Milk,800g,https://www.themealdb.com/images/ingredients/Coconut_Milk.png
53207,3,Galangal Paste,2 tablespoons,https://www.themealdb.com/images/ingredients/Galangal_Paste.png
53207,4,Lemongrass Stalks,2,https://www.themealdb.com/images/ingredients/Lemongrass_Stalks.png
53207,5,Lime Leaves,8,https://www.themealdb.com/images/ingredients/Lime_Leaves.png
53207,6,Chicken Thighs,500g,https://www.themealdb.com/images/ingredients/Chicken_Thighs.png
53207,7,Oyster Mushrooms,300g,https://www.themealdb.com/images/ingredients/Oyster_Mushrooms.png
53207,8,Birds-eye Chillies,6,https://www.themealdb.com/images/ingredients/Birds-eye_Chillies.png
53207,9,Caster Sugar,1 tablespoon,https://www.themealdb.com/images/ingredients/Caster_Sugar.png
53207,10,Fish Sauce,5 tablespoons,https://www.themealdb.com/images/ingredients/Fish_Sauce.png
53207,11,Lime,Juice of 3,https://www.themealdb.com/images/ingredients/Lime.png
53207,12,Coriander Leaves,To serve,https://www.themealdb.com/images/ingredients/Coriander_Leaves.png
53207,13,Rice,To serve,https://www.themealdb.com/images/ingredients/Rice.png
53327,1,Chicken Breasts,2,https://www.themealdb.com/images/ingredients/Chicken_Breasts.png
53327,2,Onion,2 chopped,https://www.themealdb.com/images/ingredients/Onion.png
53327,3,Garlic,1 clove peeled crushed,https://www.themealdb.com/images/ingredients/Garlic.png
53327,4,Bay Leaves,4,https://www.themealdb.com/images/ingredients/Bay_Leaves.png
53327,5,Black Pepper,Pinch,https://www.themealdb.com/images/ingredients/Black_Pepper.png
53327,6,Turmeric,Pinch,https://www.themealdb.com/images/ingredients/Turmeric.png
53327,7,Cumin,Pinch,https://www.themealdb.com/images/ingredients/Cumin.png
53327,8,Salt,Pinch,https://www.themealdb.com/images/ingredients/Salt.png
53327,9,Sugar,1 tablespoon,https://www.themealdb.com/images/ingredients/Sugar.png
53327,10,Tomato,3,https://www.themealdb.com/images/ingredients/Tomato.png
53327,11,Ginger Paste,1 tablespoon,https://www.themealdb.com/images/ingredients/Ginger_Paste.png
53327,12,Olive Oil,1/3 cup,https://www.themealdb.com/images/ingredients/Olive_Oil.png
53327,13,Coconut Milk,1 Can,https://www.themealdb.com/images/ingredients/Coconut_Milk.png
53327,14,Water,1/2 cup,https://www.themealdb.com/images/ingredients/Water.png
53232,1,Rice Noodles,140g,https://www.themealdb.com/images/ingredients/Rice_Noodles.png
53232,2,Carrots,1,https://www.themealdb.com/images/ingredients/Carrots.png
53232,3,Cucumber,1/2,https://www.themealdb.com/images/ingredients/Cucumber.png
53232,4,Chicken Breasts,2,https://www.themealdb.com/images/ingredients/Chicken_Breasts.png
53232,5,Radish,50g,https://www.themealdb.com/images/ingredients/Radish.png
53232,6,Red Onions,1/2,https://www.themealdb.com/images/ingredients/Red_Onions.png
53232,7,Mint,Bunch,https://www.themealdb.com/images/ingredients/Mint.png
53232,8,Peanuts,25g,https://www.themealdb.com/images/ingredients/Peanuts.png
53232,9,Red Chilli,1 chopped,https://www.themealdb.com/images/ingredients/Red_Chilli.png
53232,10,Lime,Zest and juice of 1,https://www.themealdb.com/images/ingredients/Lime.png
53232,11,Fish Sauce,1 ½ tbsp,https://www.themealdb.com/images/ingredients/Fish_Sauce.png
53232,12,Soy Sauce,1 ½ tbsp,https://www.themealdb.com/images/ingredients/Soy_Sauce.png
53232,13,Sesame Seed Oil,1 ½ tbsp,https://www.themealdb.com/images/ingredients/Sesame_Seed_Oil.png
53120,1,Flour,2 cups,https://www.themealdb.com/images/ingredients/Flour.png
53120,2,Salt,1 teaspoon,https://www.themealdb.com/images/ingredients/Salt.png
53120,3,Granulated Sugar,2 tblsp,https://www.themealdb.com/images/ingredients/Granulated_Sugar.png
53120,4,Baking Powder,1 teaspoon,https://www.themealdb.com/images/ingredients/Baking_Powder.png
53120,5,Cardamom,1/2 teaspoon,https://www.themealdb.com/images/ingredients/Cardamom.png
53120,6,Egg,3,https://www.themealdb.com/images/ingredients/Egg.png
53120,7,Buttermilk,2 cups,https://www.themealdb.com/images/ingredients/Buttermilk.png
53120,8,Butter,For Greasing,https://www.themealdb.com/images/ingredients/Butter.png
53120,9,Powdered Sugar,Sprinkling,https://www.themealdb.com/images/ingredients/Powdered_Sugar.png
53120,10,Raspberry Jam,1 scoop,https://www.themealdb.com/images/ingredients/Raspberry_Jam.png
53138,1,All purpose flour,300g,https://www.themealdb.com/images/ingredients/All_purpose_flour.png
53138,2,Cornstarch,200g,https://www.themealdb.com/images/ingredients/Cornstarch.png
53138,3,Butter,200g,https://www.themealdb.com/images/ingredients/Butter.png
53138,4,Sugar,100g,https://www.themealdb.com/images/ingredients/Sugar.png
53138,5,Egg Yolks,2,https://www.themealdb.com/images/ingredients/Egg_Yolks.png
53138,6,Lemon Zest,1 teaspoon,https://www.themealdb.com/images/ingredients/Lemon_Zest.png
53138,7,Dulce de leche,,https://www.themealdb.com/images/ingredients/Dulce_de_leche.png
53138,8,Desiccated Coconut,Sprinkling,https://www.themealdb.com/images/ingredients/Desiccated_Coconut.png
53111,1,Porridge oats,85g,https://www.themealdb.com/images/ingredients/Porridge_oats.png
53111,2,Desiccated Coconut,85g,https://www.themealdb.com/images/ingredients/Desiccated_Coconut.png
53111,3,Plain Flour,100g,https://www.themealdb.com/images/ingredients/Plain_Flour.png
53111,4,Caster Sugar,100g,https://www.themealdb.com/images/ingredients/Caster_Sugar.png
53111,5,Butter,100g,https://www.themealdb.com/images/ingredients/Butter.png
53111,6,Golden Syrup,1 tblsp,https://www.themealdb.com/images/ingredients/Golden_Syrup.png
53111,7,Bicarbonate Of Soda,1 teaspoon,https://www.themealdb.com/images/ingredients/Bicarbonate_Of_Soda.png
53049,1,Milk,200ml,https://www.themealdb.com/images/ingredients/Milk.png
53049,2,Oil,60ml,https://www.themealdb.com/images/ingredients/Oil.png
53049,3,Eggs,2,https://www.themealdb.com/images/ingredients/Eggs.png
53049,4,Flour,1600g,https://www.themealdb.com/images/ingredients/Flour.png
53049,5,Baking Powder,3 tsp,https://www.themealdb.com/images/ingredients/Baking_Powder.png
53049,6,Salt,1/2 tsp,https://www.themealdb.com/images/ingredients/Salt.png
53049,7,Unsalted Butter,25g,https://www.themealdb.com/images/ingredients/Unsalted_Butter.png
53049,8,Sugar,45g,https://www.themealdb.com/images/ingredients/Sugar.png
53049,9,Peanut Butter,3 tbs,https://www.themealdb.com/images/ingredients/Peanut_Butter.png
52893,1,Plain Flour,120g,https://www.themealdb.com/images/ingredients/Plain_Flour.png
52893,2,Caster Sugar,60g,https://www.themealdb.com/images/ingredients/Caster_Sugar.png
52893,3,Butter,60g,https://www.themealdb.com/images/ingredients/Butter.png
52893,4,Braeburn Apples,300g,https://www.themealdb.com/images/ingredients/Braeburn_Apples.png
52893,5,Butter,30g,https://www.themealdb.com/images/ingredients/Butter.png
52893,6,Demerara Sugar,30g,https://www.themealdb.com/images/ingredients/Demerara_Sugar.png
52893,7,Blackberries,120g,https://www.themealdb.com/images/ingredients/Blackberries.png
52893,8,Cinnamon,¼ teaspoon,https://www.themealdb.com/images/ingredients/Cinnamon.png
52893,9,Ice Cream,to serve,https://www.themealdb.com/images/ingredients/Ice_Cream.png
53380,1,Eggs,4,https://www.themealdb.com/images/ingredients/Eggs.png
53380,2,Sugar,200g,https://www.themealdb.com/images/ingredients/Sugar.png
53380,3,Self-raising Flour,200g,https://www.themealdb.com/images/ingredients/Self-raising_Flour.png
53380,4,Melted Butter,200g,https://www.themealdb.com/images/ingredients/Melted_Butter.png
53380,5,Vanilla Extract,1 tsp,https://www.themealdb.com/images/ingredients/Vanilla_Extract.png
53380,6,Ground Cinnamon,1 tsp,https://www.themealdb.com/images/ingredients/Ground_Cinnamon.png
53380,7,Apples,3,https://www.themealdb.com/images/ingredients/Apples.png
53380,8,Salt,Pinch,https://www.themealdb.com/images/ingredients/Salt.png
53380,9,Ground Sugar,Sprinkling,https://www.themealdb.com/images/ingredients/Ground_Sugar.png
52768,1,digestive biscuits,175g/6oz,https://www.themealdb.com/images/ingredients/digestive_biscuits.png
52768,2,butter,75g/3oz,https://www.themealdb.com/images/ingredients/butter.png
52768,3,Bramley apples,200g/7oz,https://www.themealdb.com/images/ingredients/Bramley_apples.png
52768,4,Salted Butter,75g/3oz,https://www.themealdb.com/images/ingredients/Salted_Butter.png
52768,5,caster sugar,75g/3oz,https://www.themealdb.com/images/ingredients/caster_sugar.png
52768,6,"free-range eggs, beaten",2,"https://www.themealdb.com/images/ingredients/free-range_eggs,_beaten.png"
52768,7,ground almonds,75g/3oz,https://www.themealdb.com/images/ingredients/ground_almonds.png
52768,8,almond extract,1 tsp,https://www.themealdb.com/images/ingredients/almond_extract.png
52768,9,flaked almonds,50g/1¾oz,https://www.themealdb.com/images/ingredients/flaked_almonds.png
53276,1,Mascarpone,100g,https://www.themealdb.com/images/ingredients/Mascarpone.png
53276,2,Greek Yogurt,50g,https://www.themealdb.com/images/ingredients/Greek_Yogurt.png
53276,3,Icing Sugar,25g,https://www.themealdb.com/images/ingredients/Icing_Sugar.png
53276,4,Orange Blossom Water,2 tablespoons,https://www.themealdb.com/images/ingredients/Orange_Blossom_Water.png
53276,5,Meringue Nests,1,https://www.themealdb.com/images/ingredients/Meringue_Nests.png
53276,6,Apricot,3,https://www.themealdb.com/images/ingredients/Apricot.png
53276,7,Turkish Delight,2 pieces,https://www.themealdb.com/images/ingredients/Turkish_Delight.png
53276,8,Almonds,25g,https://www.themealdb.com/images/ingredients/Almonds.png
53276,9,Mint,4,https://www.themealdb.com/images/ingredients/Mint.png
53392,1,Puff Pastry,5 Slices,https://www.themealdb.com/images/ingredients/Puff_Pastry.png
53392,2,vanilla sugar,100g,https://www.themealdb.com/images/ingredients/vanilla_sugar.png
53392,3,Cinnamon,1/2 tsp,https://www.themealdb.com/images/ingredients/Cinnamon.png
53392,4,Cardamom,1/2,https://www.themealdb.com/images/ingredients/Cardamom.png
53392,5,Lime,Zest of 1,https://www.themealdb.com/images/ingredients/Lime.png
53127,1,Almonds,3 Cups,https://www.themealdb.com/images/ingredients/Almonds.png
53127,2,Egg White,4,https://www.themealdb.com/images/ingredients/Egg_White.png
53127,3,Powdered Sugar,4 cups,https://www.themealdb.com/images/ingredients/Powdered_Sugar.png
53127,4,Powdered Sugar,2 cups,https://www.themealdb.com/images/ingredients/Powdered_Sugar.png
53127,5,Egg White,1,https://www.themealdb.com/images/ingredients/Egg_White.png
53127,6,Lemon Juice,1/2 teaspoon,https://www.themealdb.com/images/ingredients/Lemon_Juice.png
52767,1,plain flour,175g/6oz,https://www.themealdb.com/images/ingredients/plain_flour.png
52767,2,chilled butter,75g/2½oz,https://www.themealdb.com/images/ingredients/chilled_butter.png
52767,3,cold water,2-3 tbsp,https://www.themealdb.com/images/ingredients/cold_water.png
52767,4,raspberry jam,1 tbsp,https://www.themealdb.com/images/ingredients/raspberry_jam.png
52767,5,butter,125g/4½oz,https://www.themealdb.com/images/ingredients/butter.png
52767,6,caster sugar,125g/4½oz,https://www.themealdb.com/images/ingredients/caster_sugar.png
52767,7,ground almonds,125g/4½oz,https://www.themealdb.com/images/ingredients/ground_almonds.png
52767,8,"free-range egg, beaten",1,"https://www.themealdb.com/images/ingredients/free-range_egg,_beaten.png"
52767,9,almond extract,½ tsp,https://www.themealdb.com/images/ingredients/almond_extract.png
52767,10,flaked almonds,50g/1¾oz,https://www.themealdb.com/images/ingredients/flaked_almonds.png
53279,1,Sugar,500g,https://www.themealdb.com/images/ingredients/Sugar.png
53279,2,Lemon Juice,To taste,https://www.themealdb.com/images/ingredients/Lemon_Juice.png
53279,3,Walnuts,300g,https://www.themealdb.com/images/ingredients/Walnuts.png
53279,4,Pecan Nuts,200g,https://www.themealdb.com/images/ingredients/Pecan_Nuts.png
53279,5,Almonds,100g,https://www.themealdb.com/images/ingredients/Almonds.png
53279,6,Ground Cinnamon,2 tablespoons,https://www.themealdb.com/images/ingredients/Ground_Cinnamon.png
53279,7,Ground Cardomom,1 tablespoon,https://www.themealdb.com/images/ingredients/Ground_Cardomom.png
53279,8,Ricotta,500g,https://www.themealdb.com/images/ingredients/Ricotta.png
53279,9,Lemon,Zest of 1,https://www.themealdb.com/images/ingredients/Lemon.png
53279,10,Orange,Zest of 1,https://www.themealdb.com/images/ingredients/Orange.png
53279,11,Vanilla Bean Paste,1 tablespoon,https://www.themealdb.com/images/ingredients/Vanilla_Bean_Paste.png
53279,12,Unsalted Butter,250g,https://www.themealdb.com/images/ingredients/Unsalted_Butter.png
53279,13,Filo Pastry,500g,https://www.themealdb.com/images/ingredients/Filo_Pastry.png
53279,14,Ground Pistachios,100g,https://www.themealdb.com/images/ingredients/Ground_Pistachios.png
52855,1,Banana,1 large,https://www.themealdb.com/images/ingredients/Banana.png
52855,2,Eggs,2 medium,https://www.themealdb.com/images/ingredients/Eggs.png
52855,3,Baking Powder,pinch,https://www.themealdb.com/images/ingredients/Baking_Powder.png
52855,4,Vanilla Extract,spinkling,https://www.themealdb.com/images/ingredients/Vanilla_Extract.png
52855,5,Oil,1 tsp,https://www.themealdb.com/images/ingredients/Oil.png
52855,6,Pecan Nuts,25g,https://www.themealdb.com/images/ingredients/Pecan_Nuts.png
52855,7,Raspberries,125g,https://www.themealdb.com/images/ingredients/Raspberries.png
52894,1,Butter,175g,https://www.themealdb.com/images/ingredients/Butter.png
52894,2,Caster Sugar,175g,https://www.themealdb.com/images/ingredients/Caster_Sugar.png
52894,3,Self-raising Flour,140g,https://www.themealdb.com/images/ingredients/Self-raising_Flour.png
52894,4,Almonds,50g,https://www.themealdb.com/images/ingredients/Almonds.png
52894,5,Baking Powder,½ tsp,https://www.themealdb.com/images/ingredients/Baking_Powder.png
52894,6,Eggs,3 Medium,https://www.themealdb.com/images/ingredients/Eggs.png
52894,7,Vanilla Extract,½ tsp,https://www.themealdb.com/images/ingredients/Vanilla_Extract.png
52894,8,Almond Extract,¼ teaspoon,https://www.themealdb.com/images/ingredients/Almond_Extract.png
52894,9,Butter,175g,https://www.themealdb.com/images/ingredients/Butter.png
52894,10,Caster Sugar,175g,https://www.themealdb.com/images/ingredients/Caster_Sugar.png
52894,11,Self-raising Flour,140g,https://www.themealdb.com/images/ingredients/Self-raising_Flour.png
52894,12,Almonds,50g,https://www.themealdb.com/images/ingredients/Almonds.png
52894,13,Baking Powder,½ tsp,https://www.themealdb.com/images/ingredients/Baking_Powder.png
52894,14,Eggs,3 Medium,https://www.themealdb.com/images/ingredients/Eggs.png
52894,15,Vanilla Extract,½ tsp,https://www.themealdb.com/images/ingredients/Vanilla_Extract.png
52894,16,Almond Extract,¼ teaspoon,https://www.themealdb.com/images/ingredients/Almond_Extract.png
52894,17,Pink Food Colouring,½ tsp,https://www.themealdb.com/images/ingredients/Pink_Food_Colouring.png
52894,18,Apricot,200g,https://www.themealdb.com/images/ingredients/Apricot.png
52894,19,Marzipan,1kg,https://www.themealdb.com/images/ingredients/Marzipan.png
52894,20,Icing Sugar,Dusting,https://www.themealdb.com/images/ingredients/Icing_Sugar.png
52928,1,Water,1/2 cup,https://www.themealdb.com/images/ingredients/Water.png
52928,2,Yeast,2 parts,https://www.themealdb.com/images/ingredients/Yeast.png
52928,3,Sugar,1/2 cup,https://www.themealdb.com/images/ingredients/Sugar.png
52928,4,Milk,1/2 cup,https://www.themealdb.com/images/ingredients/Milk.png
52928,5,Butter,6 tblsp,https://www.themealdb.com/images/ingredients/Butter.png
52928,6,Eggs,2,https://www.themealdb.com/images/ingredients/Eggs.png
52928,7,Salt,1 ½ tsp,https://www.themealdb.com/images/ingredients/Salt.png
52928,8,Flour,2-1/2 cups,https://www.themealdb.com/images/ingredients/Flour.png
52928,9,Oil,for frying,https://www.themealdb.com/images/ingredients/Oil.png
52928,10,Lemon,garnish,https://www.themealdb.com/images/ingredients/Lemon.png
52928,11,Sugar,garnish,https://www.themealdb.com/images/ingredients/Sugar.png
52928,12,Cinnamon,garnish,https://www.themealdb.com/images/ingredients/Cinnamon.png
53316,1,Beetroot,3,https://www.themealdb.com/images/ingredients/Beetroot.png
53316,2,Milk,50 ml,https://www.themealdb.com/images/ingredients/Milk.png
53316,3,Self-raising Flour,200g,https://www.themealdb.com/images/ingredients/Self-raising_Flour.png
53316,4,Baking Powder,1 tsp,https://www.themealdb.com/images/ingredients/Baking_Powder.png
53316,5,Maple Syrup,2 tablespoons,https://www.themealdb.com/images/ingredients/Maple_Syrup.png
53316,6,Vanilla Extract,1/2 teaspoon,https://www.themealdb.com/images/ingredients/Vanilla_Extract.png
53316,7,Egg,3,https://www.themealdb.com/images/ingredients/Egg.png
53316,8,Butter,25g,https://www.themealdb.com/images/ingredients/Butter.png
53316,9,Frozen Mixed Berries,200g,https://www.themealdb.com/images/ingredients/Frozen_Mixed_Berries.png
53316,10,Blackcurrant Jam,2 tablespoons,https://www.themealdb.com/images/ingredients/Blackcurrant_Jam.png
53316,11,Greek Yogurt,100g,https://www.themealdb.com/images/ingredients/Greek_Yogurt.png
52891,1,Hazlenuts,50g,https://www.themealdb.com/images/ingredients/Hazlenuts.png
52891,2,Butter,125g,https://www.themealdb.com/images/ingredients/Butter.png
52891,3,Caster Sugar,150g,https://www.themealdb.com/images/ingredients/Caster_Sugar.png
52891,4,Lemon,Grated,https://www.themealdb.com/images/ingredients/Lemon.png
52891,5,Plain Flour,150g,https://www.themealdb.com/images/ingredients/Plain_Flour.png
52891,6,Baking Powder,½ tsp,https://www.themealdb.com/images/ingredients/Baking_Powder.png
52891,7,Blackberries,600g,https://www.themealdb.com/images/ingredients/Blackberries.png
52891,8,Sugar,75g,https://www.themealdb.com/images/ingredients/Sugar.png
52891,9,Caster Sugar,2 tbs,https://www.themealdb.com/images/ingredients/Caster_Sugar.png
52891,10,Lemon Juice,1 tbs,https://www.themealdb.com/images/ingredients/Lemon_Juice.png
52891,11,Double Cream,300ml,https://www.themealdb.com/images/ingredients/Double_Cream.png
52891,12,Yogurt,100ml,https://www.themealdb.com/images/ingredients/Yogurt.png
52891,13,Mint,Garnish with,https://www.themealdb.com/images/ingredients/Mint.png
53100,1,Unsalted Butter,100g,https://www.themealdb.com/images/ingredients/Unsalted_Butter.png
53100,2,Icing Sugar,125g,https://www.themealdb.com/images/ingredients/Icing_Sugar.png
53100,3,Flour,25g,https://www.themealdb.com/images/ingredients/Flour.png
53100,4,Almonds,85g,https://www.themealdb.com/images/ingredients/Almonds.png
53100,5,Egg White,3,https://www.themealdb.com/images/ingredients/Egg_White.png
53100,6,Unwaxed Lemon,1,https://www.themealdb.com/images/ingredients/Unwaxed_Lemon.png
53100,7,Blackberries,85g,https://www.themealdb.com/images/ingredients/Blackberries.png
53385,1,Butter,200g,https://www.themealdb.com/images/ingredients/Butter.png
53385,2,Sugar,200g,https://www.themealdb.com/images/ingredients/Sugar.png
53385,3,All purpose flour,250g,https://www.themealdb.com/images/ingredients/All_purpose_flour.png
53385,4,Salt,1,https://www.themealdb.com/images/ingredients/Salt.png
53385,5,Dulce de leche,200g,https://www.themealdb.com/images/ingredients/Dulce_de_leche.png
53385,6,Dark Chocolate,75g,https://www.themealdb.com/images/ingredients/Dark_Chocolate.png
53385,7,Egg,1 beaten,https://www.themealdb.com/images/ingredients/Egg.png
52792,1,butter,25g/1oz,https://www.themealdb.com/images/ingredients/butter.png
52792,2,bread,8 thin slices,https://www.themealdb.com/images/ingredients/bread.png
52792,3,sultanas,50g/2oz,https://www.themealdb.com/images/ingredients/sultanas.png
52792,4,cinnamon,2 tsp,https://www.themealdb.com/images/ingredients/cinnamon.png
52792,5,milk,350ml/12fl,https://www.themealdb.com/images/ingredients/milk.png
52792,6,double cream,50ml/2fl oz,https://www.themealdb.com/images/ingredients/double_cream.png
52792,7,eggs,2 free-range,https://www.themealdb.com/images/ingredients/eggs.png
52792,8,sugar,25g/1oz,https://www.themealdb.com/images/ingredients/sugar.png
52792,9,nutmeg,"grated, to taste",https://www.themealdb.com/images/ingredients/nutmeg.png
52961,1,Ricotta,500g,https://www.themealdb.com/images/ingredients/Ricotta.png
52961,2,Eggs,4 large,https://www.themealdb.com/images/ingredients/Eggs.png
52961,3,Flour,3 tbs,https://www.themealdb.com/images/ingredients/Flour.png
52961,4,Sugar,250g,https://www.themealdb.com/images/ingredients/Sugar.png
52961,5,Cinnamon,1 tsp,https://www.themealdb.com/images/ingredients/Cinnamon.png
52961,6,Lemons,Grated Zest of 2,https://www.themealdb.com/images/ingredients/Lemons.png
52961,7,Dark Rum,5 tbs,https://www.themealdb.com/images/ingredients/Dark_Rum.png
52961,8,Icing Sugar,sprinking,https://www.themealdb.com/images/ingredients/Icing_Sugar.png
52923,1,Shortcrust Pastry,375g,https://www.themealdb.com/images/ingredients/Shortcrust_Pastry.png
52923,2,Eggs,2 large,https://www.themealdb.com/images/ingredients/Eggs.png
52923,3,Muscovado Sugar,175g,https://www.themealdb.com/images/ingredients/Muscovado_Sugar.png
52923,4,Raisins,100g,https://www.themealdb.com/images/ingredients/Raisins.png
52923,5,Vanilla Extract,1 tsp,https://www.themealdb.com/images/ingredients/Vanilla_Extract.png
52923,6,Butter,50g,https://www.themealdb.com/images/ingredients/Butter.png
52923,7,Single Cream,4 tsp,https://www.themealdb.com/images/ingredients/Single_Cream.png
52923,8,Walnuts,50g,https://www.themealdb.com/images/ingredients/Walnuts.png
53360,1,Tamarind Pulp,16 ounces,https://www.themealdb.com/images/ingredients/Tamarind_Pulp.png
53360,2,Sugar,1 1/2 cups,https://www.themealdb.com/images/ingredients/Sugar.png
52897,1,Vegetable Oil,450ml,https://www.themealdb.com/images/ingredients/Vegetable_Oil.png
52897,2,Plain Flour,400g,https://www.themealdb.com/images/ingredients/Plain_Flour.png
52897,3,Bicarbonate Of Soda,2 tsp,https://www.themealdb.com/images/ingredients/Bicarbonate_Of_Soda.png
52897,4,Sugar,550ml,https://www.themealdb.com/images/ingredients/Sugar.png
52897,5,Eggs,5,https://www.themealdb.com/images/ingredients/Eggs.png
52897,6,Salt,½ tsp,https://www.themealdb.com/images/ingredients/Salt.png
52897,7,Cinnamon,2 tsp,https://www.themealdb.com/images/ingredients/Cinnamon.png
52897,8,Carrots,500g grated,https://www.themealdb.com/images/ingredients/Carrots.png
52897,9,Walnuts,150g,https://www.themealdb.com/images/ingredients/Walnuts.png
52897,10,Cream Cheese,200g,https://www.themealdb.com/images/ingredients/Cream_Cheese.png
52897,11,Caster Sugar,150g,https://www.themealdb.com/images/ingredients/Caster_Sugar.png
52897,12,Butter,100g,https://www.themealdb.com/images/ingredients/Butter.png
52976,1,Cashew Nuts,250g,https://www.themealdb.com/images/ingredients/Cashew_Nuts.png
52976,2,Icing Sugar,100g,https://www.themealdb.com/images/ingredients/Icing_Sugar.png
52976,3,Egg Yolks,2,https://www.themealdb.com/images/ingredients/Egg_Yolks.png
52976,4,Orange Blossom Water,2 tbs,https://www.themealdb.com/images/ingredients/Orange_Blossom_Water.png
52976,5,Icing Sugar,To Glaze,https://www.themealdb.com/images/ingredients/Icing_Sugar.png
52976,6,Almonds,100g,https://www.themealdb.com/images/ingredients/Almonds.png
52898,1,White Flour,500g,https://www.themealdb.com/images/ingredients/White_Flour.png
52898,2,Salt,1 tsp,https://www.themealdb.com/images/ingredients/Salt.png
52898,3,Yeast,7g,https://www.themealdb.com/images/ingredients/Yeast.png
52898,4,Milk,300ml,https://www.themealdb.com/images/ingredients/Milk.png
52898,5,Butter,40g,https://www.themealdb.com/images/ingredients/Butter.png
52898,6,Eggs,1,https://www.themealdb.com/images/ingredients/Eggs.png
52898,7,Vegetable Oil,Dash,https://www.themealdb.com/images/ingredients/Vegetable_Oil.png
52898,8,Butter,25g,https://www.themealdb.com/images/ingredients/Butter.png
52898,9,Brown Sugar,75g,https://www.themealdb.com/images/ingredients/Brown_Sugar.png
52898,10,Cinnamon,2 tsp,https://www.themealdb.com/images/ingredients/Cinnamon.png
52898,11,Dried Fruit,150g,https://www.themealdb.com/images/ingredients/Dried_Fruit.png
52898,12,Milk,2 tbs,https://www.themealdb.com/images/ingredients/Milk.png
52898,13,Caster Sugar,2 tbs,https://www.themealdb.com/images/ingredients/Caster_Sugar.png
52910,1,Puff Pastry,320g,https://www.themealdb.com/images/ingredients/Puff_Pastry.png
52910,2,Dark Brown Soft Sugar,4 tbs,https://www.themealdb.com/images/ingredients/Dark_Brown_Soft_Sugar.png
52910,3,Braeburn Apples,3,https://www.themealdb.com/images/ingredients/Braeburn_Apples.png
52910,4,Red Wine Jelly,4 tbs,https://www.themealdb.com/images/ingredients/Red_Wine_Jelly.png
52910,5,Creme Fraiche,100ml,https://www.themealdb.com/images/ingredients/Creme_Fraiche.png
52910,6,Icing Sugar,1 tbs,https://www.themealdb.com/images/ingredients/Icing_Sugar.png
52910,7,Cardamom,3,https://www.themealdb.com/images/ingredients/Cardamom.png
52856,1,Plain Flour,300g,https://www.themealdb.com/images/ingredients/Plain_Flour.png
52856,2,Butter,75g,https://www.themealdb.com/images/ingredients/Butter.png
52856,3,Cream Cheese,100g,https://www.themealdb.com/images/ingredients/Cream_Cheese.png
52856,4,Icing Sugar,1 tbls,https://www.themealdb.com/images/ingredients/Icing_Sugar.png
52856,5,Butter,150g,https://www.themealdb.com/images/ingredients/Butter.png
52856,6,Maple Syrup,200ml,https://www.themealdb.com/images/ingredients/Maple_Syrup.png
52856,7,Light Brown Soft Sugar,250g,https://www.themealdb.com/images/ingredients/Light_Brown_Soft_Sugar.png
52856,8,Dark Brown Soft Sugar,100g,https://www.themealdb.com/images/ingredients/Dark_Brown_Soft_Sugar.png
52856,9,Eggs,4,https://www.themealdb.com/images/ingredients/Eggs.png
52856,10,Vanilla Extract,1 tsp,https://www.themealdb.com/images/ingredients/Vanilla_Extract.png
52856,11,Pecan Nuts,400g,https://www.themealdb.com/images/ingredients/Pecan_Nuts.png
52856,12,Dark Chocolate Chips,200g,https://www.themealdb.com/images/ingredients/Dark_Chocolate_Chips.png
53320,1,Butter,150g,https://www.themealdb.com/images/ingredients/Butter.png
53320,2,Sugar,70g,https://www.themealdb.com/images/ingredients/Sugar.png
53320,3,Egg,1,https://www.themealdb.com/images/ingredients/Egg.png
53320,4,Honey,25g,https://www.themealdb.com/images/ingredients/Honey.png
53320,5,All purpose flour,175g,https://www.themealdb.com/images/ingredients/All_purpose_flour.png
53320,6,Cornstarch,80g,https://www.themealdb.com/images/ingredients/Cornstarch.png
53320,7,Unsweetened Cocoa,30g,https://www.themealdb.com/images/ingredients/Unsweetened_Cocoa.png
53320,8,Baking Powder,1 tsp,https://www.themealdb.com/images/ingredients/Baking_Powder.png
53320,9,Baking Powder,1 tsp,https://www.themealdb.com/images/ingredients/Baking_Powder.png
53320,10,Dulce de leche,400g,https://www.themealdb.com/images/ingredients/Dulce_de_leche.png
53320,11,Milk Chocolate,500g,https://www.themealdb.com/images/ingredients/Milk_Chocolate.png
53320,12,Butter,100g,https://www.themealdb.com/images/ingredients/Butter.png
53320,13,Orange,Zest of 1,https://www.themealdb.com/images/ingredients/Orange.png
52853,1,Banana,1,https://www.themealdb.com/images/ingredients/Banana.png
52853,2,Cacao,3 tbsp,https://www.themealdb.com/images/ingredients/Cacao.png
52853,3,Avocado,1,https://www.themealdb.com/images/ingredients/Avocado.png
52853,4,Honey,2 tblsp,https://www.themealdb.com/images/ingredients/Honey.png
52853,5,Lemon Juice,1 tsp,https://www.themealdb.com/images/ingredients/Lemon_Juice.png
52853,6,Vanilla,1 tsp,https://www.themealdb.com/images/ingredients/Vanilla.png
52853,7,Water,2 tbsp,https://www.themealdb.com/images/ingredients/Water.png
52853,8,Sea Salt,pinch,https://www.themealdb.com/images/ingredients/Sea_Salt.png
52966,1,Mars Bar,6 chopped,https://www.themealdb.com/images/ingredients/Mars_Bar.png
52966,2,Butter,150g,https://www.themealdb.com/images/ingredients/Butter.png
52966,3,Rice Krispies,120g,https://www.themealdb.com/images/ingredients/Rice_Krispies.png
52966,4,Milk Chocolate,150g,https://www.themealdb.com/images/ingredients/Milk_Chocolate.png
53170,1,Sunflower Oil,For frying,https://www.themealdb.com/images/ingredients/Sunflower_Oil.png
53170,2,Ice Cream,To serve,https://www.themealdb.com/images/ingredients/Ice_Cream.png
53170,3,Muscovado Sugar,120g,https://www.themealdb.com/images/ingredients/Muscovado_Sugar.png
53170,4,Butter,60g,https://www.themealdb.com/images/ingredients/Butter.png
53170,5,Double Cream,250ml,https://www.themealdb.com/images/ingredients/Double_Cream.png
53170,6,Dark Chocolate,100g,https://www.themealdb.com/images/ingredients/Dark_Chocolate.png
53170,7,Golden Caster Sugar,100g,https://www.themealdb.com/images/ingredients/Golden_Caster_Sugar.png
53170,8,Cinnamon,2 teaspoon,https://www.themealdb.com/images/ingredients/Cinnamon.png
53170,9,Plain Flour,200g,https://www.themealdb.com/images/ingredients/Plain_Flour.png
53170,10,Cocoa Powder,50g,https://www.themealdb.com/images/ingredients/Cocoa_Powder.png
53170,11,Baking Powder,1 teaspoon,https://www.themealdb.com/images/ingredients/Baking_Powder.png
53170,12,Vanilla Extract,1 teaspoon,https://www.themealdb.com/images/ingredients/Vanilla_Extract.png
53170,13,Melted Butter,50g,https://www.themealdb.com/images/ingredients/Melted_Butter.png
53101,1,Butter,100g,https://www.themealdb.com/images/ingredients/Butter.png
53101,2,Caster Sugar,100g,https://www.themealdb.com/images/ingredients/Caster_Sugar.png
53101,3,Egg,2,https://www.themealdb.com/images/ingredients/Egg.png
53101,4,Self-raising Flour,140g,https://www.themealdb.com/images/ingredients/Self-raising_Flour.png
53101,5,Baking Powder,1 teaspoon,https://www.themealdb.com/images/ingredients/Baking_Powder.png
53101,6,Cocoa Powder,2 tablespoons,https://www.themealdb.com/images/ingredients/Cocoa_Powder.png
53101,7,Milk,2 tablespoons,https://www.themealdb.com/images/ingredients/Milk.png
53101,8,Plain Chocolate,100g,https://www.themealdb.com/images/ingredients/Plain_Chocolate.png
53101,9,Butter,25g,https://www.themealdb.com/images/ingredients/Butter.png
53101,10,Icing Sugar,100g,https://www.themealdb.com/images/ingredients/Icing_Sugar.png
53101,11,Desiccated Coconut,100g,https://www.themealdb.com/images/ingredients/Desiccated_Coconut.png
53324,1,Condensed Milk,400g,https://www.themealdb.com/images/ingredients/Condensed_Milk.png
53324,2,All purpose flour,250g,https://www.themealdb.com/images/ingredients/All_purpose_flour.png
53324,3,Unsweetened Cocoa,25g,https://www.themealdb.com/images/ingredients/Unsweetened_Cocoa.png
53324,4,Salt,Pinch,https://www.themealdb.com/images/ingredients/Salt.png
53324,5,Butter,125g,https://www.themealdb.com/images/ingredients/Butter.png
53324,6,Egg,1,https://www.themealdb.com/images/ingredients/Egg.png
53324,7,Milk,3  tablespoons,https://www.themealdb.com/images/ingredients/Milk.png
53324,8,Butter,30g,https://www.themealdb.com/images/ingredients/Butter.png
53324,9,Sugar,30g,https://www.themealdb.com/images/ingredients/Sugar.png
53324,10,Cinnamon,1 tsp,https://www.themealdb.com/images/ingredients/Cinnamon.png
52776,1,Plain chocolate,250g,https://www.themealdb.com/images/ingredients/Plain_chocolate.png
52776,2,Butter,175g,https://www.themealdb.com/images/ingredients/Butter.png
52776,3,Milk,2 tablespoons,https://www.themealdb.com/images/ingredients/Milk.png
52776,4,Eggs,5,https://www.themealdb.com/images/ingredients/Eggs.png
52776,5,Granulated Sugar,175g,https://www.themealdb.com/images/ingredients/Granulated_Sugar.png
52776,6,Flour,125g,https://www.themealdb.com/images/ingredients/Flour.png
52860,1,Dark Chocolate,200g,https://www.themealdb.com/images/ingredients/Dark_Chocolate.png
52860,2,Milk Chocolate,100g,https://www.themealdb.com/images/ingredients/Milk_Chocolate.png
52860,3,Salted Butter,250g,https://www.themealdb.com/images/ingredients/Salted_Butter.png
52860,4,Light Brown Soft Sugar,400g,https://www.themealdb.com/images/ingredients/Light_Brown_Soft_Sugar.png
52860,5,Eggs,4 large,https://www.themealdb.com/images/ingredients/Eggs.png
52860,6,Plain Flour,140g,https://www.themealdb.com/images/ingredients/Plain_Flour.png
52860,7,Cocoa,50g,https://www.themealdb.com/images/ingredients/Cocoa.png
52860,8,Raspberries,200g,https://www.themealdb.com/images/ingredients/Raspberries.png
52905,1,Single Cream,142ml,https://www.themealdb.com/images/ingredients/Single_Cream.png
52905,2,Caster Sugar,25g,https://www.themealdb.com/images/ingredients/Caster_Sugar.png
52905,3,Dark Chocolate,100g,https://www.themealdb.com/images/ingredients/Dark_Chocolate.png
52905,4,Butter,25g,https://www.themealdb.com/images/ingredients/Butter.png
52905,5,Butter,drizzle,https://www.themealdb.com/images/ingredients/Butter.png
52905,6,Caster Sugar,50g,https://www.themealdb.com/images/ingredients/Caster_Sugar.png
52905,7,Dark Chocolate,175g,https://www.themealdb.com/images/ingredients/Dark_Chocolate.png
52905,8,Double Cream,2 tbs,https://www.themealdb.com/images/ingredients/Double_Cream.png
52905,9,Egg Yolks,4,https://www.themealdb.com/images/ingredients/Egg_Yolks.png
52905,10,Egg White,5,https://www.themealdb.com/images/ingredients/Egg_White.png
52905,11,Double Cream,2 tbs,https://www.themealdb.com/images/ingredients/Double_Cream.png
52905,12,Icing Sugar,to serve,https://www.themealdb.com/images/ingredients/Icing_Sugar.png
52990,1,Butter,200g,https://www.themealdb.com/images/ingredients/Butter.png
52990,2,Muscovado Sugar,200g,https://www.themealdb.com/images/ingredients/Muscovado_Sugar.png
52990,3,Plain Flour,200g,https://www.themealdb.com/images/ingredients/Plain_Flour.png
52990,4,Eggs,4 Beaten,https://www.themealdb.com/images/ingredients/Eggs.png
52990,5,Ground Almonds,50g,https://www.themealdb.com/images/ingredients/Ground_Almonds.png
52990,6,Sherry,100ml,https://www.themealdb.com/images/ingredients/Sherry.png
52990,7,Candied Peel,85g,https://www.themealdb.com/images/ingredients/Candied_Peel.png
52990,8,Glace Cherry,85g,https://www.themealdb.com/images/ingredients/Glace_Cherry.png
52990,9,Raisins,250g,https://www.themealdb.com/images/ingredients/Raisins.png
52990,10,Currants,250g,https://www.themealdb.com/images/ingredients/Currants.png
52990,11,Pecan Nuts,100g,https://www.themealdb.com/images/ingredients/Pecan_Nuts.png
52990,12,Lemon,Grated zest of 1,https://www.themealdb.com/images/ingredients/Lemon.png
52990,13,Mixed Spice,1 ½ tbsp,https://www.themealdb.com/images/ingredients/Mixed_Spice.png
52990,14,Rose water,1 ½ tbsp,https://www.themealdb.com/images/ingredients/Rose_water.png
52990,15,Vanilla Extract,1/2 tsp,https://www.themealdb.com/images/ingredients/Vanilla_Extract.png
52990,16,Baking Powder,1/2 tsp,https://www.themealdb.com/images/ingredients/Baking_Powder.png
52788,1,salted butter,250g,https://www.themealdb.com/images/ingredients/salted_butter.png
52788,2,dark soft brown sugar,225g,https://www.themealdb.com/images/ingredients/dark_soft_brown_sugar.png
52788,3,golden syrup,150g,https://www.themealdb.com/images/ingredients/golden_syrup.png
52788,4,orange,Zest of 1,https://www.themealdb.com/images/ingredients/orange.png
52788,5,rolled oats,500g,https://www.themealdb.com/images/ingredients/rolled_oats.png
52788,6,Christmas pudding,250g,https://www.themealdb.com/images/ingredients/Christmas_pudding.png
52989,1,Orange,3,https://www.themealdb.com/images/ingredients/Orange.png
52989,2,Demerara Sugar,1 tbs,https://www.themealdb.com/images/ingredients/Demerara_Sugar.png
52989,3,Grand Marnier,2 tbs,https://www.themealdb.com/images/ingredients/Grand_Marnier.png
52989,4,Christmas Pudding,300g,https://www.themealdb.com/images/ingredients/Christmas_Pudding.png
52989,5,Custard,500g,https://www.themealdb.com/images/ingredients/Custard.png
52989,6,Mascarpone,250g,https://www.themealdb.com/images/ingredients/Mascarpone.png
52989,7,Double Cream,284ml,https://www.themealdb.com/images/ingredients/Double_Cream.png
52989,8,Flaked Almonds,Handful,https://www.themealdb.com/images/ingredients/Flaked_Almonds.png
52989,9,Dark Chocolate,Grated,https://www.themealdb.com/images/ingredients/Dark_Chocolate.png
53153,1,Butter,50g,https://www.themealdb.com/images/ingredients/Butter.png
53153,2,Vanilla Extract,1/2 teaspoon,https://www.themealdb.com/images/ingredients/Vanilla_Extract.png
53153,3,Plain Flour,250g,https://www.themealdb.com/images/ingredients/Plain_Flour.png
53153,4,Baking Powder,1 teaspoon,https://www.themealdb.com/images/ingredients/Baking_Powder.png
53153,5,Sunflower Oil,1 L,https://www.themealdb.com/images/ingredients/Sunflower_Oil.png
53153,6,Bread,2 chopped,https://www.themealdb.com/images/ingredients/Bread.png
53153,7,Dark Chocolate,200g,https://www.themealdb.com/images/ingredients/Dark_Chocolate.png
53153,8,Double Cream,100 ml,https://www.themealdb.com/images/ingredients/Double_Cream.png
53153,9,Milk,100 ml,https://www.themealdb.com/images/ingredients/Milk.png
53153,10,Golden Syrup,3  tablespoons,https://www.themealdb.com/images/ingredients/Golden_Syrup.png
53153,11,Vanilla Extract,1/2 teaspoon,https://www.themealdb.com/images/ingredients/Vanilla_Extract.png
53153,12,Caster Sugar,100g,https://www.themealdb.com/images/ingredients/Caster_Sugar.png
53153,13,Cinnamon,2 teaspoon,https://www.themealdb.com/images/ingredients/Cinnamon.png
53116,1,Unsalted Butter,100g,https://www.themealdb.com/images/ingredients/Unsalted_Butter.png
53116,2,Milk,200ml,https://www.themealdb.com/images/ingredients/Milk.png
53116,3,Salt,1 teaspoon,https://www.themealdb.com/images/ingredients/Salt.png
53116,4,Flour,250g,https://www.themealdb.com/images/ingredients/Flour.png
53116,5,Strong White Flour,250g,https://www.themealdb.com/images/ingredients/Strong_White_Flour.png
53116,6,Fast action yeast,1 1/2 tsp,https://www.themealdb.com/images/ingredients/Fast_action_yeast.png
53116,7,Cardamom,1 teaspoon,https://www.themealdb.com/images/ingredients/Cardamom.png
53116,8,Caster Sugar,1 tblsp,https://www.themealdb.com/images/ingredients/Caster_Sugar.png
53116,9,Egg,2,https://www.themealdb.com/images/ingredients/Egg.png
53116,10,Olive Oil,Dash,https://www.themealdb.com/images/ingredients/Olive_Oil.png
53116,11,Unsalted Butter,75g,https://www.themealdb.com/images/ingredients/Unsalted_Butter.png
53116,12,Caster Sugar,100g,https://www.themealdb.com/images/ingredients/Caster_Sugar.png
53116,13,Cinnamon,2 tbsp,https://www.themealdb.com/images/ingredients/Cinnamon.png
53116,14,Egg,1,https://www.themealdb.com/images/ingredients/Egg.png
52988,1,Almonds,50g,https://www.themealdb.com/images/ingredients/Almonds.png
52988,2,Bramley Apples,2 large,https://www.themealdb.com/images/ingredients/Bramley_Apples.png
52988,3,Candied Peel,200g,https://www.themealdb.com/images/ingredients/Candied_Peel.png
52988,4,Nutmeg,1 whole,https://www.themealdb.com/images/ingredients/Nutmeg.png
52988,5,Raisins,1kg,https://www.themealdb.com/images/ingredients/Raisins.png
52988,6,Plain Flour,140g,https://www.themealdb.com/images/ingredients/Plain_Flour.png
52988,7,Breadcrumbs,100g,https://www.themealdb.com/images/ingredients/Breadcrumbs.png
52988,8,Muscovado Sugar,100g,https://www.themealdb.com/images/ingredients/Muscovado_Sugar.png
52988,9,Eggs,3 Large,https://www.themealdb.com/images/ingredients/Eggs.png
52988,10,Brandy,2 tbs,https://www.themealdb.com/images/ingredients/Brandy.png
52988,11,Butter,250g,https://www.themealdb.com/images/ingredients/Butter.png
53291,1,Almonds,2 cups,https://www.themealdb.com/images/ingredients/Almonds.png
53291,2,Sugar,3/4 cup,https://www.themealdb.com/images/ingredients/Sugar.png
53291,3,Sugar,1 tablespoon,https://www.themealdb.com/images/ingredients/Sugar.png
53291,4,Ground Cinnamon,1/4 tsp,https://www.themealdb.com/images/ingredients/Ground_Cinnamon.png
53291,5,Egg,1,https://www.themealdb.com/images/ingredients/Egg.png
53291,6,Orange Blossom Water,1 tablespoon,https://www.themealdb.com/images/ingredients/Orange_Blossom_Water.png
53291,7,All purpose flour,2 cups,https://www.themealdb.com/images/ingredients/All_purpose_flour.png
53291,8,Unsalted Butter,1/2 cup,https://www.themealdb.com/images/ingredients/Unsalted_Butter.png
53291,9,Salt,1 pinch,https://www.themealdb.com/images/ingredients/Salt.png
53291,10,Egg,1 beaten,https://www.themealdb.com/images/ingredients/Egg.png
53291,11,Vegetable Oil,3  tablespoons,https://www.themealdb.com/images/ingredients/Vegetable_Oil.png
53291,12,Orange Blossom Water,1 ½ tbsp,https://www.themealdb.com/images/ingredients/Orange_Blossom_Water.png
53291,13,Pistachio,3  tablespoons,https://www.themealdb.com/images/ingredients/Pistachio.png
53148,1,Milk,400ml,https://www.themealdb.com/images/ingredients/Milk.png
53148,2,Double Cream,150ml,https://www.themealdb.com/images/ingredients/Double_Cream.png
53148,3,Cinnamon Stick,1,https://www.themealdb.com/images/ingredients/Cinnamon_Stick.png
53148,4,Orange Zest,1,https://www.themealdb.com/images/ingredients/Orange_Zest.png
53148,5,Lemon Zest,1,https://www.themealdb.com/images/ingredients/Lemon_Zest.png
53148,6,Egg Yolks,7,https://www.themealdb.com/images/ingredients/Egg_Yolks.png
53148,7,Caster Sugar,100g,https://www.themealdb.com/images/ingredients/Caster_Sugar.png
53148,8,Caster Sugar,6 tablespoons,https://www.themealdb.com/images/ingredients/Caster_Sugar.png
53148,9,Corn Flour,45g,https://www.themealdb.com/images/ingredients/Corn_Flour.png
53338,1,Pitted Dates,2 1/2 cups,https://www.themealdb.com/images/ingredients/Pitted_Dates.png
53338,2,Water,1 cup,https://www.themealdb.com/images/ingredients/Water.png
53338,3,Vanilla,1 1/2 cup,https://www.themealdb.com/images/ingredients/Vanilla.png
53338,4,Oats,2 cups,https://www.themealdb.com/images/ingredients/Oats.png
53338,5,All purpose flour,1 cup,https://www.themealdb.com/images/ingredients/All_purpose_flour.png
53338,6,Brown Sugar,1 cup,https://www.themealdb.com/images/ingredients/Brown_Sugar.png
53338,7,Baking Powder,1/2 tsp,https://www.themealdb.com/images/ingredients/Baking_Powder.png
53338,8,Salt,1/4 tsp,https://www.themealdb.com/images/ingredients/Salt.png
53338,9,Unsalted Butter,1 cup,https://www.themealdb.com/images/ingredients/Unsalted_Butter.png
53137,1,Milk,1 Litre,https://www.themealdb.com/images/ingredients/Milk.png
53137,2,Sugar,300g,https://www.themealdb.com/images/ingredients/Sugar.png
53137,3,Baking Powder,1/4 tsp,https://www.themealdb.com/images/ingredients/Baking_Powder.png
53137,4,Vanilla Extract,1 teaspoon,https://www.themealdb.com/images/ingredients/Vanilla_Extract.png
52899,1,Almonds,100g,https://www.themealdb.com/images/ingredients/Almonds.png
52899,2,Butter,180g,https://www.themealdb.com/images/ingredients/Butter.png
52899,3,Muscovado Sugar,180g,https://www.themealdb.com/images/ingredients/Muscovado_Sugar.png
52899,4,Orange,Zest of 1,https://www.themealdb.com/images/ingredients/Orange.png
52899,5,Apricot Jam,3 tbs,https://www.themealdb.com/images/ingredients/Apricot_Jam.png
52899,6,Plain Flour,225g,https://www.themealdb.com/images/ingredients/Plain_Flour.png
52899,7,Baking Powder,1 tsp,https://www.themealdb.com/images/ingredients/Baking_Powder.png
52899,8,Eggs,3 Large,https://www.themealdb.com/images/ingredients/Eggs.png
52899,9,Ground Almonds,100g,https://www.themealdb.com/images/ingredients/Ground_Almonds.png
52899,10,Milk,2 tbs,https://www.themealdb.com/images/ingredients/Milk.png
52899,11,Dried Fruit,500g,https://www.themealdb.com/images/ingredients/Dried_Fruit.png
52899,12,Glace Cherry,100g,https://www.themealdb.com/images/ingredients/Glace_Cherry.png
52899,13,Milk,1 tbs,https://www.themealdb.com/images/ingredients/Milk.png
52899,14,Caster Sugar,2 tsp,https://www.themealdb.com/images/ingredients/Caster_Sugar.png
53386,1,Butter,175g,https://www.themealdb.com/images/ingredients/Butter.png
53386,2,Egg Yolks,2,https://www.themealdb.com/images/ingredients/Egg_Yolks.png
53386,3,Flour,300g,https://www.themealdb.com/images/ingredients/Flour.png
53386,4,Sugar,200g,https://www.themealdb.com/images/ingredients/Sugar.png
53386,5,Salt,Pinch,https://www.themealdb.com/images/ingredients/Salt.png
53386,6,Cinnamon,1,https://www.themealdb.com/images/ingredients/Cinnamon.png
53386,7,Raisins,100g,https://www.themealdb.com/images/ingredients/Raisins.png
53386,8,Apples,6,https://www.themealdb.com/images/ingredients/Apples.png
53386,9,Cold Water,1 tablespoon,https://www.themealdb.com/images/ingredients/Cold_Water.png
53393,1,Flour,500g,https://www.themealdb.com/images/ingredients/Flour.png
53393,2,Milk,500ml,https://www.themealdb.com/images/ingredients/Milk.png
53393,3,Instant Yeast,10g,https://www.themealdb.com/images/ingredients/Instant_Yeast.png
53393,4,Salt,10g,https://www.themealdb.com/images/ingredients/Salt.png
53393,5,Sugar,25g,https://www.themealdb.com/images/ingredients/Sugar.png
53387,1,Self-raising Flour,250g,https://www.themealdb.com/images/ingredients/Self-raising_Flour.png
53387,2,Dark Brown Soft Sugar,250g,https://www.themealdb.com/images/ingredients/Dark_Brown_Soft_Sugar.png
53387,3,Milk,250g,https://www.themealdb.com/images/ingredients/Milk.png
53387,4,Sugar,4,https://www.themealdb.com/images/ingredients/Sugar.png
53387,5,Ginger,1 tablespoon,https://www.themealdb.com/images/ingredients/Ginger.png
53387,6,Cardamom,1/2 tsp,https://www.themealdb.com/images/ingredients/Cardamom.png
53387,7,Baking Powder,1 tsp,https://www.themealdb.com/images/ingredients/Baking_Powder.png
53387,8,Salt,Pinch,https://www.themealdb.com/images/ingredients/Salt.png
53382,1,Milk,15 ml,https://www.themealdb.com/images/ingredients/Milk.png
53382,2,Instant Yeast,10g,https://www.themealdb.com/images/ingredients/Instant_Yeast.png
53382,3,All purpose flour,250g,https://www.themealdb.com/images/ingredients/All_purpose_flour.png
53382,4,Unsalted Butter,120g,https://www.themealdb.com/images/ingredients/Unsalted_Butter.png
53382,5,Sugar,80g,https://www.themealdb.com/images/ingredients/Sugar.png
53382,6,Egg,1,https://www.themealdb.com/images/ingredients/Egg.png
53382,7,Salt,Pinch,https://www.themealdb.com/images/ingredients/Salt.png
53382,8,Dutch Stroop,200g,https://www.themealdb.com/images/ingredients/Dutch_Stroop.png
53382,9,Brown Sugar,120g,https://www.themealdb.com/images/ingredients/Brown_Sugar.png
53382,10,Unsalted Butter,80g,https://www.themealdb.com/images/ingredients/Unsalted_Butter.png
53382,11,Cinnamon,1 tsp,https://www.themealdb.com/images/ingredients/Cinnamon.png
53285,1,Sugar,1 cup,https://www.themealdb.com/images/ingredients/Sugar.png
53285,2,Water,1 cup,https://www.themealdb.com/images/ingredients/Water.png
53285,3,Lemon Juice,1 tsp,https://www.themealdb.com/images/ingredients/Lemon_Juice.png
53285,4,Orange Blossom Water,2 tablespoons,https://www.themealdb.com/images/ingredients/Orange_Blossom_Water.png
53285,5,All purpose flour,2 cups,https://www.themealdb.com/images/ingredients/All_purpose_flour.png
53285,6,Vegetable Oil,2 tablespoons,https://www.themealdb.com/images/ingredients/Vegetable_Oil.png
53285,7,Egg,1,https://www.themealdb.com/images/ingredients/Egg.png
53285,8,Lemon Juice,1/2 teaspoon,https://www.themealdb.com/images/ingredients/Lemon_Juice.png
53285,9,Salt,1 pinch,https://www.themealdb.com/images/ingredients/Salt.png
53285,10,Orange Blossom Water,1 tablespoon,https://www.themealdb.com/images/ingredients/Orange_Blossom_Water.png
53285,11,Almonds,4 cups,https://www.themealdb.com/images/ingredients/Almonds.png
53285,12,Sugar,1 cup,https://www.themealdb.com/images/ingredients/Sugar.png
53285,13,Egg,3,https://www.themealdb.com/images/ingredients/Egg.png
53285,14,Baking Powder,1/2 teaspoon,https://www.themealdb.com/images/ingredients/Baking_Powder.png
53285,15,Vanilla,1 tsp,https://www.themealdb.com/images/ingredients/Vanilla.png
53285,16,Lemon,Zest of 1,https://www.themealdb.com/images/ingredients/Lemon.png
53285,17,Orange Blossom Water,2 tablespoons,https://www.themealdb.com/images/ingredients/Orange_Blossom_Water.png
53285,18,Cornstarch,Sprinkling,https://www.themealdb.com/images/ingredients/Cornstarch.png
53285,19,Pine Nuts,To serve,https://www.themealdb.com/images/ingredients/Pine_Nuts.png
52888,1,Butter,250g,https://www.themealdb.com/images/ingredients/Butter.png
52888,2,Plain Flour,350g,https://www.themealdb.com/images/ingredients/Plain_Flour.png
52888,3,Lemon,Juice of 1/2,https://www.themealdb.com/images/ingredients/Lemon.png
52888,4,Butter,25g,https://www.themealdb.com/images/ingredients/Butter.png
52888,5,Currants,200g,https://www.themealdb.com/images/ingredients/Currants.png
52888,6,Mixed Peel,50g,https://www.themealdb.com/images/ingredients/Mixed_Peel.png
52888,7,Muscovado Sugar,100g,https://www.themealdb.com/images/ingredients/Muscovado_Sugar.png
52888,8,Cinnamon,1 tsp,https://www.themealdb.com/images/ingredients/Cinnamon.png
52888,9,Ginger,1 tsp,https://www.themealdb.com/images/ingredients/Ginger.png
52888,10,Allspice,1 tsp,https://www.themealdb.com/images/ingredients/Allspice.png
52888,11,Lemon,Zest of 1,https://www.themealdb.com/images/ingredients/Lemon.png
52888,12,Eggs,1 beaten,https://www.themealdb.com/images/ingredients/Eggs.png
52888,13,Sugar,spinkling,https://www.themealdb.com/images/ingredients/Sugar.png
53149,1,Yeast,5g,https://www.themealdb.com/images/ingredients/Yeast.png
53149,2,Caster Sugar,200g,https://www.themealdb.com/images/ingredients/Caster_Sugar.png
53149,3,Egg,2 medium,https://www.themealdb.com/images/ingredients/Egg.png
53149,4,Strong white bread flour,600g,https://www.themealdb.com/images/ingredients/Strong_white_bread_flour.png
53149,5,Vegetable Oil,Drizzle,https://www.themealdb.com/images/ingredients/Vegetable_Oil.png
53149,6,Lard,100g,https://www.themealdb.com/images/ingredients/Lard.png
52791,1,strawberries,500g,https://www.themealdb.com/images/ingredients/strawberries.png
52791,2,double cream,400ml,https://www.themealdb.com/images/ingredients/double_cream.png
52791,3,meringue nests,3 x 7.5cm,https://www.themealdb.com/images/ingredients/meringue_nests.png
52791,4,ginger cordial,1 tbsp,https://www.themealdb.com/images/ingredients/ginger_cordial.png
52791,5,Mint,sprigs of fresh,https://www.themealdb.com/images/ingredients/Mint.png
53342,1,All purpose flour,2 cups,https://www.themealdb.com/images/ingredients/All_purpose_flour.png
53342,2,Brown Sugar,1/2 cup,https://www.themealdb.com/images/ingredients/Brown_Sugar.png
53342,3,Baking Powder,2 tsp,https://www.themealdb.com/images/ingredients/Baking_Powder.png
53342,4,Ginger,1 tsp,https://www.themealdb.com/images/ingredients/Ginger.png
53342,5,Allspice,1 tsp,https://www.themealdb.com/images/ingredients/Allspice.png
53342,6,Cinnamon,1 tsp,https://www.themealdb.com/images/ingredients/Cinnamon.png
53342,7,Raisins,1 cup,https://www.themealdb.com/images/ingredients/Raisins.png
53342,8,Melted Butter,1/3 cup,https://www.themealdb.com/images/ingredients/Melted_Butter.png
53342,9,Molasses,1/2 cup,https://www.themealdb.com/images/ingredients/Molasses.png
53342,10,Water,1 tablespoon,https://www.themealdb.com/images/ingredients/Water.png
53322,1,Sugar,100g,https://www.themealdb.com/images/ingredients/Sugar.png
53322,2,Milk,350g,https://www.themealdb.com/images/ingredients/Milk.png
53322,3,Sugar,45g,https://www.themealdb.com/images/ingredients/Sugar.png
53322,4,vanilla pod,1,https://www.themealdb.com/images/ingredients/vanilla_pod.png
53322,5,Egg Yolks,4,https://www.themealdb.com/images/ingredients/Egg_Yolks.png
53322,6,Egg,2,https://www.themealdb.com/images/ingredients/Egg.png
53322,7,Dulce de leche,To taste,https://www.themealdb.com/images/ingredients/Dulce_de_leche.png
53341,1,Graham Cracker Crumbs,1 1/2 cups,https://www.themealdb.com/images/ingredients/Graham_Cracker_Crumbs.png
53341,2,Melted Butter,6 tablespoons,https://www.themealdb.com/images/ingredients/Melted_Butter.png
53341,3,Sugar,1/2 cup,https://www.themealdb.com/images/ingredients/Sugar.png
53341,4,Ground Cinnamon,1/2 tsp,https://www.themealdb.com/images/ingredients/Ground_Cinnamon.png
53341,5,Milk,2 1/2 cups,https://www.themealdb.com/images/ingredients/Milk.png
53341,6,Sugar,1/2 cup,https://www.themealdb.com/images/ingredients/Sugar.png
53341,7,Cornstarch,1/4 cup,https://www.themealdb.com/images/ingredients/Cornstarch.png
53341,8,Egg Yolks,3,https://www.themealdb.com/images/ingredients/Egg_Yolks.png
53341,9,Vanilla Extract,1 tsp,https://www.themealdb.com/images/ingredients/Vanilla_Extract.png
53341,10,Salt,1/4 tsp,https://www.themealdb.com/images/ingredients/Salt.png
53341,11,Egg White,3,https://www.themealdb.com/images/ingredients/Egg_White.png
53341,12,Sugar,1/4 cup,https://www.themealdb.com/images/ingredients/Sugar.png
53341,13,Cream Of Tartar,1/4 tsp,https://www.themealdb.com/images/ingredients/Cream_Of_Tartar.png
53131,1,Granulated Sugar,3/4 cup,https://www.themealdb.com/images/ingredients/Granulated_Sugar.png
53131,2,Vanilla Extract,1 teaspoon,https://www.themealdb.com/images/ingredients/Vanilla_Extract.png
53131,3,Butter,2/3 Cup,https://www.themealdb.com/images/ingredients/Butter.png
53131,4,Egg Yolks,4,https://www.themealdb.com/images/ingredients/Egg_Yolks.png
53131,5,Flour,2 cups,https://www.themealdb.com/images/ingredients/Flour.png
53131,6,Baking Powder,1 teaspoon,https://www.themealdb.com/images/ingredients/Baking_Powder.png
53131,7,Almonds,1 1/2 cups,https://www.themealdb.com/images/ingredients/Almonds.png
53131,8,Brown Sugar,3/4 cup,https://www.themealdb.com/images/ingredients/Brown_Sugar.png
53131,9,Melted Butter,2 tbsp,https://www.themealdb.com/images/ingredients/Melted_Butter.png
53131,10,Egg,2 medium,https://www.themealdb.com/images/ingredients/Egg.png
53131,11,Brandy,2 tablespoons,https://www.themealdb.com/images/ingredients/Brandy.png
53131,12,Almond Extract,5 drops,https://www.themealdb.com/images/ingredients/Almond_Extract.png
53131,13,Egg,1,https://www.themealdb.com/images/ingredients/Egg.png
53381,1,Self-raising Flour,300g,https://www.themealdb.com/images/ingredients/Self-raising_Flour.png
53381,2,Brown Sugar,150g,https://www.themealdb.com/images/ingredients/Brown_Sugar.png
53381,3,Speculaas Spice Mix,10g,https://www.themealdb.com/images/ingredients/Speculaas_Spice_Mix.png
53381,4,Salt,Pinch,https://www.themealdb.com/images/ingredients/Salt.png
53381,5,Butter,125g,https://www.themealdb.com/images/ingredients/Butter.png
53381,6,Milk,10 tblsp,https://www.themealdb.com/images/ingredients/Milk.png
53381,7,Almond Paste,300g,https://www.themealdb.com/images/ingredients/Almond_Paste.png
53381,8,Egg,1,https://www.themealdb.com/images/ingredients/Egg.png
53381,9,Milk,For brushing,https://www.themealdb.com/images/ingredients/Milk.png
53381,10,Almonds,Garnish,https://www.themealdb.com/images/ingredients/Almonds.png
53346,1,Heavy Cream,2 cups,https://www.themealdb.com/images/ingredients/Heavy_Cream.png
53346,2,Condensed Milk,1 1/4 oz,https://www.themealdb.com/images/ingredients/Condensed_Milk.png
53346,3,Vanilla Extract,1 tsp,https://www.themealdb.com/images/ingredients/Vanilla_Extract.png
53346,4,Grape Nut Cereal,1 cup,https://www.themealdb.com/images/ingredients/Grape_Nut_Cereal.png
53007,1,Digestive Biscuits,100g,https://www.themealdb.com/images/ingredients/Digestive_Biscuits.png
53007,2,Almonds,85g,https://www.themealdb.com/images/ingredients/Almonds.png
53007,3,Butter,85g,https://www.themealdb.com/images/ingredients/Butter.png
53007,4,Greek Yogurt,250ml,https://www.themealdb.com/images/ingredients/Greek_Yogurt.png
53007,5,Mascarpone,750g,https://www.themealdb.com/images/ingredients/Mascarpone.png
53007,6,Eggs,2,https://www.themealdb.com/images/ingredients/Eggs.png
53007,7,Lemon,Zest of 1,https://www.themealdb.com/images/ingredients/Lemon.png
53007,8,Orange,Zest of 1,https://www.themealdb.com/images/ingredients/Orange.png
53007,9,Honey,250ml,https://www.themealdb.com/images/ingredients/Honey.png
53007,10,Fruit Mix,To serve,https://www.themealdb.com/images/ingredients/Fruit_Mix.png
52787,1,Chocolate Chips,2 cups,https://www.themealdb.com/images/ingredients/Chocolate_Chips.png
52787,2,Heavy Cream,2 tbs,https://www.themealdb.com/images/ingredients/Heavy_Cream.png
52787,3,Condensed Milk,1 – 14-ounce can,https://www.themealdb.com/images/ingredients/Condensed_Milk.png
52787,4,Vanilla Extract,1 tsp,https://www.themealdb.com/images/ingredients/Vanilla_Extract.png
52787,5,White Chocolate Chips,1-⅓ cups,https://www.themealdb.com/images/ingredients/White_Chocolate_Chips.png
52787,6,Miniature Marshmallows,1-½ cups,https://www.themealdb.com/images/ingredients/Miniature_Marshmallows.png
53339,1,Egg,1,https://www.themealdb.com/images/ingredients/Egg.png
53339,2,Butter,1 cup,https://www.themealdb.com/images/ingredients/Butter.png
53339,3,Sugar,1 cup,https://www.themealdb.com/images/ingredients/Sugar.png
53339,4,Molasses,1/2 cup,https://www.themealdb.com/images/ingredients/Molasses.png
53339,5,Vanilla,1 tsp,https://www.themealdb.com/images/ingredients/Vanilla.png
53339,6,Baking Powder,2 tsp,https://www.themealdb.com/images/ingredients/Baking_Powder.png
53339,7,Water,3  tablespoons,https://www.themealdb.com/images/ingredients/Water.png
53339,8,Baking Powder,2 tablespoons,https://www.themealdb.com/images/ingredients/Baking_Powder.png
53339,9,Cinnamon,1 tsp,https://www.themealdb.com/images/ingredients/Cinnamon.png
53339,10,Salt,2 tsp,https://www.themealdb.com/images/ingredients/Salt.png
53339,11,Flour,4 cups,https://www.themealdb.com/images/ingredients/Flour.png
53339,12,Jam,2 cups,https://www.themealdb.com/images/ingredients/Jam.png
52890,1,Butter,50g,https://www.themealdb.com/images/ingredients/Butter.png
52890,2,Self-raising Flour,250g,https://www.themealdb.com/images/ingredients/Self-raising_Flour.png
52890,3,Vanilla,1 small,https://www.themealdb.com/images/ingredients/Vanilla.png
52890,4,Suet,50g,https://www.themealdb.com/images/ingredients/Suet.png
52890,5,Milk,150ml,https://www.themealdb.com/images/ingredients/Milk.png
52890,6,Raspberry Jam,100g,https://www.themealdb.com/images/ingredients/Raspberry_Jam.png
52890,7,Custard,to serve,https://www.themealdb.com/images/ingredients/Custard.png
53351,1,Banana,3 Medium,https://www.themealdb.com/images/ingredients/Banana.png
53351,2,Vanilla Extract,1 tsp,https://www.themealdb.com/images/ingredients/Vanilla_Extract.png
53351,3,Cinnamon,1/2 tsp,https://www.themealdb.com/images/ingredients/Cinnamon.png
53351,4,Nutmeg,1/4 tsp,https://www.themealdb.com/images/ingredients/Nutmeg.png
53351,5,Brown Sugar,3  tablespoons,https://www.themealdb.com/images/ingredients/Brown_Sugar.png
53351,6,Salt,Pinch,https://www.themealdb.com/images/ingredients/Salt.png
53351,7,All purpose flour,1 cup,https://www.themealdb.com/images/ingredients/All_purpose_flour.png
53351,8,Oil,For frying,https://www.themealdb.com/images/ingredients/Oil.png
53348,1,All purpose flour,380g,https://www.themealdb.com/images/ingredients/All_purpose_flour.png
53348,2,Baking Powder,2 tsp,https://www.themealdb.com/images/ingredients/Baking_Powder.png
53348,3,Ground Cinnamon,2 tsp,https://www.themealdb.com/images/ingredients/Ground_Cinnamon.png
53348,4,Salt,1/2 tsp,https://www.themealdb.com/images/ingredients/Salt.png
53348,5,Egg,1 large,https://www.themealdb.com/images/ingredients/Egg.png
53348,6,Brown Sugar,150g,https://www.themealdb.com/images/ingredients/Brown_Sugar.png
53348,7,Beer,250g,https://www.themealdb.com/images/ingredients/Beer.png
53348,8,Milk,1/3 cup,https://www.themealdb.com/images/ingredients/Milk.png
53348,9,Honey,1/4 cup,https://www.themealdb.com/images/ingredients/Honey.png
53348,10,Unsalted Butter,4 tablespoons,https://www.themealdb.com/images/ingredients/Unsalted_Butter.png
53348,11,Molasses,1 tablespoon,https://www.themealdb.com/images/ingredients/Molasses.png
53348,12,Caramelized Sugar Sauce,1 tsp,https://www.themealdb.com/images/ingredients/Caramelized_Sugar_Sauce.png
53348,13,Vanilla Extract,1 tsp,https://www.themealdb.com/images/ingredients/Vanilla_Extract.png
53348,14,Dried cranberries,1/2 cup,https://www.themealdb.com/images/ingredients/Dried_cranberries.png
53348,15,Raisins,1/2 cup,https://www.themealdb.com/images/ingredients/Raisins.png
53348,16,Dried Cherries,1/2 cup,https://www.themealdb.com/images/ingredients/Dried_Cherries.png
53344,1,Sweet Potatoes,2 Lbs,https://www.themealdb.com/images/ingredients/Sweet_Potatoes.png
53344,2,Coconut Milk,1 1/2 cup,https://www.themealdb.com/images/ingredients/Coconut_Milk.png
53344,3,Brown Sugar,1 1/2 cup,https://www.themealdb.com/images/ingredients/Brown_Sugar.png
53344,4,All purpose flour,1/2 cup,https://www.themealdb.com/images/ingredients/All_purpose_flour.png
53344,5,Vanilla Extract,1 tablespoon,https://www.themealdb.com/images/ingredients/Vanilla_Extract.png
53344,6,Allspice,1 teaspoon,https://www.themealdb.com/images/ingredients/Allspice.png
53344,7,Ground Cinnamon,1 tsp,https://www.themealdb.com/images/ingredients/Ground_Cinnamon.png
53344,8,Ground Nutmeg,1 tsp,https://www.themealdb.com/images/ingredients/Ground_Nutmeg.png
53344,9,Ground Ginger,1/2 tsp,https://www.themealdb.com/images/ingredients/Ground_Ginger.png
53344,10,Salt,1/4 tsp,https://www.themealdb.com/images/ingredients/Salt.png
53344,11,Raisins,1/2 cup,https://www.themealdb.com/images/ingredients/Raisins.png
53344,12,Coconut Milk,3/4 cup,https://www.themealdb.com/images/ingredients/Coconut_Milk.png
53344,13,Brown Sugar,1 tablespoon,https://www.themealdb.com/images/ingredients/Brown_Sugar.png
53344,14,Ground Cinnamon,1/8 teaspoon,https://www.themealdb.com/images/ingredients/Ground_Cinnamon.png
53344,15,Ground Nutmeg,1/8 teaspoon,https://www.themealdb.com/images/ingredients/Ground_Nutmeg.png
52859,1,Digestive Biscuits,300g,https://www.themealdb.com/images/ingredients/Digestive_Biscuits.png
52859,2,Butter,150g,https://www.themealdb.com/images/ingredients/Butter.png
52859,3,Condensed Milk,400g,https://www.themealdb.com/images/ingredients/Condensed_Milk.png
52859,4,Egg Yolks,3,https://www.themealdb.com/images/ingredients/Egg_Yolks.png
52859,5,Lime,4,https://www.themealdb.com/images/ingredients/Lime.png
52859,6,Double Cream,300ml,https://www.themealdb.com/images/ingredients/Double_Cream.png
52859,7,Icing Sugar,1 tbls,https://www.themealdb.com/images/ingredients/Icing_Sugar.png
52859,8,Lime,to serve,https://www.themealdb.com/images/ingredients/Lime.png
53216,1,Knafeh,400g,https://www.themealdb.com/images/ingredients/Knafeh.png
53216,2,Unsalted Butter,6 tablespoons,https://www.themealdb.com/images/ingredients/Unsalted_Butter.png
53216,3,Yellow Food Colouring,1 pinch,https://www.themealdb.com/images/ingredients/Yellow_Food_Colouring.png
53216,4,Mozzarella,1 cup,https://www.themealdb.com/images/ingredients/Mozzarella.png
53216,5,Cream Cheese,1/4 cup,https://www.themealdb.com/images/ingredients/Cream_Cheese.png
53216,6,Milk,1 1/2 cup,https://www.themealdb.com/images/ingredients/Milk.png
53216,7,Sugar,4 tablespoons,https://www.themealdb.com/images/ingredients/Sugar.png
53216,8,Corn Flour,2 tablespoons,https://www.themealdb.com/images/ingredients/Corn_Flour.png
53216,9,Sugar,1 cup,https://www.themealdb.com/images/ingredients/Sugar.png
53216,10,Water,1 cup,https://www.themealdb.com/images/ingredients/Water.png
53216,11,Rose water,1 tsp,https://www.themealdb.com/images/ingredients/Rose_water.png
53216,12,Lemon Juice,1/2 teaspoon,https://www.themealdb.com/images/ingredients/Lemon_Juice.png
53015,1,Yeast,1/4 ounce,https://www.themealdb.com/images/ingredients/Yeast.png
53015,2,Water,1/4 cup,https://www.themealdb.com/images/ingredients/Water.png
53015,3,Water,1 1/2 cups,https://www.themealdb.com/images/ingredients/Water.png
53015,4,Sugar,1/2 cup,https://www.themealdb.com/images/ingredients/Sugar.png
53015,5,Salt,1 tsp,https://www.themealdb.com/images/ingredients/Salt.png
53015,6,Eggs,2,https://www.themealdb.com/images/ingredients/Eggs.png
53015,7,Shortening,1/3 cup,https://www.themealdb.com/images/ingredients/Shortening.png
53015,8,Flour,5 drops,https://www.themealdb.com/images/ingredients/Flour.png
53015,9,Canola Oil,Sprinking,https://www.themealdb.com/images/ingredients/Canola_Oil.png
53015,10,Milk,1/2 cup,https://www.themealdb.com/images/ingredients/Milk.png
53015,11,Sugar,2 cups,https://www.themealdb.com/images/ingredients/Sugar.png
53015,12,Vanilla,1 1/2 cups,https://www.themealdb.com/images/ingredients/Vanilla.png
53015,13,Boiling Water,6 tablespoons,https://www.themealdb.com/images/ingredients/Boiling_Water.png
53015,14,Butter,1/3 cup,https://www.themealdb.com/images/ingredients/Butter.png
53128,1,Egg Yolks,2 large,https://www.themealdb.com/images/ingredients/Egg_Yolks.png
53128,2,Cornstarch,2 tblsp,https://www.themealdb.com/images/ingredients/Cornstarch.png
53128,3,Granulated Sugar,1/4 cup,https://www.themealdb.com/images/ingredients/Granulated_Sugar.png
53128,4,Heavy Cream,2/3 Cup,https://www.themealdb.com/images/ingredients/Heavy_Cream.png
53128,5,Milk,3/4 cup,https://www.themealdb.com/images/ingredients/Milk.png
53128,6,vanilla pod,1,https://www.themealdb.com/images/ingredients/vanilla_pod.png
53128,7,Butter,2/3 Cup,https://www.themealdb.com/images/ingredients/Butter.png
53128,8,Granulated Sugar,3/4 cup,https://www.themealdb.com/images/ingredients/Granulated_Sugar.png
53128,9,Egg Yolks,5 Large,https://www.themealdb.com/images/ingredients/Egg_Yolks.png
53128,10,Flour,1 1/4 cup,https://www.themealdb.com/images/ingredients/Flour.png
53128,11,Baking Powder,1.5 tsp,https://www.themealdb.com/images/ingredients/Baking_Powder.png
53128,12,Milk,1/2 cup,https://www.themealdb.com/images/ingredients/Milk.png
53128,13,Egg White,7,https://www.themealdb.com/images/ingredients/Egg_White.png
53128,14,Granulated Sugar,1 1/2 cups,https://www.themealdb.com/images/ingredients/Granulated_Sugar.png
53128,15,Almonds,Sliced,https://www.themealdb.com/images/ingredients/Almonds.png
53128,16,Whipping Cream,1 1/4 cup,https://www.themealdb.com/images/ingredients/Whipping_Cream.png
53104,1,Salted Butter,125g,https://www.themealdb.com/images/ingredients/Salted_Butter.png
53104,2,Golden Caster Sugar,250g,https://www.themealdb.com/images/ingredients/Golden_Caster_Sugar.png
53104,3,Egg,3 Large,https://www.themealdb.com/images/ingredients/Egg.png
53104,4,Self-raising Flour,250g,https://www.themealdb.com/images/ingredients/Self-raising_Flour.png
53104,5,Milk,3  tablespoons,https://www.themealdb.com/images/ingredients/Milk.png
53104,6,Salt,1/2 teaspoon,https://www.themealdb.com/images/ingredients/Salt.png
53104,7,Double Cream,250ml,https://www.themealdb.com/images/ingredients/Double_Cream.png
53104,8,Icing Sugar,2 tblsp,https://www.themealdb.com/images/ingredients/Icing_Sugar.png
53104,9,Raspberry Jam,200g,https://www.themealdb.com/images/ingredients/Raspberry_Jam.png
53104,10,Desiccated Coconut,350g,https://www.themealdb.com/images/ingredients/Desiccated_Coconut.png
53104,11,Unsalted Butter,80g,https://www.themealdb.com/images/ingredients/Unsalted_Butter.png
53104,12,Milk,250ml,https://www.themealdb.com/images/ingredients/Milk.png
53104,13,Cocoa Powder,50g,https://www.themealdb.com/images/ingredients/Cocoa_Powder.png
53104,14,Icing Sugar,400g,https://www.themealdb.com/images/ingredients/Icing_Sugar.png
52900,1,Butter,175g,https://www.themealdb.com/images/ingredients/Butter.png
52900,2,Caster Sugar,175g,https://www.themealdb.com/images/ingredients/Caster_Sugar.png
52900,3,Eggs,3,https://www.themealdb.com/images/ingredients/Eggs.png
52900,4,Self-raising Flour,250g,https://www.themealdb.com/images/ingredients/Self-raising_Flour.png
52900,5,Milk,3 tbs,https://www.themealdb.com/images/ingredients/Milk.png
52900,6,Lemon,Zest of 1,https://www.themealdb.com/images/ingredients/Lemon.png
52900,7,Mixed Peel,To Glaze,https://www.themealdb.com/images/ingredients/Mixed_Peel.png
53221,1,Plain Flour,300g,https://www.themealdb.com/images/ingredients/Plain_Flour.png
53221,2,Semolina,200g,https://www.themealdb.com/images/ingredients/Semolina.png
53221,3,Sunflower Oil,25g,https://www.themealdb.com/images/ingredients/Sunflower_Oil.png
53221,4,Unsalted Butter,250g,https://www.themealdb.com/images/ingredients/Unsalted_Butter.png
53221,5,Milk,50 ml,https://www.themealdb.com/images/ingredients/Milk.png
53221,6,Icing Sugar,60g,https://www.themealdb.com/images/ingredients/Icing_Sugar.png
53132,1,Flour,3 Cups,https://www.themealdb.com/images/ingredients/Flour.png
53132,2,Powdered Sugar,1 1/4 cup,https://www.themealdb.com/images/ingredients/Powdered_Sugar.png
53132,3,Butter,200g,https://www.themealdb.com/images/ingredients/Butter.png
53132,4,Egg,1,https://www.themealdb.com/images/ingredients/Egg.png
53132,5,Egg,3,https://www.themealdb.com/images/ingredients/Egg.png
53132,6,Powdered Sugar,1 1/4 cup,https://www.themealdb.com/images/ingredients/Powdered_Sugar.png
53132,7,Butter,100g,https://www.themealdb.com/images/ingredients/Butter.png
53132,8,Vanilla Extract,2 teaspoons,https://www.themealdb.com/images/ingredients/Vanilla_Extract.png
53132,9,Flour,2 tblsp,https://www.themealdb.com/images/ingredients/Flour.png
53132,10,Almond Flour,2 cups,https://www.themealdb.com/images/ingredients/Almond_Flour.png
53132,11,Almond Extract,1 teaspoon,https://www.themealdb.com/images/ingredients/Almond_Extract.png
53132,12,Powdered Sugar,2 cups,https://www.themealdb.com/images/ingredients/Powdered_Sugar.png
53132,13,Heavy Cream,3  tablespoons,https://www.themealdb.com/images/ingredients/Heavy_Cream.png
53132,14,Almond Extract,1/4 tsp,https://www.themealdb.com/images/ingredients/Almond_Extract.png
52991,1,Butter,225g,https://www.themealdb.com/images/ingredients/Butter.png
52991,2,Plain Flour,350g,https://www.themealdb.com/images/ingredients/Plain_Flour.png
52991,3,Caster Sugar,100g,https://www.themealdb.com/images/ingredients/Caster_Sugar.png
52991,4,Mincemeat,280g,https://www.themealdb.com/images/ingredients/Mincemeat.png
52991,5,Egg,1 small,https://www.themealdb.com/images/ingredients/Egg.png
52991,6,Icing Sugar,Topping,https://www.themealdb.com/images/ingredients/Icing_Sugar.png
53304,1,Butter,150g,https://www.themealdb.com/images/ingredients/Butter.png
53304,2,Plain Flour,175g,https://www.themealdb.com/images/ingredients/Plain_Flour.png
53304,3,Caster Sugar,125g,https://www.themealdb.com/images/ingredients/Caster_Sugar.png
53304,4,Egg,3,https://www.themealdb.com/images/ingredients/Egg.png
53304,5,Baking Powder,1 tsp,https://www.themealdb.com/images/ingredients/Baking_Powder.png
53304,6,Cocoa Powder,2 tsp,https://www.themealdb.com/images/ingredients/Cocoa_Powder.png
53304,7,Milk,3  tablespoons,https://www.themealdb.com/images/ingredients/Milk.png
53304,8,Icing Sugar,1 tablespoon,https://www.themealdb.com/images/ingredients/Icing_Sugar.png
52924,1,Custard,125g,https://www.themealdb.com/images/ingredients/Custard.png
52924,2,Caster Sugar,50g,https://www.themealdb.com/images/ingredients/Caster_Sugar.png
52924,3,Cocoa,5 tbs,https://www.themealdb.com/images/ingredients/Cocoa.png
52924,4,Egg,1 beaten,https://www.themealdb.com/images/ingredients/Egg.png
52924,5,Digestive Biscuits,200g shredded,https://www.themealdb.com/images/ingredients/Digestive_Biscuits.png
52924,6,Desiccated Coconut,100g,https://www.themealdb.com/images/ingredients/Desiccated_Coconut.png
52924,7,Almonds,50g,https://www.themealdb.com/images/ingredients/Almonds.png
52924,8,Butter,100g,https://www.themealdb.com/images/ingredients/Butter.png
52924,9,Double Cream,4 tbs,https://www.themealdb.com/images/ingredients/Double_Cream.png
52924,10,Custard Powder,3 tbs,https://www.themealdb.com/images/ingredients/Custard_Powder.png
52924,11,Icing Sugar,250g,https://www.themealdb.com/images/ingredients/Icing_Sugar.png
52924,12,Dark Chocolate,150g,https://www.themealdb.com/images/ingredients/Dark_Chocolate.png
52924,13,Butter,50g,https://www.themealdb.com/images/ingredients/Butter.png
52858,1,Butter,85g,https://www.themealdb.com/images/ingredients/Butter.png
52858,2,Sour Cream,140g,https://www.themealdb.com/images/ingredients/Sour_Cream.png
52858,3,Sugar,1tbsp,https://www.themealdb.com/images/ingredients/Sugar.png
52858,4,Cream Cheese,900g,https://www.themealdb.com/images/ingredients/Cream_Cheese.png
52858,5,Caster Sugar,250g,https://www.themealdb.com/images/ingredients/Caster_Sugar.png
52858,6,Plain Flour,3 tbs,https://www.themealdb.com/images/ingredients/Plain_Flour.png
52858,7,Lemon Juice,1 ½ teaspoons,https://www.themealdb.com/images/ingredients/Lemon_Juice.png
52858,8,Eggs,3 Large,https://www.themealdb.com/images/ingredients/Eggs.png
52858,9,Sour Cream,250ml,https://www.themealdb.com/images/ingredients/Sour_Cream.png
52858,10,Sour Cream,150ml,https://www.themealdb.com/images/ingredients/Sour_Cream.png
52858,11,Caster Sugar,1 tbsp,https://www.themealdb.com/images/ingredients/Caster_Sugar.png
52858,12,Lemon Juice,2 tsp,https://www.themealdb.com/images/ingredients/Lemon_Juice.png
53347,1,Dark Rum,1/2 cup,https://www.themealdb.com/images/ingredients/Dark_Rum.png
53347,2,Raisins,1 cup,https://www.themealdb.com/images/ingredients/Raisins.png
53347,3,Vanilla Extract,1 tsp,https://www.themealdb.com/images/ingredients/Vanilla_Extract.png
53347,4,Condensed Milk,14 oz jar,https://www.themealdb.com/images/ingredients/Condensed_Milk.png
53347,5,Brown Sugar,2 tablespoons,https://www.themealdb.com/images/ingredients/Brown_Sugar.png
53347,6,Ground Cinnamon,1/4 tsp,https://www.themealdb.com/images/ingredients/Ground_Cinnamon.png
53347,7,Allspice,1/8 teaspoon,https://www.themealdb.com/images/ingredients/Allspice.png
53347,8,Heavy Cream,2 cups,https://www.themealdb.com/images/ingredients/Heavy_Cream.png
53347,9,Salt,Pinch,https://www.themealdb.com/images/ingredients/Salt.png
53129,1,Egg,3 Large,https://www.themealdb.com/images/ingredients/Egg.png
53129,2,Sugar,3/4 cup,https://www.themealdb.com/images/ingredients/Sugar.png
53129,3,Butter,2/3 Cup,https://www.themealdb.com/images/ingredients/Butter.png
53129,4,Cardamom,1 teaspoon,https://www.themealdb.com/images/ingredients/Cardamom.png
53129,5,Nutmeg,1 pinch,https://www.themealdb.com/images/ingredients/Nutmeg.png
53129,6,Salt,1/2 teaspoon,https://www.themealdb.com/images/ingredients/Salt.png
53129,7,Flour,1 1/4 cup,https://www.themealdb.com/images/ingredients/Flour.png
53129,8,Water,Splash,https://www.themealdb.com/images/ingredients/Water.png
52854,1,Flour,100g,https://www.themealdb.com/images/ingredients/Flour.png
52854,2,Eggs,2 large,https://www.themealdb.com/images/ingredients/Eggs.png
52854,3,Milk,300ml,https://www.themealdb.com/images/ingredients/Milk.png
52854,4,Sunflower Oil,1 tbls,https://www.themealdb.com/images/ingredients/Sunflower_Oil.png
52854,5,Sugar,to serve,https://www.themealdb.com/images/ingredients/Sugar.png
52854,6,Raspberries,to serve,https://www.themealdb.com/images/ingredients/Raspberries.png
52854,7,Blueberries,to serve,https://www.themealdb.com/images/ingredients/Blueberries.png
52902,1,Butter,200g,https://www.themealdb.com/images/ingredients/Butter.png
52902,2,Egg,1 large,https://www.themealdb.com/images/ingredients/Egg.png
52902,3,Milk,4 tbs,https://www.themealdb.com/images/ingredients/Milk.png
52902,4,Golden Syrup,200g,https://www.themealdb.com/images/ingredients/Golden_Syrup.png
52902,5,Black Treacle,85g,https://www.themealdb.com/images/ingredients/Black_Treacle.png
52902,6,Brown Sugar,85g,https://www.themealdb.com/images/ingredients/Brown_Sugar.png
52902,7,Oatmeal,100g,https://www.themealdb.com/images/ingredients/Oatmeal.png
52902,8,Self-raising Flour,250g,https://www.themealdb.com/images/ingredients/Self-raising_Flour.png
52902,9,Ground Ginger,1 tbs,https://www.themealdb.com/images/ingredients/Ground_Ginger.png
53333,1,Unflavoured Gelatin,1 ½ tbsp,https://www.themealdb.com/images/ingredients/Unflavoured_Gelatin.png
53333,2,Passion Fruit Pulp,1,https://www.themealdb.com/images/ingredients/Passion_Fruit_Pulp.png
53333,3,Sugar,1 cup,https://www.themealdb.com/images/ingredients/Sugar.png
53333,4,Condensed Milk,1 Can,https://www.themealdb.com/images/ingredients/Condensed_Milk.png
53333,5,Egg White,6,https://www.themealdb.com/images/ingredients/Egg_White.png
53333,6,Mint,1 Sprig,https://www.themealdb.com/images/ingredients/Mint.png
52862,1,Corn Flour,1 tsp,https://www.themealdb.com/images/ingredients/Corn_Flour.png
52862,2,Orange,Juice of 2,https://www.themealdb.com/images/ingredients/Orange.png
52862,3,Orange,Zest of 1,https://www.themealdb.com/images/ingredients/Orange.png
52862,4,Caster Sugar,2 tbs,https://www.themealdb.com/images/ingredients/Caster_Sugar.png
52862,5,Peaches,6,https://www.themealdb.com/images/ingredients/Peaches.png
52862,6,Blueberries,250g,https://www.themealdb.com/images/ingredients/Blueberries.png
52862,7,Self-raising Flour,200g,https://www.themealdb.com/images/ingredients/Self-raising_Flour.png
52862,8,Butter,50g,https://www.themealdb.com/images/ingredients/Butter.png
52862,9,Muscovado Sugar,100g,https://www.themealdb.com/images/ingredients/Muscovado_Sugar.png
52862,10,Cinnamon,1 tsp,https://www.themealdb.com/images/ingredients/Cinnamon.png
52862,11,Milk,6 tblsp,https://www.themealdb.com/images/ingredients/Milk.png
52861,1,Butter,50g,https://www.themealdb.com/images/ingredients/Butter.png
52861,2,Peanut Cookies,175g,https://www.themealdb.com/images/ingredients/Peanut_Cookies.png
52861,3,Gelatine Leafs,5,https://www.themealdb.com/images/ingredients/Gelatine_Leafs.png
52861,4,Ricotta,500g,https://www.themealdb.com/images/ingredients/Ricotta.png
52861,5,Peanut Butter,175g,https://www.themealdb.com/images/ingredients/Peanut_Butter.png
52861,6,Golden Syrup,175g,https://www.themealdb.com/images/ingredients/Golden_Syrup.png
52861,7,Milk,150ml,https://www.themealdb.com/images/ingredients/Milk.png
52861,8,Double Cream,275ml,https://www.themealdb.com/images/ingredients/Double_Cream.png
52861,9,Light Brown Soft Sugar,2 tblsp,https://www.themealdb.com/images/ingredients/Light_Brown_Soft_Sugar.png
52861,10,Peanut Brittle,Crushed,https://www.themealdb.com/images/ingredients/Peanut_Brittle.png
52958,1,Peanut Butter,1 cup,https://www.themealdb.com/images/ingredients/Peanut_Butter.png
52958,2,Sugar,1/2 cup,https://www.themealdb.com/images/ingredients/Sugar.png
52958,3,Egg,1,https://www.themealdb.com/images/ingredients/Egg.png
52916,1,Pears,8,https://www.themealdb.com/images/ingredients/Pears.png
52916,2,Caster Sugar,100g,https://www.themealdb.com/images/ingredients/Caster_Sugar.png
52916,3,Butter,100g,https://www.themealdb.com/images/ingredients/Butter.png
52916,4,Star Anise,2,https://www.themealdb.com/images/ingredients/Star_Anise.png
52916,5,Cardamom,3 Pods,https://www.themealdb.com/images/ingredients/Cardamom.png
52916,6,Cinnamon,1 large,https://www.themealdb.com/images/ingredients/Cinnamon.png
52916,7,Brandy,2 tbs,https://www.themealdb.com/images/ingredients/Brandy.png
52916,8,Puff Pastry,500g,https://www.themealdb.com/images/ingredients/Puff_Pastry.png
53292,1,Unsalted Butter,140g,https://www.themealdb.com/images/ingredients/Unsalted_Butter.png
53292,2,Clear Honey,300g,https://www.themealdb.com/images/ingredients/Clear_Honey.png
53292,3,Brown Sugar,100g,https://www.themealdb.com/images/ingredients/Brown_Sugar.png
53292,4,Self-raising Flour,375g,https://www.themealdb.com/images/ingredients/Self-raising_Flour.png
53292,5,Ground Ginger,3 tsp,https://www.themealdb.com/images/ingredients/Ground_Ginger.png
53292,6,Ground Cinnamon,1 tsp,https://www.themealdb.com/images/ingredients/Ground_Cinnamon.png
53292,7,Ground Clove,1/2 teaspoon,https://www.themealdb.com/images/ingredients/Ground_Clove.png
53292,8,Ground Nutmeg,1/4 tsp,https://www.themealdb.com/images/ingredients/Ground_Nutmeg.png
53292,9,Pepper,1/4 tsp,https://www.themealdb.com/images/ingredients/Pepper.png
53292,10,Egg,3 Large,https://www.themealdb.com/images/ingredients/Egg.png
53292,11,Plum Jam,200g,https://www.themealdb.com/images/ingredients/Plum_Jam.png
53292,12,Double Cream,225ml,https://www.themealdb.com/images/ingredients/Double_Cream.png
53292,13,Dark Chocolate,140g,https://www.themealdb.com/images/ingredients/Dark_Chocolate.png
53292,14,Clear Honey,3  tablespoons,https://www.themealdb.com/images/ingredients/Clear_Honey.png
53293,1,Butter,250g,https://www.themealdb.com/images/ingredients/Butter.png
53293,2,Pistachio,200g,https://www.themealdb.com/images/ingredients/Pistachio.png
53293,3,Plain Flour,80g,https://www.themealdb.com/images/ingredients/Plain_Flour.png
53293,4,Baking Powder,1 tsp,https://www.themealdb.com/images/ingredients/Baking_Powder.png
53293,5,Caster Sugar,225g,https://www.themealdb.com/images/ingredients/Caster_Sugar.png
53293,6,Egg,4,https://www.themealdb.com/images/ingredients/Egg.png
53293,7,Vanilla Extract,1 tsp,https://www.themealdb.com/images/ingredients/Vanilla_Extract.png
53293,8,Icing Sugar,100g,https://www.themealdb.com/images/ingredients/Icing_Sugar.png
53293,9,Mascarpone,250g,https://www.themealdb.com/images/ingredients/Mascarpone.png
53293,10,Double Cream,200ml,https://www.themealdb.com/images/ingredients/Double_Cream.png
53293,11,Pistachio Paste,100g,https://www.themealdb.com/images/ingredients/Pistachio_Paste.png
53293,12,Raspberries,400g,https://www.themealdb.com/images/ingredients/Raspberries.png
53293,13,Unwaxed Lime,1,https://www.themealdb.com/images/ingredients/Unwaxed_Lime.png
53224,1,White Chocolate,6 tablespoons,https://www.themealdb.com/images/ingredients/White_Chocolate.png
53224,2,Unsalted Pistachio,1 cup,https://www.themealdb.com/images/ingredients/Unsalted_Pistachio.png
53224,3,Condensed Milk,3  tablespoons,https://www.themealdb.com/images/ingredients/Condensed_Milk.png
53224,4,Milk,5 tablespoons,https://www.themealdb.com/images/ingredients/Milk.png
53224,5,Oreo Cream Biscuits,25,https://www.themealdb.com/images/ingredients/Oreo_Cream_Biscuits.png
53224,6,Milk,1/2 cup,https://www.themealdb.com/images/ingredients/Milk.png
53224,7,Baking Powder,1/2 teaspoon,https://www.themealdb.com/images/ingredients/Baking_Powder.png
53224,8,Vinegar,1/2 teaspoon,https://www.themealdb.com/images/ingredients/Vinegar.png
53224,9,Salt,1 pinch,https://www.themealdb.com/images/ingredients/Salt.png
53224,10,Sevaiiya,150g,https://www.themealdb.com/images/ingredients/Sevaiiya.png
53224,11,Ghee,1 tablespoon,https://www.themealdb.com/images/ingredients/Ghee.png
53224,12,Dark Chocolate,120ml,https://www.themealdb.com/images/ingredients/Dark_Chocolate.png
53224,13,Malai,4 tablespoons,https://www.themealdb.com/images/ingredients/Malai.png
53295,1,Plain Flour,150g,https://www.themealdb.com/images/ingredients/Plain_Flour.png
53295,2,Coco Sugar,50g,https://www.themealdb.com/images/ingredients/Coco_Sugar.png
53295,3,Egg,8,https://www.themealdb.com/images/ingredients/Egg.png
53295,4,Caster Sugar,200g,https://www.themealdb.com/images/ingredients/Caster_Sugar.png
53295,5,Egg White,5,https://www.themealdb.com/images/ingredients/Egg_White.png
53295,6,Caster Sugar,200g,https://www.themealdb.com/images/ingredients/Caster_Sugar.png
53295,7,Walnuts,250g,https://www.themealdb.com/images/ingredients/Walnuts.png
53295,8,Plain Flour,1 tablespoon,https://www.themealdb.com/images/ingredients/Plain_Flour.png
53295,9,Potato Starch,1 tablespoon,https://www.themealdb.com/images/ingredients/Potato_Starch.png
53295,10,Double Cream,100g,https://www.themealdb.com/images/ingredients/Double_Cream.png
53295,11,Chocolate Chips,100g,https://www.themealdb.com/images/ingredients/Chocolate_Chips.png
53298,1,Yeast,10g,https://www.themealdb.com/images/ingredients/Yeast.png
53298,2,Caster Sugar,1 tsp,https://www.themealdb.com/images/ingredients/Caster_Sugar.png
53298,3,Flour,1 tablespoon,https://www.themealdb.com/images/ingredients/Flour.png
53298,4,Milk,125ml,https://www.themealdb.com/images/ingredients/Milk.png
53298,5,Egg Yolks,7,https://www.themealdb.com/images/ingredients/Egg_Yolks.png
53298,6,Sugar,15g,https://www.themealdb.com/images/ingredients/Sugar.png
53298,7,Caster Sugar,10g,https://www.themealdb.com/images/ingredients/Caster_Sugar.png
53298,8,Vanilla Extract,1 tsp,https://www.themealdb.com/images/ingredients/Vanilla_Extract.png
53298,9,Flour,500g,https://www.themealdb.com/images/ingredients/Flour.png
53298,10,Double Cream,200ml,https://www.themealdb.com/images/ingredients/Double_Cream.png
53298,11,Butter,15g,https://www.themealdb.com/images/ingredients/Butter.png
53298,12,Jam,125ml,https://www.themealdb.com/images/ingredients/Jam.png
53298,13,Ground Almonds,10g,https://www.themealdb.com/images/ingredients/Ground_Almonds.png
53298,14,Oil,For frying,https://www.themealdb.com/images/ingredients/Oil.png
53298,15,Icing Sugar,75g,https://www.themealdb.com/images/ingredients/Icing_Sugar.png
53298,16,Lemon,Juice of 1/2,https://www.themealdb.com/images/ingredients/Lemon.png
53298,17,Almond Essence,Dash,https://www.themealdb.com/images/ingredients/Almond_Essence.png
53298,18,Almonds,50g,https://www.themealdb.com/images/ingredients/Almonds.png
53022,1,Flour,1 cup,https://www.themealdb.com/images/ingredients/Flour.png
53022,2,Eggs,2,https://www.themealdb.com/images/ingredients/Eggs.png
53022,3,Milk,1 cup,https://www.themealdb.com/images/ingredients/Milk.png
53022,4,Water,3/4 cup,https://www.themealdb.com/images/ingredients/Water.png
53022,5,Salt,Pinch,https://www.themealdb.com/images/ingredients/Salt.png
53022,6,Sugar,1 tsp,https://www.themealdb.com/images/ingredients/Sugar.png
53022,7,Butter,3 tbs,https://www.themealdb.com/images/ingredients/Butter.png
53046,1,Plain Flour,2 tbs,https://www.themealdb.com/images/ingredients/Plain_Flour.png
53046,2,Icing Sugar,2 tbs,https://www.themealdb.com/images/ingredients/Icing_Sugar.png
53046,3,Puff Pastry,375g,https://www.themealdb.com/images/ingredients/Puff_Pastry.png
53046,4,Caster Sugar,250g,https://www.themealdb.com/images/ingredients/Caster_Sugar.png
53046,5,Lemon Zest,2 strips,https://www.themealdb.com/images/ingredients/Lemon_Zest.png
53046,6,Cinnamon,1 Stick,https://www.themealdb.com/images/ingredients/Cinnamon.png
53046,7,Eggs,2,https://www.themealdb.com/images/ingredients/Eggs.png
53046,8,Egg Yolks,4,https://www.themealdb.com/images/ingredients/Egg_Yolks.png
53046,9,Corn Flour,50g,https://www.themealdb.com/images/ingredients/Corn_Flour.png
53046,10,Whole Milk,500ml,https://www.themealdb.com/images/ingredients/Whole_Milk.png
53046,11,Vanilla,Pod of,https://www.themealdb.com/images/ingredients/Vanilla.png
53046,12,Cinnamon,To serve,https://www.themealdb.com/images/ingredients/Cinnamon.png
53323,1,Egg,5,https://www.themealdb.com/images/ingredients/Egg.png
53323,2,Sugar,100g,https://www.themealdb.com/images/ingredients/Sugar.png
53323,3,Salt,Pinch,https://www.themealdb.com/images/ingredients/Salt.png
53323,4,All purpose flour,75g,https://www.themealdb.com/images/ingredients/All_purpose_flour.png
53323,5,Cornstarch,30g,https://www.themealdb.com/images/ingredients/Cornstarch.png
53323,6,Egg White,1,https://www.themealdb.com/images/ingredients/Egg_White.png
53323,7,Sugar,50g,https://www.themealdb.com/images/ingredients/Sugar.png
53323,8,Dulce de leche,200g,https://www.themealdb.com/images/ingredients/Dulce_de_leche.png
53323,9,Heavy Cream,400g,https://www.themealdb.com/images/ingredients/Heavy_Cream.png
53323,10,Vanilla Extract,1 tsp,https://www.themealdb.com/images/ingredients/Vanilla_Extract.png
53323,11,Sugar,40g,https://www.themealdb.com/images/ingredients/Sugar.png
53323,12,Peaches,500g,https://www.themealdb.com/images/ingredients/Peaches.png
53323,13,Peach Juice,50 ml,https://www.themealdb.com/images/ingredients/Peach_Juice.png
53323,14,Cornstarch,1 tsp,https://www.themealdb.com/images/ingredients/Cornstarch.png
52932,1,Butter,½ cup,https://www.themealdb.com/images/ingredients/Butter.png
52932,2,Sugar,1 cup,https://www.themealdb.com/images/ingredients/Sugar.png
52932,3,Eggs,2,https://www.themealdb.com/images/ingredients/Eggs.png
52932,4,Vanilla Extract,1 tsp,https://www.themealdb.com/images/ingredients/Vanilla_Extract.png
52932,5,Flour,2 cups,https://www.themealdb.com/images/ingredients/Flour.png
52932,6,Baking Powder,1 tsp,https://www.themealdb.com/images/ingredients/Baking_Powder.png
52932,7,Milk,1 1/4 cup,https://www.themealdb.com/images/ingredients/Milk.png
52932,8,Maple Syrup,1 1/2 cup,https://www.themealdb.com/images/ingredients/Maple_Syrup.png
52932,9,Brown Sugar,1 1/2 cup,https://www.themealdb.com/images/ingredients/Brown_Sugar.png
52932,10,Single Cream,1 1/2 cup,https://www.themealdb.com/images/ingredients/Single_Cream.png
52932,11,Butter,1/3 cup,https://www.themealdb.com/images/ingredients/Butter.png
52857,1,Pumpkin,750g,https://www.themealdb.com/images/ingredients/Pumpkin.png
52857,2,Shortcrust Pastry,350g,https://www.themealdb.com/images/ingredients/Shortcrust_Pastry.png
52857,3,Plain Flour,Dusting,https://www.themealdb.com/images/ingredients/Plain_Flour.png
52857,4,Caster Sugar,140g,https://www.themealdb.com/images/ingredients/Caster_Sugar.png
52857,5,Salt,½ tsp,https://www.themealdb.com/images/ingredients/Salt.png
52857,6,Nutmeg,½ tsp,https://www.themealdb.com/images/ingredients/Nutmeg.png
52857,7,Cinnamon,1 tsp,https://www.themealdb.com/images/ingredients/Cinnamon.png
52857,8,Eggs,2 Beaten,https://www.themealdb.com/images/ingredients/Eggs.png
52857,9,Butter,25g,https://www.themealdb.com/images/ingredients/Butter.png
52857,10,Milk,175g,https://www.themealdb.com/images/ingredients/Milk.png
52857,11,Icing Sugar,1 tblsp,https://www.themealdb.com/images/ingredients/Icing_Sugar.png
53303,1,Gelatine Leafs,2,https://www.themealdb.com/images/ingredients/Gelatine_Leafs.png
53303,2,Raspberries,350g,https://www.themealdb.com/images/ingredients/Raspberries.png
53303,3,Caster Sugar,60g,https://www.themealdb.com/images/ingredients/Caster_Sugar.png
53303,4,Lemon,Juice of 1,https://www.themealdb.com/images/ingredients/Lemon.png
53303,5,Whipping Cream,500ml,https://www.themealdb.com/images/ingredients/Whipping_Cream.png
52901,1,Self-raising Flour,225g,https://www.themealdb.com/images/ingredients/Self-raising_Flour.png
52901,2,Caster Sugar,75g,https://www.themealdb.com/images/ingredients/Caster_Sugar.png
52901,3,Baking Powder,1 tsp,https://www.themealdb.com/images/ingredients/Baking_Powder.png
52901,4,Butter,125g,https://www.themealdb.com/images/ingredients/Butter.png
52901,5,Dried Fruit,150g,https://www.themealdb.com/images/ingredients/Dried_Fruit.png
52901,6,Eggs,1,https://www.themealdb.com/images/ingredients/Eggs.png
52901,7,Milk,1 tbs,https://www.themealdb.com/images/ingredients/Milk.png
52901,8,Vanilla Extract,2 tsp,https://www.themealdb.com/images/ingredients/Vanilla_Extract.png
52786,1,Miniature Marshmallows,2 cups,https://www.themealdb.com/images/ingredients/Miniature_Marshmallows.png
52786,2,Chocolate Chips,3 cups,https://www.themealdb.com/images/ingredients/Chocolate_Chips.png
52786,3,Peanut Butter,½ cup,https://www.themealdb.com/images/ingredients/Peanut_Butter.png
52786,4,Vanilla Extract,1 tsp,https://www.themealdb.com/images/ingredients/Vanilla_Extract.png
52786,5,Peanuts,1 ¼ cups,https://www.themealdb.com/images/ingredients/Peanuts.png
53024,1,Butter,1 cup,https://www.themealdb.com/images/ingredients/Butter.png
53024,2,Egg Yolks,3,https://www.themealdb.com/images/ingredients/Egg_Yolks.png
53024,3,Cream Cheese,8 oz,https://www.themealdb.com/images/ingredients/Cream_Cheese.png
53024,4,Baking Powder,1 tsp,https://www.themealdb.com/images/ingredients/Baking_Powder.png
53024,5,Flour,3 cups,https://www.themealdb.com/images/ingredients/Flour.png
53024,6,Jam,1 Jar,https://www.themealdb.com/images/ingredients/Jam.png
52833,1,Digestive Biscuits,250g,https://www.themealdb.com/images/ingredients/Digestive_Biscuits.png
52833,2,Pretzels,75g,https://www.themealdb.com/images/ingredients/Pretzels.png
52833,3,Butter,135g,https://www.themealdb.com/images/ingredients/Butter.png
52833,4,Cream Cheese,450g,https://www.themealdb.com/images/ingredients/Cream_Cheese.png
52833,5,Vanilla Extract,1tsp,https://www.themealdb.com/images/ingredients/Vanilla_Extract.png
52833,6,Icing Sugar,100g,https://www.themealdb.com/images/ingredients/Icing_Sugar.png
52833,7,Caramel,150g,https://www.themealdb.com/images/ingredients/Caramel.png
52833,8,Sea Salt,1tsp,https://www.themealdb.com/images/ingredients/Sea_Salt.png
52833,9,Double Cream,300ml,https://www.themealdb.com/images/ingredients/Double_Cream.png
52833,10,Caramel Sauce,drizzle,https://www.themealdb.com/images/ingredients/Caramel_Sauce.png
52833,11,Toffee Popcorn,Top,https://www.themealdb.com/images/ingredients/Toffee_Popcorn.png
52833,12,Pretzels,Top,https://www.themealdb.com/images/ingredients/Pretzels.png
53337,1,All purpose flour,6 cups,https://www.themealdb.com/images/ingredients/All_purpose_flour.png
53337,2,Salt,2 tsp,https://www.themealdb.com/images/ingredients/Salt.png
53337,3,Unsalted Butter,1 cup,https://www.themealdb.com/images/ingredients/Unsalted_Butter.png
53337,4,Vegetable Shortening,1 cup,https://www.themealdb.com/images/ingredients/Vegetable_Shortening.png
53337,5,Egg,1 large,https://www.themealdb.com/images/ingredients/Egg.png
53337,6,Vinegar,1 tablespoon,https://www.themealdb.com/images/ingredients/Vinegar.png
53337,7,Water,Splash,https://www.themealdb.com/images/ingredients/Water.png
53337,8,Saskatoon Berries,5 Cups,https://www.themealdb.com/images/ingredients/Saskatoon_Berries.png
53337,9,Sugar,1/2 cup,https://www.themealdb.com/images/ingredients/Sugar.png
53337,10,Sugar,1 tablespoon,https://www.themealdb.com/images/ingredients/Sugar.png
53337,11,Cornstarch,3  tablespoons,https://www.themealdb.com/images/ingredients/Cornstarch.png
53337,12,Unsalted Butter,2 tablespoons,https://www.themealdb.com/images/ingredients/Unsalted_Butter.png
53337,13,Egg,1 beaten,https://www.themealdb.com/images/ingredients/Egg.png
53337,14,Water,1 tablespoon,https://www.themealdb.com/images/ingredients/Water.png
53054,1,Rice,400g,https://www.themealdb.com/images/ingredients/Rice.png
53054,2,Coconut Milk,150ml,https://www.themealdb.com/images/ingredients/Coconut_Milk.png
53054,3,Water,100ml,https://www.themealdb.com/images/ingredients/Water.png
53054,4,Salt,1 tsp,https://www.themealdb.com/images/ingredients/Salt.png
53054,5,Corn Flour,5 tbs,https://www.themealdb.com/images/ingredients/Corn_Flour.png
53054,6,Flour,3 tbs,https://www.themealdb.com/images/ingredients/Flour.png
53054,7,Eggs,3,https://www.themealdb.com/images/ingredients/Eggs.png
53054,8,Coconut Cream,200ml,https://www.themealdb.com/images/ingredients/Coconut_Cream.png
53054,9,Sugar,140g,https://www.themealdb.com/images/ingredients/Sugar.png
53395,1,Eggs,175g,https://www.themealdb.com/images/ingredients/Eggs.png
53395,2,Sugar,100g,https://www.themealdb.com/images/ingredients/Sugar.png
53395,3,vanilla sugar,10g,https://www.themealdb.com/images/ingredients/vanilla_sugar.png
53395,4,Flour,75g,https://www.themealdb.com/images/ingredients/Flour.png
53395,5,Cornstarch,25g,https://www.themealdb.com/images/ingredients/Cornstarch.png
53395,6,Jam,6 tablespoons,https://www.themealdb.com/images/ingredients/Jam.png
53395,7,Nougatine,100g,https://www.themealdb.com/images/ingredients/Nougatine.png
53395,8,Whipping Cream,750 ml,https://www.themealdb.com/images/ingredients/Whipping_Cream.png
53395,9,Sugar,6 tablespoons,https://www.themealdb.com/images/ingredients/Sugar.png
53395,10,Fruit Mix,5,https://www.themealdb.com/images/ingredients/Fruit_Mix.png
53163,1,Almonds,100g,https://www.themealdb.com/images/ingredients/Almonds.png
53163,2,Figs,500g,https://www.themealdb.com/images/ingredients/Figs.png
53163,3,Dried Apricots,85g,https://www.themealdb.com/images/ingredients/Dried_Apricots.png
53163,4,Dried cranberries,50g,https://www.themealdb.com/images/ingredients/Dried_cranberries.png
53163,5,Brandy,1 tablespoon,https://www.themealdb.com/images/ingredients/Brandy.png
53163,6,Clear Honey,1 tblsp,https://www.themealdb.com/images/ingredients/Clear_Honey.png
53163,7,Cloves,1 teaspoon,https://www.themealdb.com/images/ingredients/Cloves.png
53163,8,Sesame Seed,100g,https://www.themealdb.com/images/ingredients/Sesame_Seed.png
52886,1,Self-raising Flour,250g,https://www.themealdb.com/images/ingredients/Self-raising_Flour.png
52886,2,Salt,pinch,https://www.themealdb.com/images/ingredients/Salt.png
52886,3,Suet,125g,https://www.themealdb.com/images/ingredients/Suet.png
52886,4,Currants,175g,https://www.themealdb.com/images/ingredients/Currants.png
52886,5,Caster Sugar,80g,https://www.themealdb.com/images/ingredients/Caster_Sugar.png
52886,6,Lemon,Zest of 1,https://www.themealdb.com/images/ingredients/Lemon.png
52886,7,Orange,Zest of 1,https://www.themealdb.com/images/ingredients/Orange.png
52886,8,Milk,150ml,https://www.themealdb.com/images/ingredients/Milk.png
52886,9,Custard,to serve,https://www.themealdb.com/images/ingredients/Custard.png
52883,1,Butter,100g,https://www.themealdb.com/images/ingredients/Butter.png
52883,2,Muscovado Sugar,175g,https://www.themealdb.com/images/ingredients/Muscovado_Sugar.png
52883,3,Eggs,2 large,https://www.themealdb.com/images/ingredients/Eggs.png
52883,4,Self-raising Flour,225g,https://www.themealdb.com/images/ingredients/Self-raising_Flour.png
52883,5,Baking Powder,1 tsp,https://www.themealdb.com/images/ingredients/Baking_Powder.png
52883,6,Bicarbonate Of Soda,1 tsp,https://www.themealdb.com/images/ingredients/Bicarbonate_Of_Soda.png
52883,7,Black Treacle,3 tbs,https://www.themealdb.com/images/ingredients/Black_Treacle.png
52883,8,Milk,275ml,https://www.themealdb.com/images/ingredients/Milk.png
52883,9,Double Cream,to serve,https://www.themealdb.com/images/ingredients/Double_Cream.png
52883,10,Butter,100g,https://www.themealdb.com/images/ingredients/Butter.png
52883,11,Muscovado Sugar,125g,https://www.themealdb.com/images/ingredients/Muscovado_Sugar.png
52883,12,Black Treacle,1 tbs,https://www.themealdb.com/images/ingredients/Black_Treacle.png
52883,13,Double Cream,300ml,https://www.themealdb.com/images/ingredients/Double_Cream.png
52883,14,Vanilla Extract,1 tsp,https://www.themealdb.com/images/ingredients/Vanilla_Extract.png
52793,1,Medjool dates,225g,https://www.themealdb.com/images/ingredients/Medjool_dates.png
52793,2,water,175ml Boiling,https://www.themealdb.com/images/ingredients/water.png
52793,3,vanilla extract,1 tsp,https://www.themealdb.com/images/ingredients/vanilla_extract.png
52793,4,self-raising flour,175g,https://www.themealdb.com/images/ingredients/self-raising_flour.png
52793,5,bicarbonate of soda,1 tsp,https://www.themealdb.com/images/ingredients/bicarbonate_of_soda.png
52793,6,eggs,2,https://www.themealdb.com/images/ingredients/eggs.png
52793,7,butter,85g,https://www.themealdb.com/images/ingredients/butter.png
52793,8,demerara sugar,140g,https://www.themealdb.com/images/ingredients/demerara_sugar.png
52793,9,black treacle,2 tbsp,https://www.themealdb.com/images/ingredients/black_treacle.png
52793,10,milk,100ml,https://www.themealdb.com/images/ingredients/milk.png
52793,11,ice cream,1 scoop,https://www.themealdb.com/images/ingredients/ice_cream.png
52793,12,muscovado sugar,175g,https://www.themealdb.com/images/ingredients/muscovado_sugar.png
52793,13,butter,50g,https://www.themealdb.com/images/ingredients/butter.png
52793,14,double cream,225ml,https://www.themealdb.com/images/ingredients/double_cream.png
52793,15,black treacle,1 tbsp,https://www.themealdb.com/images/ingredients/black_treacle.png
53082,1,Strawberries,2 pint,https://www.themealdb.com/images/ingredients/Strawberries.png
53082,2,Sugar,4 tbs,https://www.themealdb.com/images/ingredients/Sugar.png
53082,3,Grand Marnier,4 tbs,https://www.themealdb.com/images/ingredients/Grand_Marnier.png
53082,4,Cream,1 cup,https://www.themealdb.com/images/ingredients/Cream.png
53082,5,Sour Cream,1/4 cup,https://www.themealdb.com/images/ingredients/Sour_Cream.png
53005,1,Flour,350g,https://www.themealdb.com/images/ingredients/Flour.png
53005,2,Salt,1 tsp,https://www.themealdb.com/images/ingredients/Salt.png
53005,3,Sugar,2 tbs,https://www.themealdb.com/images/ingredients/Sugar.png
53005,4,Butter,1 cup,https://www.themealdb.com/images/ingredients/Butter.png
53005,5,Water,1/2 cup,https://www.themealdb.com/images/ingredients/Water.png
53005,6,Rhubarb,450g,https://www.themealdb.com/images/ingredients/Rhubarb.png
53005,7,Strawberries,450g,https://www.themealdb.com/images/ingredients/Strawberries.png
53005,8,Cornstarch,3 tbs,https://www.themealdb.com/images/ingredients/Cornstarch.png
53005,9,Sugar,150g,https://www.themealdb.com/images/ingredients/Sugar.png
53005,10,Cinnamon,1/4 tsp,https://www.themealdb.com/images/ingredients/Cinnamon.png
53005,11,Lemon Juice,1 tsp,https://www.themealdb.com/images/ingredients/Lemon_Juice.png
53005,12,Unsalted Butter,2 tbs,https://www.themealdb.com/images/ingredients/Unsalted_Butter.png
53005,13,Milk,2 tbs,https://www.themealdb.com/images/ingredients/Milk.png
53005,14,Sugar,Spinkling,https://www.themealdb.com/images/ingredients/Sugar.png
52931,1,Brown Sugar,2 cups,https://www.themealdb.com/images/ingredients/Brown_Sugar.png
52931,2,Butter,¼ cup,https://www.themealdb.com/images/ingredients/Butter.png
52931,3,Eggs,2,https://www.themealdb.com/images/ingredients/Eggs.png
52931,4,Vanilla Extract,1 tsp,https://www.themealdb.com/images/ingredients/Vanilla_Extract.png
52931,5,Salt,1 tsp,https://www.themealdb.com/images/ingredients/Salt.png
52931,6,Plain Flour,½ cup,https://www.themealdb.com/images/ingredients/Plain_Flour.png
52931,7,Milk,1 1/2 cups,https://www.themealdb.com/images/ingredients/Milk.png
53130,1,Almonds,2 cups,https://www.themealdb.com/images/ingredients/Almonds.png
53130,2,Egg,3,https://www.themealdb.com/images/ingredients/Egg.png
53130,3,Granulated Sugar,1 1/4 cup,https://www.themealdb.com/images/ingredients/Granulated_Sugar.png
53130,4,Flour,2 tblsp,https://www.themealdb.com/images/ingredients/Flour.png
53130,5,Baking Powder,1 teaspoon,https://www.themealdb.com/images/ingredients/Baking_Powder.png
53130,6,Egg Yolks,5,https://www.themealdb.com/images/ingredients/Egg_Yolks.png
53130,7,Heavy Cream,1/2 cup,https://www.themealdb.com/images/ingredients/Heavy_Cream.png
53130,8,Granulated Sugar,1/3 cup,https://www.themealdb.com/images/ingredients/Granulated_Sugar.png
53130,9,Vanilla Extract,1 teaspoon,https://www.themealdb.com/images/ingredients/Vanilla_Extract.png
53130,10,Butter,100g,https://www.themealdb.com/images/ingredients/Butter.png
53187,1,Potatoes,700g,https://www.themealdb.com/images/ingredients/Potatoes.png
53187,2,All purpose flour,300g,https://www.themealdb.com/images/ingredients/All_purpose_flour.png
53187,3,Semolina,100g,https://www.themealdb.com/images/ingredients/Semolina.png
53187,4,Salt,Pinch,https://www.themealdb.com/images/ingredients/Salt.png
53187,5,Ground Poppy seeds,150g,https://www.themealdb.com/images/ingredients/Ground_Poppy_seeds.png
53187,6,Powdered Sugar,100g,https://www.themealdb.com/images/ingredients/Powdered_Sugar.png
53187,7,Butter,100g,https://www.themealdb.com/images/ingredients/Butter.png
52889,1,Strawberries,300g,https://www.themealdb.com/images/ingredients/Strawberries.png
52889,2,Blackberries,250g,https://www.themealdb.com/images/ingredients/Blackberries.png
52889,3,Redcurrants,100g,https://www.themealdb.com/images/ingredients/Redcurrants.png
52889,4,Raspberries,500g,https://www.themealdb.com/images/ingredients/Raspberries.png
52889,5,Caster Sugar,175g,https://www.themealdb.com/images/ingredients/Caster_Sugar.png
52889,6,Bread,7 Slices,https://www.themealdb.com/images/ingredients/Bread.png
53119,1,Milk,1 cup,https://www.themealdb.com/images/ingredients/Milk.png
53119,2,Instant Yeast,3 tsp,https://www.themealdb.com/images/ingredients/Instant_Yeast.png
53119,3,Granulated Sugar,1-⅓ cups,https://www.themealdb.com/images/ingredients/Granulated_Sugar.png
53119,4,Cardamom,1 tsp,https://www.themealdb.com/images/ingredients/Cardamom.png
53119,5,Vanilla Extract,1 teaspoon,https://www.themealdb.com/images/ingredients/Vanilla_Extract.png
53119,6,Flour,2 1/4 cups,https://www.themealdb.com/images/ingredients/Flour.png
53119,7,Butter,5 tblsp,https://www.themealdb.com/images/ingredients/Butter.png
53119,8,Milk,1 1/4 cup,https://www.themealdb.com/images/ingredients/Milk.png
53119,9,Granulated Sugar,1-⅓ cups,https://www.themealdb.com/images/ingredients/Granulated_Sugar.png
53119,10,Egg Yolks,3,https://www.themealdb.com/images/ingredients/Egg_Yolks.png
53119,11,Cornstarch,2 tblsp,https://www.themealdb.com/images/ingredients/Cornstarch.png
53119,12,vanilla pod,1,https://www.themealdb.com/images/ingredients/vanilla_pod.png
53119,13,Powdered Sugar,2 cups,https://www.themealdb.com/images/ingredients/Powdered_Sugar.png
53119,14,Water,3  tablespoons,https://www.themealdb.com/images/ingredients/Water.png
53119,15,Shredded Coconut,1 cup,https://www.themealdb.com/images/ingredients/Shredded_Coconut.png
52909,1,Puff Pastry,300g,https://www.themealdb.com/images/ingredients/Puff_Pastry.png
52909,2,Plain Flour,Dusting,https://www.themealdb.com/images/ingredients/Plain_Flour.png
52909,3,Braeburn Apples,6,https://www.themealdb.com/images/ingredients/Braeburn_Apples.png
52909,4,Caster Sugar,100g,https://www.themealdb.com/images/ingredients/Caster_Sugar.png
52909,5,Butter,85g,https://www.themealdb.com/images/ingredients/Butter.png
52909,6,Creme Fraiche,to serve,https://www.themealdb.com/images/ingredients/Creme_Fraiche.png
52929,1,Flour,2 cups,https://www.themealdb.com/images/ingredients/Flour.png
52929,2,Sugar,1/3 cup,https://www.themealdb.com/images/ingredients/Sugar.png
52929,3,Baking Powder,3 tsp,https://www.themealdb.com/images/ingredients/Baking_Powder.png
52929,4,Salt,½ tsp,https://www.themealdb.com/images/ingredients/Salt.png
52929,5,Egg,1 beaten,https://www.themealdb.com/images/ingredients/Egg.png
52929,6,Milk,¾ cup,https://www.themealdb.com/images/ingredients/Milk.png
52929,7,Oil,3 tbs,https://www.themealdb.com/images/ingredients/Oil.png
52929,8,Oil,for frying,https://www.themealdb.com/images/ingredients/Oil.png
52929,9,Icing Sugar,garnish,https://www.themealdb.com/images/ingredients/Icing_Sugar.png
53391,1,Flour,200g,https://www.themealdb.com/images/ingredients/Flour.png
53391,2,Coconut Oil,75g,https://www.themealdb.com/images/ingredients/Coconut_Oil.png
53391,3,Vegetable Millk,100g,https://www.themealdb.com/images/ingredients/Vegetable_Millk.png
53391,4,Yeast,10g,https://www.themealdb.com/images/ingredients/Yeast.png
53391,5,Sugar,50g,https://www.themealdb.com/images/ingredients/Sugar.png
53391,6,Dessert Rice,150g,https://www.themealdb.com/images/ingredients/Dessert_Rice.png
53391,7,Sugar,100g,https://www.themealdb.com/images/ingredients/Sugar.png
53391,8,Vegetable Millk,700g,https://www.themealdb.com/images/ingredients/Vegetable_Millk.png
53391,9,Vanilla Extract,1 tsp,https://www.themealdb.com/images/ingredients/Vanilla_Extract.png
53391,10,Cardamom,2,https://www.themealdb.com/images/ingredients/Cardamom.png
53391,11,Star Anise,2,https://www.themealdb.com/images/ingredients/Star_Anise.png
53391,12,Cinnamon Stick,1,https://www.themealdb.com/images/ingredients/Cinnamon_Stick.png
53391,13,Baking Powder,1/2 tsp,https://www.themealdb.com/images/ingredients/Baking_Powder.png
53391,14,Lemon Juice,1/2 tsp,https://www.themealdb.com/images/ingredients/Lemon_Juice.png
52892,1,Plain Flour,250g,https://www.themealdb.com/images/ingredients/Plain_Flour.png
52892,2,Butter,135g,https://www.themealdb.com/images/ingredients/Butter.png
52892,3,Golden Syrup,400g,https://www.themealdb.com/images/ingredients/Golden_Syrup.png
52892,4,Breadcrumbs,150g,https://www.themealdb.com/images/ingredients/Breadcrumbs.png
52892,5,Lemons,Zest of 2,https://www.themealdb.com/images/ingredients/Lemons.png
52892,6,Eggs,1 beaten,https://www.themealdb.com/images/ingredients/Eggs.png
52970,1,Orange,1 large,https://www.themealdb.com/images/ingredients/Orange.png
52970,2,Caster Sugar,300g,https://www.themealdb.com/images/ingredients/Caster_Sugar.png
52970,3,Olive Oil,75 ml,https://www.themealdb.com/images/ingredients/Olive_Oil.png
52970,4,Flour,280g,https://www.themealdb.com/images/ingredients/Flour.png
52970,5,Baking Powder,1 tbs,https://www.themealdb.com/images/ingredients/Baking_Powder.png
52970,6,Eggs,4 large,https://www.themealdb.com/images/ingredients/Eggs.png
52970,7,Vanilla Extract,2 tsp,https://www.themealdb.com/images/ingredients/Vanilla_Extract.png
53321,1,Dulce de leche,150g,https://www.themealdb.com/images/ingredients/Dulce_de_leche.png
53321,2,Coconut Flakes,50g,https://www.themealdb.com/images/ingredients/Coconut_Flakes.png
53321,3,Butter,100g,https://www.themealdb.com/images/ingredients/Butter.png
53321,4,Sugar,100g,https://www.themealdb.com/images/ingredients/Sugar.png
53321,5,Egg,1,https://www.themealdb.com/images/ingredients/Egg.png
53321,6,Egg Yolks,1,https://www.themealdb.com/images/ingredients/Egg_Yolks.png
53321,7,Cornstarch,200g,https://www.themealdb.com/images/ingredients/Cornstarch.png
53321,8,All purpose flour,100g,https://www.themealdb.com/images/ingredients/All_purpose_flour.png
53321,9,Baking Powder,1 tsp,https://www.themealdb.com/images/ingredients/Baking_Powder.png
53321,10,Vanilla Extract,1 tsp,https://www.themealdb.com/images/ingredients/Vanilla_Extract.png
53321,11,Dulce de leche,150g,https://www.themealdb.com/images/ingredients/Dulce_de_leche.png
53321,12,Coconut Flakes,50g,https://www.themealdb.com/images/ingredients/Coconut_Flakes.png
53062,1,Flour,450g,https://www.themealdb.com/images/ingredients/Flour.png
53062,2,Caster Sugar,55g,https://www.themealdb.com/images/ingredients/Caster_Sugar.png
53062,3,Yeast,2 parts,https://www.themealdb.com/images/ingredients/Yeast.png
53062,4,Salt,1/2 tsp,https://www.themealdb.com/images/ingredients/Salt.png
53062,5,Milk,6 oz,https://www.themealdb.com/images/ingredients/Milk.png
53062,6,Eggs,2 Beaten,https://www.themealdb.com/images/ingredients/Eggs.png
53062,7,Butter,30g,https://www.themealdb.com/images/ingredients/Butter.png
53062,8,Walnuts,140g,https://www.themealdb.com/images/ingredients/Walnuts.png
53062,9,Butter,85g,https://www.themealdb.com/images/ingredients/Butter.png
53062,10,Brown Sugar,85g,https://www.themealdb.com/images/ingredients/Brown_Sugar.png
53062,11,Cinnamon,1 tsp,https://www.themealdb.com/images/ingredients/Cinnamon.png
53062,12,Milk,To Glaze,https://www.themealdb.com/images/ingredients/Milk.png
53062,13,Icing Sugar,To Glaze,https://www.themealdb.com/images/ingredients/Icing_Sugar.png
53271,1,Self-raising Flour,225g,https://www.themealdb.com/images/ingredients/Self-raising_Flour.png
53271,2,Ground Cinnamon,1/2 teaspoon,https://www.themealdb.com/images/ingredients/Ground_Cinnamon.png
53271,3,Butter,175g,https://www.themealdb.com/images/ingredients/Butter.png
53271,4,Muscovado Sugar,100g,https://www.themealdb.com/images/ingredients/Muscovado_Sugar.png
53271,5,Clear Honey,3  tablespoons,https://www.themealdb.com/images/ingredients/Clear_Honey.png
53271,6,Egg,2 Beaten,https://www.themealdb.com/images/ingredients/Egg.png
53271,7,Banana,2 medium,https://www.themealdb.com/images/ingredients/Banana.png
53271,8,Stoned Dates,100g,https://www.themealdb.com/images/ingredients/Stoned_Dates.png
53271,9,Walnuts,50g,https://www.themealdb.com/images/ingredients/Walnuts.png
52917,1,Double Cream,568ml,https://www.themealdb.com/images/ingredients/Double_Cream.png
52917,2,White Chocolate Chips,100g,https://www.themealdb.com/images/ingredients/White_Chocolate_Chips.png
52917,3,Vanilla,Pod of,https://www.themealdb.com/images/ingredients/Vanilla.png
52917,4,Egg Yolks,6,https://www.themealdb.com/images/ingredients/Egg_Yolks.png
52917,5,Caster Sugar,2 tbs,https://www.themealdb.com/images/ingredients/Caster_Sugar.png
52917,6,Caster Sugar,Top,https://www.themealdb.com/images/ingredients/Caster_Sugar.png
53394,1,Yeast,10g,https://www.themealdb.com/images/ingredients/Yeast.png
53394,2,Milk,200ml,https://www.themealdb.com/images/ingredients/Milk.png
53394,3,Sugar,25g,https://www.themealdb.com/images/ingredients/Sugar.png
53394,4,Flour,400g,https://www.themealdb.com/images/ingredients/Flour.png
53394,5,Egg,1 medium,https://www.themealdb.com/images/ingredients/Egg.png
53394,6,Unsalted Butter,75g,https://www.themealdb.com/images/ingredients/Unsalted_Butter.png
53394,7,Salt,1 tsp,https://www.themealdb.com/images/ingredients/Salt.png
53394,8,Cinnamon,1 tablespoon,https://www.themealdb.com/images/ingredients/Cinnamon.png
53394,9,Cardamom,1 tablespoon,https://www.themealdb.com/images/ingredients/Cardamom.png
53394,10,Brown Sugar,75g,https://www.themealdb.com/images/ingredients/Brown_Sugar.png
53394,11,Brown Sugar,250g,https://www.themealdb.com/images/ingredients/Brown_Sugar.png
53262,1,Romano Pepper,2 large,https://www.themealdb.com/images/ingredients/Romano_Pepper.png
53262,2,Lamb Mince,800g,https://www.themealdb.com/images/ingredients/Lamb_Mince.png
53262,3,Red Pepper Paste,3  tablespoons,https://www.themealdb.com/images/ingredients/Red_Pepper_Paste.png
53262,4,Pul Biber,1 tablespoon,https://www.themealdb.com/images/ingredients/Pul_Biber.png
53262,5,Sunflower Oil,3  tablespoons,https://www.themealdb.com/images/ingredients/Sunflower_Oil.png
53265,1,Garlic,4 Cloves Crushed,https://www.themealdb.com/images/ingredients/Garlic.png
53265,2,Ginger,1 tblsp,https://www.themealdb.com/images/ingredients/Ginger.png
53265,3,Lemon Juice,1 tblsp,https://www.themealdb.com/images/ingredients/Lemon_Juice.png
53265,4,Olive Oil,1 tblsp,https://www.themealdb.com/images/ingredients/Olive_Oil.png
53265,5,Chili Powder,1/2 tsp,https://www.themealdb.com/images/ingredients/Chili_Powder.png
53265,6,Cumin,1 tsp,https://www.themealdb.com/images/ingredients/Cumin.png
53265,7,Lamb Loin Chops,8,https://www.themealdb.com/images/ingredients/Lamb_Loin_Chops.png
53289,1,Freekeh,1 cup,https://www.themealdb.com/images/ingredients/Freekeh.png
53289,2,Lamb,12 ounces,https://www.themealdb.com/images/ingredients/Lamb.png
53289,3,Onion,1 finely chopped,https://www.themealdb.com/images/ingredients/Onion.png
53289,4,Black Pepper,1 tsp,https://www.themealdb.com/images/ingredients/Black_Pepper.png
53289,5,Paprika,1 tsp,https://www.themealdb.com/images/ingredients/Paprika.png
53289,6,Ground Cinnamon,1 tsp,https://www.themealdb.com/images/ingredients/Ground_Cinnamon.png
53289,7,Salt,To taste,https://www.themealdb.com/images/ingredients/Salt.png
53289,8,Vegetable Oil,3  tablespoons,https://www.themealdb.com/images/ingredients/Vegetable_Oil.png
53289,9,Cilantro,1  bunch,https://www.themealdb.com/images/ingredients/Cilantro.png
53289,10,Mint,1  bunch,https://www.themealdb.com/images/ingredients/Mint.png
53289,11,Celery,1,https://www.themealdb.com/images/ingredients/Celery.png
53289,12,Chickpeas,14 oz jar,https://www.themealdb.com/images/ingredients/Chickpeas.png
53289,13,Water,4 cups,https://www.themealdb.com/images/ingredients/Water.png
53289,14,Zucchini,1 Diced,https://www.themealdb.com/images/ingredients/Zucchini.png
53289,15,Carrots,1 Diced,https://www.themealdb.com/images/ingredients/Carrots.png
53289,16,Tomato Puree,1 tablespoon,https://www.themealdb.com/images/ingredients/Tomato_Puree.png
53289,17,Tomato,3 Medium,https://www.themealdb.com/images/ingredients/Tomato.png
53289,18,Potatoes,1 Diced,https://www.themealdb.com/images/ingredients/Potatoes.png
53123,1,Lamb,3 Lbs,https://www.themealdb.com/images/ingredients/Lamb.png
53123,2,White Cabbage,1 head,https://www.themealdb.com/images/ingredients/White_Cabbage.png
53123,3,Whole black peppercorns,3  tablespoons,https://www.themealdb.com/images/ingredients/Whole_black_peppercorns.png
53123,4,Salt,3 tsp,https://www.themealdb.com/images/ingredients/Salt.png
53123,5,Water,1 1/2 cups,https://www.themealdb.com/images/ingredients/Water.png
53123,6,Flour,5 tablespoons,https://www.themealdb.com/images/ingredients/Flour.png
53258,1,Lamb Leg,4 small,https://www.themealdb.com/images/ingredients/Lamb_Leg.png
53258,2,Olive Oil,2 tsp,https://www.themealdb.com/images/ingredients/Olive_Oil.png
53258,3,Ground Cumin,1 tsp,https://www.themealdb.com/images/ingredients/Ground_Cumin.png
53258,4,Sugar,1 tablespoon,https://www.themealdb.com/images/ingredients/Sugar.png
53258,5,White Wine Vinegar,3  tablespoons,https://www.themealdb.com/images/ingredients/White_Wine_Vinegar.png
53258,6,Carrots,2,https://www.themealdb.com/images/ingredients/Carrots.png
53258,7,Spring Onions,2 sliced,https://www.themealdb.com/images/ingredients/Spring_Onions.png
53258,8,White Cabbage,400g,https://www.themealdb.com/images/ingredients/White_Cabbage.png
53258,9,Sweet Peppadew Peppers,5,https://www.themealdb.com/images/ingredients/Sweet_Peppadew_Peppers.png
53258,10,Mayonnaise,3  tablespoons,https://www.themealdb.com/images/ingredients/Mayonnaise.png
53258,11,Pita Bread,4 large,https://www.themealdb.com/images/ingredients/Pita_Bread.png
53253,1,Aubergine,3,https://www.themealdb.com/images/ingredients/Aubergine.png
53253,2,Olive Oil,2 tablespoons,https://www.themealdb.com/images/ingredients/Olive_Oil.png
53253,3,Onion,1 chopped,https://www.themealdb.com/images/ingredients/Onion.png
53253,4,Garlic,2 cloves chopped,https://www.themealdb.com/images/ingredients/Garlic.png
53253,5,Cinnamon,1 tsp,https://www.themealdb.com/images/ingredients/Cinnamon.png
53253,6,Tomato,8,https://www.themealdb.com/images/ingredients/Tomato.png
53253,7,Parsley,Bunch,https://www.themealdb.com/images/ingredients/Parsley.png
53253,8,Lamb Loin Chops,12,https://www.themealdb.com/images/ingredients/Lamb_Loin_Chops.png
53253,9,Paprika,Pinch,https://www.themealdb.com/images/ingredients/Paprika.png
53253,10,Lemon,1,https://www.themealdb.com/images/ingredients/Lemon.png
53253,11,Greek Yogurt,150g,https://www.themealdb.com/images/ingredients/Greek_Yogurt.png
53253,12,Cucumber,1/2,https://www.themealdb.com/images/ingredients/Cucumber.png
53253,13,Mint,2 tbs chopped,https://www.themealdb.com/images/ingredients/Mint.png
52769,1,Fries,250 Grams,https://www.themealdb.com/images/ingredients/Fries.png
52769,2,Doner Meat,500 Grams,https://www.themealdb.com/images/ingredients/Doner_Meat.png
52769,3,Garlic sauce,Topping,https://www.themealdb.com/images/ingredients/Garlic_sauce.png
52769,4,Hotsauce,Topping,https://www.themealdb.com/images/ingredients/Hotsauce.png
52769,5,Lettuce,1 Bulb,https://www.themealdb.com/images/ingredients/Lettuce.png
52769,6,Tomato,1,https://www.themealdb.com/images/ingredients/Tomato.png
52769,7,Cucumber,3rd,https://www.themealdb.com/images/ingredients/Cucumber.png
52769,8,Gouda cheese,100 Grams,https://www.themealdb.com/images/ingredients/Gouda_cheese.png
52974,1,Olive Oil,4 tbs,https://www.themealdb.com/images/ingredients/Olive_Oil.png
52974,2,Lamb,750g,https://www.themealdb.com/images/ingredients/Lamb.png
52974,3,Saffron,1 1/2 tsp,https://www.themealdb.com/images/ingredients/Saffron.png
52974,4,Onion,1 Large Chopped,https://www.themealdb.com/images/ingredients/Onion.png
52974,5,Water,25 ml,https://www.themealdb.com/images/ingredients/Water.png
52974,6,Parsley,30g,https://www.themealdb.com/images/ingredients/Parsley.png
52974,7,Butter,1 tbs,https://www.themealdb.com/images/ingredients/Butter.png
52974,8,Lemon,1,https://www.themealdb.com/images/ingredients/Lemon.png
53257,1,Lamb,1kg,https://www.themealdb.com/images/ingredients/Lamb.png
53257,2,Onion,2,https://www.themealdb.com/images/ingredients/Onion.png
53257,3,Garlic Bulb,1,https://www.themealdb.com/images/ingredients/Garlic_Bulb.png
53257,4,Garam Masala,6 tablespoons,https://www.themealdb.com/images/ingredients/Garam_Masala.png
53257,5,Coriander,Bunch,https://www.themealdb.com/images/ingredients/Coriander.png
53257,6,Chilli Sauce,1 tablespoon,https://www.themealdb.com/images/ingredients/Chilli_Sauce.png
53257,7,Pita Bread,8,https://www.themealdb.com/images/ingredients/Pita_Bread.png
53257,8,Tomato,4 sliced,https://www.themealdb.com/images/ingredients/Tomato.png
53257,9,Red Cabbage,1/2,https://www.themealdb.com/images/ingredients/Red_Cabbage.png
53257,10,Red Onions,1 sliced,https://www.themealdb.com/images/ingredients/Red_Onions.png
53257,11,Yogurt,Small pack,https://www.themealdb.com/images/ingredients/Yogurt.png
53277,1,Olive Oil,2 tablespoons,https://www.themealdb.com/images/ingredients/Olive_Oil.png
53277,2,Red Onions,2 chopped,https://www.themealdb.com/images/ingredients/Red_Onions.png
53277,3,Garlic,4 Cloves Crushed,https://www.themealdb.com/images/ingredients/Garlic.png
53277,4,Ground Cumin,2 tsp,https://www.themealdb.com/images/ingredients/Ground_Cumin.png
53277,5,Ground Coriander,2 tsp,https://www.themealdb.com/images/ingredients/Ground_Coriander.png
53277,6,Tinned Tomatos,400g,https://www.themealdb.com/images/ingredients/Tinned_Tomatos.png
53277,7,Sugar,1/2 teaspoon,https://www.themealdb.com/images/ingredients/Sugar.png
53277,8,Mint,10g,https://www.themealdb.com/images/ingredients/Mint.png
53277,9,Lamb Mince,500g,https://www.themealdb.com/images/ingredients/Lamb_Mince.png
53277,10,Dried Apricots,8,https://www.themealdb.com/images/ingredients/Dried_Apricots.png
53277,11,Breadcrumbs,50g,https://www.themealdb.com/images/ingredients/Breadcrumbs.png
53277,12,Pita Bread,To serve,https://www.themealdb.com/images/ingredients/Pita_Bread.png
53009,1,Garlic,2 cloves,https://www.themealdb.com/images/ingredients/Garlic.png
53009,2,Sea Salt,2 tsp,https://www.themealdb.com/images/ingredients/Sea_Salt.png
53009,3,Olive Oil,4 tbs,https://www.themealdb.com/images/ingredients/Olive_Oil.png
53009,4,Lemon,Zest and juice of 1,https://www.themealdb.com/images/ingredients/Lemon.png
53009,5,Dill,1 tbs,https://www.themealdb.com/images/ingredients/Dill.png
53009,6,Lamb Leg,750g,https://www.themealdb.com/images/ingredients/Lamb_Leg.png
53009,7,Pita Bread,To serve,https://www.themealdb.com/images/ingredients/Pita_Bread.png
52877,1,Lamb Shoulder,500g,https://www.themealdb.com/images/ingredients/Lamb_Shoulder.png
52877,2,Flour,1 tbls,https://www.themealdb.com/images/ingredients/Flour.png
52877,3,Vegetable Oil,Dash,https://www.themealdb.com/images/ingredients/Vegetable_Oil.png
52877,4,Onion,1 sliced,https://www.themealdb.com/images/ingredients/Onion.png
52877,5,Carrots,2 sliced,https://www.themealdb.com/images/ingredients/Carrots.png
52877,6,Vegetable Stock,350ml/12fl,https://www.themealdb.com/images/ingredients/Vegetable_Stock.png
52877,7,Potatoes,500g,https://www.themealdb.com/images/ingredients/Potatoes.png
52877,8,Shortcrust Pastry,450g,https://www.themealdb.com/images/ingredients/Shortcrust_Pastry.png
52877,9,Eggs,To Glaze,https://www.themealdb.com/images/ingredients/Eggs.png
52805,1,Cashew nuts,12,https://www.themealdb.com/images/ingredients/Cashew_nuts.png
52805,2,Khus khus,½ tbsp,https://www.themealdb.com/images/ingredients/Khus_khus.png
52805,3,Cumin seeds,½ tbsp,https://www.themealdb.com/images/ingredients/Cumin_seeds.png
52805,4,Onions,3 sliced thinly,https://www.themealdb.com/images/ingredients/Onions.png
52805,5,Ginger garlic paste,2 tsp,https://www.themealdb.com/images/ingredients/Ginger_garlic_paste.png
52805,6,Garlic,4 whole,https://www.themealdb.com/images/ingredients/Garlic.png
52805,7,Mint,Leaves,https://www.themealdb.com/images/ingredients/Mint.png
52805,8,Cilantro,Leaves,https://www.themealdb.com/images/ingredients/Cilantro.png
52805,9,Saffron,½ tsp dissolved in ½ cup warm milk,https://www.themealdb.com/images/ingredients/Saffron.png
52805,10,Ghee,2 tbsp,https://www.themealdb.com/images/ingredients/Ghee.png
52805,11,Basmati rice,2 Cups,https://www.themealdb.com/images/ingredients/Basmati_rice.png
52805,12,Full fat yogurt,½ cup,https://www.themealdb.com/images/ingredients/Full_fat_yogurt.png
52805,13,Cumin Seeds,1 tbsp,https://www.themealdb.com/images/ingredients/Cumin_Seeds.png
52805,14,Bay leaf,½,https://www.themealdb.com/images/ingredients/Bay_leaf.png
52805,15,Cinnamon,1 thin piece,https://www.themealdb.com/images/ingredients/Cinnamon.png
52805,16,Cloves,3,https://www.themealdb.com/images/ingredients/Cloves.png
52805,17,Cardamom,2,https://www.themealdb.com/images/ingredients/Cardamom.png
52805,18,Lamb,1 lb,https://www.themealdb.com/images/ingredients/Lamb.png
52805,19,Red Chilli powder,1 tsp,https://www.themealdb.com/images/ingredients/Red_Chilli_powder.png
52805,20,Biryani masala,1 tbsp,https://www.themealdb.com/images/ingredients/Biryani_masala.png
53083,1,Lamb,50g,https://www.themealdb.com/images/ingredients/Lamb.png
53083,2,Prunes,120g,https://www.themealdb.com/images/ingredients/Prunes.png
53083,3,Lemon Juice,1 tbs,https://www.themealdb.com/images/ingredients/Lemon_Juice.png
53083,4,Butter,2 tbs,https://www.themealdb.com/images/ingredients/Butter.png
53083,5,Onion,1 chopped,https://www.themealdb.com/images/ingredients/Onion.png
53083,6,Lamb,450g,https://www.themealdb.com/images/ingredients/Lamb.png
53083,7,Garlic,2 cloves,https://www.themealdb.com/images/ingredients/Garlic.png
53083,8,Vegetable Stock,600ml,https://www.themealdb.com/images/ingredients/Vegetable_Stock.png
53083,9,Rice,2 cups,https://www.themealdb.com/images/ingredients/Rice.png
53083,10,Saffron,Pinch,https://www.themealdb.com/images/ingredients/Saffron.png
53083,11,Parsley,Garnish,https://www.themealdb.com/images/ingredients/Parsley.png
52808,1,Onion,2 quartered,https://www.themealdb.com/images/ingredients/Onion.png
52808,2,Sunflower Oil,4 tbsp,https://www.themealdb.com/images/ingredients/Sunflower_Oil.png
52808,3,Garlic,4 cloves,https://www.themealdb.com/images/ingredients/Garlic.png
52808,4,Ginger,Thumb sized peeled and very finely grated,https://www.themealdb.com/images/ingredients/Ginger.png
52808,5,Madras Paste,2 tbsp,https://www.themealdb.com/images/ingredients/Madras_Paste.png
52808,6,Paprika,2 tsp,https://www.themealdb.com/images/ingredients/Paprika.png
52808,7,cinnamon stick,1,https://www.themealdb.com/images/ingredients/cinnamon_stick.png
52808,8,Cardamom,6 bashed to break shells,https://www.themealdb.com/images/ingredients/Cardamom.png
52808,9,Cloves,4,https://www.themealdb.com/images/ingredients/Cloves.png
52808,10,Bay Leaf,2,https://www.themealdb.com/images/ingredients/Bay_Leaf.png
52808,11,Tomato Purée,1 tbsp,https://www.themealdb.com/images/ingredients/Tomato_Purée.png
52808,12,Lamb,1kg cubed,https://www.themealdb.com/images/ingredients/Lamb.png
52808,13,Greek yogurt,150ml,https://www.themealdb.com/images/ingredients/Greek_yogurt.png
52808,14,Coriander,Garnish chopped,https://www.themealdb.com/images/ingredients/Coriander.png
52843,1,Olive Oil,2 tblsp,https://www.themealdb.com/images/ingredients/Olive_Oil.png
52843,2,Onion,1 finely sliced,https://www.themealdb.com/images/ingredients/Onion.png
52843,3,Carrots,2 chopped,https://www.themealdb.com/images/ingredients/Carrots.png
52843,4,Lamb Leg,500g,https://www.themealdb.com/images/ingredients/Lamb_Leg.png
52843,5,Garlic,2 cloves minced,https://www.themealdb.com/images/ingredients/Garlic.png
52843,6,Cumin,½ tsp,https://www.themealdb.com/images/ingredients/Cumin.png
52843,7,Ginger,½ tsp,https://www.themealdb.com/images/ingredients/Ginger.png
52843,8,Saffron,¼ tsp,https://www.themealdb.com/images/ingredients/Saffron.png
52843,9,Cinnamon,1 tsp,https://www.themealdb.com/images/ingredients/Cinnamon.png
52843,10,Honey,1 tblsp,https://www.themealdb.com/images/ingredients/Honey.png
52843,11,Apricot,100g,https://www.themealdb.com/images/ingredients/Apricot.png
52843,12,Vegetable Stock Cube,1,https://www.themealdb.com/images/ingredients/Vegetable_Stock_Cube.png
52843,13,Butternut Squash,1 medium chopped,https://www.themealdb.com/images/ingredients/Butternut_Squash.png
52843,14,Couscous,Steamed,https://www.themealdb.com/images/ingredients/Couscous.png
52843,15,Parsley,Chopped,https://www.themealdb.com/images/ingredients/Parsley.png
52782,1,olive oil,2 tbsp,https://www.themealdb.com/images/ingredients/olive_oil.png
52782,2,ginger,4cm piece finely chopped,https://www.themealdb.com/images/ingredients/ginger.png
52782,3,garlic,2 cloves peeled and chopped,https://www.themealdb.com/images/ingredients/garlic.png
52782,4,tomatoes,800g peeled and chopped,https://www.themealdb.com/images/ingredients/tomatoes.png
52782,5,lemon juice,2 tbsp,https://www.themealdb.com/images/ingredients/lemon_juice.png
52782,6,caster sugar,1 tsp,https://www.themealdb.com/images/ingredients/caster_sugar.png
52782,7,vine leaves,50,https://www.themealdb.com/images/ingredients/vine_leaves.png
52782,8,fennel bulb,1 large,https://www.themealdb.com/images/ingredients/fennel_bulb.png
52782,9,lamb mince,400g,https://www.themealdb.com/images/ingredients/lamb_mince.png
52782,10,onion,1 medium,https://www.themealdb.com/images/ingredients/onion.png
52782,11,potatoes,1 small peeled and coarsely grated,https://www.themealdb.com/images/ingredients/potatoes.png
52782,12,basmati rice,2 tbsp,https://www.themealdb.com/images/ingredients/basmati_rice.png
52782,13,chopped parsley,2 tbsp,https://www.themealdb.com/images/ingredients/chopped_parsley.png
52782,14,coriander,2 tbsp chopped,https://www.themealdb.com/images/ingredients/coriander.png
52782,15,lemon juice,1 tbsp,https://www.themealdb.com/images/ingredients/lemon_juice.png
52782,16,garlic,2 cloves,https://www.themealdb.com/images/ingredients/garlic.png
52782,17,clove,½ tsp ground,https://www.themealdb.com/images/ingredients/clove.png
52782,18,cinnamon,½ tsp ground,https://www.themealdb.com/images/ingredients/cinnamon.png
52782,19,tomatoes,2 medium,https://www.themealdb.com/images/ingredients/tomatoes.png
53010,1,Bulgur Wheat,25g,https://www.themealdb.com/images/ingredients/Bulgur_Wheat.png
53010,2,Lamb Mince,500g,https://www.themealdb.com/images/ingredients/Lamb_Mince.png
53010,3,Cumin,1 tsp,https://www.themealdb.com/images/ingredients/Cumin.png
53010,4,Coriander,1 tsp,https://www.themealdb.com/images/ingredients/Coriander.png
53010,5,Paprika,1 tsp,https://www.themealdb.com/images/ingredients/Paprika.png
53010,6,Garlic,1 clove finely chopped,https://www.themealdb.com/images/ingredients/Garlic.png
53010,7,Olive Oil,For frying,https://www.themealdb.com/images/ingredients/Olive_Oil.png
53010,8,Bun,4,https://www.themealdb.com/images/ingredients/Bun.png
53010,9,Cucumber,Grated,https://www.themealdb.com/images/ingredients/Cucumber.png
53010,10,Greek Yogurt,200g,https://www.themealdb.com/images/ingredients/Greek_Yogurt.png
53010,11,Mint,2 tbs,https://www.themealdb.com/images/ingredients/Mint.png
52884,1,Butter,100g,https://www.themealdb.com/images/ingredients/Butter.png
52884,2,Lamb,900g,https://www.themealdb.com/images/ingredients/Lamb.png
52884,3,Lamb Kidney,3,https://www.themealdb.com/images/ingredients/Lamb_Kidney.png
52884,4,Onions,2 medium,https://www.themealdb.com/images/ingredients/Onions.png
52884,5,Carrots,4 sliced,https://www.themealdb.com/images/ingredients/Carrots.png
52884,6,Plain Flour,25g,https://www.themealdb.com/images/ingredients/Plain_Flour.png
52884,7,Worcestershire Sauce,2 tsp,https://www.themealdb.com/images/ingredients/Worcestershire_Sauce.png
52884,8,Chicken Stock,500ml,https://www.themealdb.com/images/ingredients/Chicken_Stock.png
52884,9,Bay Leaves,2,https://www.themealdb.com/images/ingredients/Bay_Leaves.png
52884,10,Potatoes,900g,https://www.themealdb.com/images/ingredients/Potatoes.png
52880,1,Cumin,2 tsp,https://www.themealdb.com/images/ingredients/Cumin.png
52880,2,Rapeseed Oil,1 tbs,https://www.themealdb.com/images/ingredients/Rapeseed_Oil.png
52880,3,Red Onions,2 finely chopped,https://www.themealdb.com/images/ingredients/Red_Onions.png
52880,4,Garlic Clove,6,https://www.themealdb.com/images/ingredients/Garlic_Clove.png
52880,5,Green Chilli,3 finely chopped,https://www.themealdb.com/images/ingredients/Green_Chilli.png
52880,6,Red Pepper,1 finely chopped,https://www.themealdb.com/images/ingredients/Red_Pepper.png
52880,7,Nutmeg,1 tsp,https://www.themealdb.com/images/ingredients/Nutmeg.png
52880,8,Coriander,2 tsp,https://www.themealdb.com/images/ingredients/Coriander.png
52880,9,Lamb Mince,1kg,https://www.themealdb.com/images/ingredients/Lamb_Mince.png
52880,10,Pepper,1 tsp,https://www.themealdb.com/images/ingredients/Pepper.png
52880,11,Coriander,3 tbs,https://www.themealdb.com/images/ingredients/Coriander.png
52880,12,Plain Flour,340g,https://www.themealdb.com/images/ingredients/Plain_Flour.png
52880,13,Salt,½ tsp,https://www.themealdb.com/images/ingredients/Salt.png
52880,14,Milk,90 ml,https://www.themealdb.com/images/ingredients/Milk.png
52880,15,Lard,150g,https://www.themealdb.com/images/ingredients/Lard.png
52880,16,Egg Yolks,Beaten,https://www.themealdb.com/images/ingredients/Egg_Yolks.png
52783,1,olive oil,2½ tbsp,https://www.themealdb.com/images/ingredients/olive_oil.png
52783,2,Italian fennel sausages,6 cut into 1.5cm-thick slices,https://www.themealdb.com/images/ingredients/Italian_fennel_sausages.png
52783,3,onion,1 large peeled and chopped,https://www.themealdb.com/images/ingredients/onion.png
52783,4,fennel bulb,1 trimmed and roughly chopped; reserve any fronds to garnish,https://www.themealdb.com/images/ingredients/fennel_bulb.png
52783,5,smoky paprika,½ tsp,https://www.themealdb.com/images/ingredients/smoky_paprika.png
52783,6,garlic,"1 clove, peeled and sliced",https://www.themealdb.com/images/ingredients/garlic.png
52783,7,fennel seeds,2 tsp lightly toasted and then gently crushed,https://www.themealdb.com/images/ingredients/fennel_seeds.png
52783,8,red wine,100ml,https://www.themealdb.com/images/ingredients/red_wine.png
52783,9,chopped tomatoes,400g tinned,https://www.themealdb.com/images/ingredients/chopped_tomatoes.png
52783,10,caster sugar,½ tsp,https://www.themealdb.com/images/ingredients/caster_sugar.png
52783,11,pitted black olives,50g cut in half lengthways,https://www.themealdb.com/images/ingredients/pitted_black_olives.png
52783,12,rigatoni,500g,https://www.themealdb.com/images/ingredients/rigatoni.png
52783,13,pecorino,30g roughly crumbled into 0.5cm pieces,https://www.themealdb.com/images/ingredients/pecorino.png
52783,14,anchovy fillet,1  rinsed and patted dry,https://www.themealdb.com/images/ingredients/anchovy_fillet.png
52783,15,garlic,"1 clove, peeled and crushed",https://www.themealdb.com/images/ingredients/garlic.png
52783,16,olive oil,60ml,https://www.themealdb.com/images/ingredients/olive_oil.png
52783,17,basil leaves,50g torn,https://www.themealdb.com/images/ingredients/basil_leaves.png
53260,1,Lamb Leg,1,https://www.themealdb.com/images/ingredients/Lamb_Leg.png
53260,2,Lemon,Zest and juice of 1,https://www.themealdb.com/images/ingredients/Lemon.png
53260,3,Olive Oil,4 tablespoons,https://www.themealdb.com/images/ingredients/Olive_Oil.png
53260,4,Clear Honey,2 tablespoons,https://www.themealdb.com/images/ingredients/Clear_Honey.png
53260,5,Cinnamon,1 tablespoon,https://www.themealdb.com/images/ingredients/Cinnamon.png
53260,6,Fennel Seeds,1 tablespoon,https://www.themealdb.com/images/ingredients/Fennel_Seeds.png
53260,7,Ground Cumin,1 tablespoon,https://www.themealdb.com/images/ingredients/Ground_Cumin.png
53260,8,Garlic,3 Cloves Crushed,https://www.themealdb.com/images/ingredients/Garlic.png
53175,1,Lamb Shoulder,2.5kg,https://www.themealdb.com/images/ingredients/Lamb_Shoulder.png
53175,2,Olive Oil,1 tblsp,https://www.themealdb.com/images/ingredients/Olive_Oil.png
53175,3,Onion,2 chopped,https://www.themealdb.com/images/ingredients/Onion.png
53175,4,Carrots,4 Chopped,https://www.themealdb.com/images/ingredients/Carrots.png
53175,5,Garlic Bulb,1,https://www.themealdb.com/images/ingredients/Garlic_Bulb.png
53175,6,Chicken Stock,500ml,https://www.themealdb.com/images/ingredients/Chicken_Stock.png
53175,7,Butter Beans,1200g,https://www.themealdb.com/images/ingredients/Butter_Beans.png
53175,8,Roasted pepper,450g,https://www.themealdb.com/images/ingredients/Roasted_pepper.png
53175,9,Black Olives,300g,https://www.themealdb.com/images/ingredients/Black_Olives.png
53175,10,Parsley,4 tablespoons,https://www.themealdb.com/images/ingredients/Parsley.png
53175,11,Garlic,4 Cloves Crushed,https://www.themealdb.com/images/ingredients/Garlic.png
53175,12,Hot smoked paprika,1 tablespoon,https://www.themealdb.com/images/ingredients/Hot_smoked_paprika.png
53175,13,Olive Oil,4 tablespoons,https://www.themealdb.com/images/ingredients/Olive_Oil.png
53175,14,Rosemary,1/2 teaspoon,https://www.themealdb.com/images/ingredients/Rosemary.png
53008,1,Tomatoes,4 large,https://www.themealdb.com/images/ingredients/Tomatoes.png
53008,2,Sugar,Pinch,https://www.themealdb.com/images/ingredients/Sugar.png
53008,3,Olive Oil,4 tbs,https://www.themealdb.com/images/ingredients/Olive_Oil.png
53008,4,Onion,1 chopped,https://www.themealdb.com/images/ingredients/Onion.png
53008,5,Garlic Clove,2 finely chopped,https://www.themealdb.com/images/ingredients/Garlic_Clove.png
53008,6,Lamb,200g,https://www.themealdb.com/images/ingredients/Lamb.png
53008,7,Cinnamon,1 tbs,https://www.themealdb.com/images/ingredients/Cinnamon.png
53008,8,Tomato Puree,2 tbs chopped,https://www.themealdb.com/images/ingredients/Tomato_Puree.png
53008,9,Rice,50g,https://www.themealdb.com/images/ingredients/Rice.png
53008,10,Chicken Stock,100ml,https://www.themealdb.com/images/ingredients/Chicken_Stock.png
53008,11,Dill,4 tbs,https://www.themealdb.com/images/ingredients/Dill.png
53008,12,Chopped Parsley,2 tbs,https://www.themealdb.com/images/ingredients/Chopped_Parsley.png
53008,13,Mint,1 tbs,https://www.themealdb.com/images/ingredients/Mint.png
52972,1,Lamb Mince,500g,https://www.themealdb.com/images/ingredients/Lamb_Mince.png
52972,2,Garlic,2 cloves minced,https://www.themealdb.com/images/ingredients/Garlic.png
52972,3,Onion,1,https://www.themealdb.com/images/ingredients/Onion.png
52972,4,Spinach,300g,https://www.themealdb.com/images/ingredients/Spinach.png
52972,5,Tomato Puree,3 tbs,https://www.themealdb.com/images/ingredients/Tomato_Puree.png
52972,6,Cumin,1 tbs,https://www.themealdb.com/images/ingredients/Cumin.png
52972,7,Chicken Stock,1 Litre,https://www.themealdb.com/images/ingredients/Chicken_Stock.png
52972,8,Harissa Spice,3 tsp,https://www.themealdb.com/images/ingredients/Harissa_Spice.png
52972,9,Chickpeas,400g,https://www.themealdb.com/images/ingredients/Chickpeas.png
52972,10,Lemon Juice,1/2,https://www.themealdb.com/images/ingredients/Lemon_Juice.png
52972,11,Macaroni,150g,https://www.themealdb.com/images/ingredients/Macaroni.png
52972,12,Salt,Pinch,https://www.themealdb.com/images/ingredients/Salt.png
52972,13,Pepper,Pinch,https://www.themealdb.com/images/ingredients/Pepper.png
53263,1,Pine Nuts,Handful,https://www.themealdb.com/images/ingredients/Pine_Nuts.png
53263,2,Olive Oil,1 tablespoon,https://www.themealdb.com/images/ingredients/Olive_Oil.png
53263,3,Onion,1 Large Chopped,https://www.themealdb.com/images/ingredients/Onion.png
53263,4,Cinnamon,2,https://www.themealdb.com/images/ingredients/Cinnamon.png
53263,5,Lamb,500g,https://www.themealdb.com/images/ingredients/Lamb.png
53263,6,Basmati Rice,250g,https://www.themealdb.com/images/ingredients/Basmati_Rice.png
53263,7,Lamb Stock,1,https://www.themealdb.com/images/ingredients/Lamb_Stock.png
53263,8,Dried Apricots,12,https://www.themealdb.com/images/ingredients/Dried_Apricots.png
53263,9,Mint,Handful,https://www.themealdb.com/images/ingredients/Mint.png
53270,1,Lamb Leg,4,https://www.themealdb.com/images/ingredients/Lamb_Leg.png
53270,2,Seasoning,2 tsp,https://www.themealdb.com/images/ingredients/Seasoning.png
53270,3,Dried Oregano,1 tsp,https://www.themealdb.com/images/ingredients/Dried_Oregano.png
53270,4,Mint,Bunch,https://www.themealdb.com/images/ingredients/Mint.png
53270,5,Yogurt,300g,https://www.themealdb.com/images/ingredients/Yogurt.png
53270,6,Pita Bread,4,https://www.themealdb.com/images/ingredients/Pita_Bread.png
53270,7,Iceberg Lettuce,1/2,https://www.themealdb.com/images/ingredients/Iceberg_Lettuce.png
53270,8,Red Onions,1 sliced,https://www.themealdb.com/images/ingredients/Red_Onions.png
53270,9,Lemon,1,https://www.themealdb.com/images/ingredients/Lemon.png
53231,1,Ground Nut Oil,2 tablespoons,https://www.themealdb.com/images/ingredients/Ground_Nut_Oil.png
53231,2,Lamb Shanks,4,https://www.themealdb.com/images/ingredients/Lamb_Shanks.png
53231,3,Onion,2,https://www.themealdb.com/images/ingredients/Onion.png
53231,4,Ginger,2 tbs chopped,https://www.themealdb.com/images/ingredients/Ginger.png
53231,5,Garlic Clove,3 sliced thinly,https://www.themealdb.com/images/ingredients/Garlic_Clove.png
53231,6,Red Chilli,1 chopped,https://www.themealdb.com/images/ingredients/Red_Chilli.png
53231,7,Red Chilli,1 sliced,https://www.themealdb.com/images/ingredients/Red_Chilli.png
53231,8,Brown Sugar,1 tablespoon,https://www.themealdb.com/images/ingredients/Brown_Sugar.png
53231,9,Brown Sugar,1 tsp,https://www.themealdb.com/images/ingredients/Brown_Sugar.png
53231,10,Star Anise,3,https://www.themealdb.com/images/ingredients/Star_Anise.png
53231,11,Lemongrass Stalks,2,https://www.themealdb.com/images/ingredients/Lemongrass_Stalks.png
53231,12,Lamb Stock,1L,https://www.themealdb.com/images/ingredients/Lamb_Stock.png
53231,13,Tomato Puree,1 ½ tbsp,https://www.themealdb.com/images/ingredients/Tomato_Puree.png
53231,14,Sweet Potatoes,4,https://www.themealdb.com/images/ingredients/Sweet_Potatoes.png
53231,15,Fish Sauce,2 tablespoons,https://www.themealdb.com/images/ingredients/Fish_Sauce.png
53231,16,Lime,Juice of 2,https://www.themealdb.com/images/ingredients/Lime.png
53231,17,Mint,Handful,https://www.themealdb.com/images/ingredients/Mint.png
53231,18,Basil Leaves,Handful,https://www.themealdb.com/images/ingredients/Basil_Leaves.png
52848,1,Sausages,8 large,https://www.themealdb.com/images/ingredients/Sausages.png
52848,2,Tomato Sauce,1 Jar,https://www.themealdb.com/images/ingredients/Tomato_Sauce.png
52848,3,Butter Beans,1200g,https://www.themealdb.com/images/ingredients/Butter_Beans.png
52848,4,Black Treacle,1 tbls,https://www.themealdb.com/images/ingredients/Black_Treacle.png
52848,5,English Mustard,1 tsp,https://www.themealdb.com/images/ingredients/English_Mustard.png
52939,1,Kale,1  bunch,https://www.themealdb.com/images/ingredients/Kale.png
52939,2,Bacon,2 strips,https://www.themealdb.com/images/ingredients/Bacon.png
52939,3,Garlic,3 cloves Chopped,https://www.themealdb.com/images/ingredients/Garlic.png
52939,4,Onion,1 medium,https://www.themealdb.com/images/ingredients/Onion.png
52939,5,Paprika,1/2 tsp,https://www.themealdb.com/images/ingredients/Paprika.png
52939,6,Thyme,1 Sprig,https://www.themealdb.com/images/ingredients/Thyme.png
52939,7,Tomato,1,https://www.themealdb.com/images/ingredients/Tomato.png
52939,8,Red Pepper,1,https://www.themealdb.com/images/ingredients/Red_Pepper.png
52939,9,Banana,4,https://www.themealdb.com/images/ingredients/Banana.png
52939,10,Vegetable Oil,Splash,https://www.themealdb.com/images/ingredients/Vegetable_Oil.png
52969,1,Tomatoes,4,https://www.themealdb.com/images/ingredients/Tomatoes.png
52969,2,Olive Oil,2 tbs,https://www.themealdb.com/images/ingredients/Olive_Oil.png
52969,3,Onion,1 Diced,https://www.themealdb.com/images/ingredients/Onion.png
52969,4,Red Pepper,1 sliced,https://www.themealdb.com/images/ingredients/Red_Pepper.png
52969,5,Green Pepper,1 sliced,https://www.themealdb.com/images/ingredients/Green_Pepper.png
52969,6,Garlic,3 Cloves Crushed,https://www.themealdb.com/images/ingredients/Garlic.png
52969,7,Cumin,1 tsp,https://www.themealdb.com/images/ingredients/Cumin.png
52969,8,Paprika,1 tsp,https://www.themealdb.com/images/ingredients/Paprika.png
52969,9,Salt,3/4 teaspoon,https://www.themealdb.com/images/ingredients/Salt.png
52969,10,Chili Powder,1/2 teaspoon,https://www.themealdb.com/images/ingredients/Chili_Powder.png
52969,11,Eggs,4,https://www.themealdb.com/images/ingredients/Eggs.png
52907,1,Sea Salt,Handful,https://www.themealdb.com/images/ingredients/Sea_Salt.png
52907,2,Bay Leaf,4,https://www.themealdb.com/images/ingredients/Bay_Leaf.png
52907,3,Garlic,4 cloves,https://www.themealdb.com/images/ingredients/Garlic.png
52907,4,Thyme,Handful,https://www.themealdb.com/images/ingredients/Thyme.png
52907,5,Duck Legs,4,https://www.themealdb.com/images/ingredients/Duck_Legs.png
52907,6,White Wine,100ml,https://www.themealdb.com/images/ingredients/White_Wine.png
52815,1,Olive Oil,3 tablespoons,https://www.themealdb.com/images/ingredients/Olive_Oil.png
52815,2,Onion,1,https://www.themealdb.com/images/ingredients/Onion.png
52815,3,Garlic,2 cloves,https://www.themealdb.com/images/ingredients/Garlic.png
52815,4,Carrots,1,https://www.themealdb.com/images/ingredients/Carrots.png
52815,5,French Lentils,2 1/4 cups,https://www.themealdb.com/images/ingredients/French_Lentils.png
52815,6,Thyme,1 teaspoon,https://www.themealdb.com/images/ingredients/Thyme.png
52815,7,Bay Leaf,3,https://www.themealdb.com/images/ingredients/Bay_Leaf.png
52815,8,Salt,1 tablespoon,https://www.themealdb.com/images/ingredients/Salt.png
52815,9,Celery,2 sticks,https://www.themealdb.com/images/ingredients/Celery.png
52915,1,Eggs,3,https://www.themealdb.com/images/ingredients/Eggs.png
52915,2,Butter,2 knobs,https://www.themealdb.com/images/ingredients/Butter.png
52915,3,Parmesan,1 tsp,https://www.themealdb.com/images/ingredients/Parmesan.png
52915,4,Tarragon Leaves,3 chopped,https://www.themealdb.com/images/ingredients/Tarragon_Leaves.png
52915,5,Parsley,1 tbs chopped,https://www.themealdb.com/images/ingredients/Parsley.png
52915,6,Chives,1 tbs chopped,https://www.themealdb.com/images/ingredients/Chives.png
52915,7,Gruyère,4 tbs,https://www.themealdb.com/images/ingredients/Gruyère.png
53146,1,Dried white corn,500g,https://www.themealdb.com/images/ingredients/Dried_white_corn.png
53146,2,Dried white beans,200g,https://www.themealdb.com/images/ingredients/Dried_white_beans.png
53146,3,Pumpkin,300g,https://www.themealdb.com/images/ingredients/Pumpkin.png
53146,4,Potatoes,200g,https://www.themealdb.com/images/ingredients/Potatoes.png
53146,5,Beef,300g,https://www.themealdb.com/images/ingredients/Beef.png
53146,6,Pork,200g,https://www.themealdb.com/images/ingredients/Pork.png
53146,7,Chorizo,1,https://www.themealdb.com/images/ingredients/Chorizo.png
53146,8,Onion,1 chopped,https://www.themealdb.com/images/ingredients/Onion.png
53146,9,Paprika,1 teaspoon,https://www.themealdb.com/images/ingredients/Paprika.png
53146,10,Salt,To taste,https://www.themealdb.com/images/ingredients/Salt.png
53146,11,Pepper,To taste,https://www.themealdb.com/images/ingredients/Pepper.png
53086,1,Bread,1 large,https://www.themealdb.com/images/ingredients/Bread.png
53086,2,Olive Oil,1 1/2 L,https://www.themealdb.com/images/ingredients/Olive_Oil.png
53086,3,Garlic,Half,https://www.themealdb.com/images/ingredients/Garlic.png
53086,4,Pork,1 Handfull,https://www.themealdb.com/images/ingredients/Pork.png
53223,1,Mincemeat,500g,https://www.themealdb.com/images/ingredients/Mincemeat.png
53223,2,Garlic,1.5 tbs minced,https://www.themealdb.com/images/ingredients/Garlic.png
53223,3,Ginger,1.5 tbs minced,https://www.themealdb.com/images/ingredients/Ginger.png
53223,4,Egg,1,https://www.themealdb.com/images/ingredients/Egg.png
53223,5,Tomato,1 large,https://www.themealdb.com/images/ingredients/Tomato.png
53223,6,Spring Onions,4,https://www.themealdb.com/images/ingredients/Spring_Onions.png
53223,7,Filo Pastry,12,https://www.themealdb.com/images/ingredients/Filo_Pastry.png
53223,8,Melted Butter,1 1/2 cups,https://www.themealdb.com/images/ingredients/Melted_Butter.png
53223,9,Salt,1 tsp,https://www.themealdb.com/images/ingredients/Salt.png
53223,10,Paprika,1 tsp,https://www.themealdb.com/images/ingredients/Paprika.png
53223,11,Cumin,1 tsp,https://www.themealdb.com/images/ingredients/Cumin.png
53223,12,Allspice,1 tsp,https://www.themealdb.com/images/ingredients/Allspice.png
53223,13,Turmeric,1 tsp,https://www.themealdb.com/images/ingredients/Turmeric.png
53223,14,Black Pepper,1 tsp,https://www.themealdb.com/images/ingredients/Black_Pepper.png
53223,15,Sugar,1 tsp,https://www.themealdb.com/images/ingredients/Sugar.png
52810,1,Veal,4 meaty shanks,https://www.themealdb.com/images/ingredients/Veal.png
52810,2,Flour,½ cup,https://www.themealdb.com/images/ingredients/Flour.png
52810,3,Olive Oil,2 tablespoons,https://www.themealdb.com/images/ingredients/Olive_Oil.png
52810,4,Butter,3 tablespoons,https://www.themealdb.com/images/ingredients/Butter.png
52810,5,Onion,1 medium chopped into ½-inch pieces,https://www.themealdb.com/images/ingredients/Onion.png
52810,6,Carrots,1 chopped into ½-inch pieces,https://www.themealdb.com/images/ingredients/Carrots.png
52810,7,Celery,1 chopped into ½-inch pieces,https://www.themealdb.com/images/ingredients/Celery.png
52810,8,Fennel,1 bulb chopped into ½-inch pieces,https://www.themealdb.com/images/ingredients/Fennel.png
52810,9,Garlic,3 cloves,https://www.themealdb.com/images/ingredients/Garlic.png
52810,10,Orange Zest,2 strips,https://www.themealdb.com/images/ingredients/Orange_Zest.png
52810,11,Marjoram,1 ½ teaspoons,https://www.themealdb.com/images/ingredients/Marjoram.png
52810,12,Bay Leaf,1,https://www.themealdb.com/images/ingredients/Bay_Leaf.png
52810,13,Dry White Wine,1 cup,https://www.themealdb.com/images/ingredients/Dry_White_Wine.png
52810,14,Chicken Stock,½ cup,https://www.themealdb.com/images/ingredients/Chicken_Stock.png
52810,15,Tomatoes,1 cup chopped with juice,https://www.themealdb.com/images/ingredients/Tomatoes.png
52810,16,Parsley,2 tablespoons chopped,https://www.themealdb.com/images/ingredients/Parsley.png
52810,17,Garlic,1 teaspoon minced,https://www.themealdb.com/images/ingredients/Garlic.png
52810,18,Lemon Zest,1 teaspoon grated,https://www.themealdb.com/images/ingredients/Lemon_Zest.png
53014,1,Water,150ml,https://www.themealdb.com/images/ingredients/Water.png
53014,2,Sugar,1 tsp,https://www.themealdb.com/images/ingredients/Sugar.png
53014,3,Yeast,15g,https://www.themealdb.com/images/ingredients/Yeast.png
53014,4,Plain Flour,225g,https://www.themealdb.com/images/ingredients/Plain_Flour.png
53014,5,Salt,1 1/2 tsp,https://www.themealdb.com/images/ingredients/Salt.png
53014,6,Olive Oil,Drizzle,https://www.themealdb.com/images/ingredients/Olive_Oil.png
53014,7,Passata,80g,https://www.themealdb.com/images/ingredients/Passata.png
53014,8,Mozzarella,70g,https://www.themealdb.com/images/ingredients/Mozzarella.png
53014,9,Oregano,Peeled and Sliced,https://www.themealdb.com/images/ingredients/Oregano.png
53014,10,Basil,Leaves,https://www.themealdb.com/images/ingredients/Basil.png
53014,11,Black Pepper,Pinch,https://www.themealdb.com/images/ingredients/Black_Pepper.png
52804,1,Vegetable Oil,Dash,https://www.themealdb.com/images/ingredients/Vegetable_Oil.png
52804,2,Beef Gravy,1 Can,https://www.themealdb.com/images/ingredients/Beef_Gravy.png
52804,3,Potatoes,5 thin cut,https://www.themealdb.com/images/ingredients/Potatoes.png
52804,4,Cheese Curds,2 cups,https://www.themealdb.com/images/ingredients/Cheese_Curds.png
53230,1,Corn Flour,50g,https://www.themealdb.com/images/ingredients/Corn_Flour.png
53230,2,Plain Flour,100g,https://www.themealdb.com/images/ingredients/Plain_Flour.png
53230,3,Sesame Seed,1 tablespoon,https://www.themealdb.com/images/ingredients/Sesame_Seed.png
53230,4,Vegetable Oil,For frying,https://www.themealdb.com/images/ingredients/Vegetable_Oil.png
53230,5,Soda Water,250ml,https://www.themealdb.com/images/ingredients/Soda_Water.png
53230,6,Purple Sprouting Broccoli,200g,https://www.themealdb.com/images/ingredients/Purple_Sprouting_Broccoli.png
53230,7,Fish Sauce,2 tablespoons,https://www.themealdb.com/images/ingredients/Fish_Sauce.png
53230,8,Lime,Juice of 2,https://www.themealdb.com/images/ingredients/Lime.png
53230,9,Birds-eye Chillies,1 chopped,https://www.themealdb.com/images/ingredients/Birds-eye_Chillies.png
53230,10,Sugar,2 tablespoons,https://www.themealdb.com/images/ingredients/Sugar.png
53383,1,Noodles,1 Packet,https://www.themealdb.com/images/ingredients/Noodles.png
53383,2,Water,2 cups,https://www.themealdb.com/images/ingredients/Water.png
53383,3,Egg,1 large,https://www.themealdb.com/images/ingredients/Egg.png
53383,4,Soy Sauce,1 tbsp,https://www.themealdb.com/images/ingredients/Soy_Sauce.png
53383,5,Chilli Sauce,1/2 tsp,https://www.themealdb.com/images/ingredients/Chilli_Sauce.png
53383,6,Spring Onions,1 tbls,https://www.themealdb.com/images/ingredients/Spring_Onions.png
53383,7,Salt,1/2 tsp,https://www.themealdb.com/images/ingredients/Salt.png
53383,8,Pepper,1/2 tbs,https://www.themealdb.com/images/ingredients/Pepper.png
53215,1,Tomato,250g,https://www.themealdb.com/images/ingredients/Tomato.png
53215,2,Extra Virgin Olive Oil,40 ml,https://www.themealdb.com/images/ingredients/Extra_Virgin_Olive_Oil.png
53215,3,Egg,4,https://www.themealdb.com/images/ingredients/Egg.png
53215,4,Garlic Clove,4 sliced,https://www.themealdb.com/images/ingredients/Garlic_Clove.png
53215,5,Black Pepper,To taste,https://www.themealdb.com/images/ingredients/Black_Pepper.png
53215,6,Salt,To taste,https://www.themealdb.com/images/ingredients/Salt.png
53219,1,Egg,4 large,https://www.themealdb.com/images/ingredients/Egg.png
53219,2,Tomato Sauce,3  tablespoons,https://www.themealdb.com/images/ingredients/Tomato_Sauce.png
53219,3,Olive Oil,1 tablespoon,https://www.themealdb.com/images/ingredients/Olive_Oil.png
53219,4,Shallots,1 chopped,https://www.themealdb.com/images/ingredients/Shallots.png
53219,5,Celery,1,https://www.themealdb.com/images/ingredients/Celery.png
53219,6,Garlic,1 clove peeled crushed,https://www.themealdb.com/images/ingredients/Garlic.png
53219,7,Spinach,1 cup,https://www.themealdb.com/images/ingredients/Spinach.png
53219,8,Feta,1/2 cup,https://www.themealdb.com/images/ingredients/Feta.png
53219,9,Red Pepper,1/2,https://www.themealdb.com/images/ingredients/Red_Pepper.png
53219,10,Ground Cumin,1 tsp,https://www.themealdb.com/images/ingredients/Ground_Cumin.png
53219,11,Salt,1/2 teaspoon,https://www.themealdb.com/images/ingredients/Salt.png
53219,12,Black Pepper,1/2 teaspoon,https://www.themealdb.com/images/ingredients/Black_Pepper.png
53183,1,Butter,25g,https://www.themealdb.com/images/ingredients/Butter.png
53183,2,Shallots,3 diced,https://www.themealdb.com/images/ingredients/Shallots.png
53183,3,Smoked Paprika,1 teaspoon,https://www.themealdb.com/images/ingredients/Smoked_Paprika.png
53183,4,Garlic,2 cloves minced,https://www.themealdb.com/images/ingredients/Garlic.png
53183,5,Garlic,1 clove finely chopped,https://www.themealdb.com/images/ingredients/Garlic.png
53183,6,Dry sherry,2 tblsp,https://www.themealdb.com/images/ingredients/Dry_sherry.png
53183,7,Breadcrumbs,50g,https://www.themealdb.com/images/ingredients/Breadcrumbs.png
53183,8,Pork,300g,https://www.themealdb.com/images/ingredients/Pork.png
53183,9,Egg Yolks,1,https://www.themealdb.com/images/ingredients/Egg_Yolks.png
53183,10,Olive Oil,50 ml,https://www.themealdb.com/images/ingredients/Olive_Oil.png
53183,11,Chorizo,300g,https://www.themealdb.com/images/ingredients/Chorizo.png
53183,12,Squid,300g,https://www.themealdb.com/images/ingredients/Squid.png
53183,13,White Wine,100 ml,https://www.themealdb.com/images/ingredients/White_Wine.png
53183,14,Tomato,300g,https://www.themealdb.com/images/ingredients/Tomato.png
53183,15,Clams,400g,https://www.themealdb.com/images/ingredients/Clams.png
53183,16,Parsley,Handful,https://www.themealdb.com/images/ingredients/Parsley.png
53183,17,Extra Virgin Olive Oil,Drizzle,https://www.themealdb.com/images/ingredients/Extra_Virgin_Olive_Oil.png
53089,1,Water,1 and 1/8 cup,https://www.themealdb.com/images/ingredients/Water.png
53089,2,Vegetable Oil,2 tblsp,https://www.themealdb.com/images/ingredients/Vegetable_Oil.png
53089,3,Sugar,1/2 teaspoon,https://www.themealdb.com/images/ingredients/Sugar.png
53089,4,Salt,1 1/2 tsp,https://www.themealdb.com/images/ingredients/Salt.png
53089,5,Flour,3 Cups,https://www.themealdb.com/images/ingredients/Flour.png
53089,6,Yeast,1 1/2 tsp,https://www.themealdb.com/images/ingredients/Yeast.png
53095,1,Butter,1/4 cup,https://www.themealdb.com/images/ingredients/Butter.png
53095,2,Ground Beef,2 Pounds,https://www.themealdb.com/images/ingredients/Ground_Beef.png
53095,3,Salt,2 teaspoons,https://www.themealdb.com/images/ingredients/Salt.png
53095,4,Allspice,1/2 teaspoon,https://www.themealdb.com/images/ingredients/Allspice.png
53095,5,Cinnamon,1/2 teaspoon,https://www.themealdb.com/images/ingredients/Cinnamon.png
53095,6,Black Pepper,1/2 teaspoon,https://www.themealdb.com/images/ingredients/Black_Pepper.png
53095,7,Chicken Stock,5 Cups,https://www.themealdb.com/images/ingredients/Chicken_Stock.png
53095,8,Rice,2 cups,https://www.themealdb.com/images/ingredients/Rice.png
53095,9,Butter,2 tablespoons,https://www.themealdb.com/images/ingredients/Butter.png
53095,10,Pine Nuts,1/2 cup,https://www.themealdb.com/images/ingredients/Pine_Nuts.png
52912,1,Butter,50g,https://www.themealdb.com/images/ingredients/Butter.png
52912,2,Parmesan,25g,https://www.themealdb.com/images/ingredients/Parmesan.png
52912,3,Milk,300ml,https://www.themealdb.com/images/ingredients/Milk.png
52912,4,Bay Leaves,2,https://www.themealdb.com/images/ingredients/Bay_Leaves.png
52912,5,Plain Flour,5 tbs,https://www.themealdb.com/images/ingredients/Plain_Flour.png
52912,6,English Mustard,½ tsp,https://www.themealdb.com/images/ingredients/English_Mustard.png
52912,7,Cayenne Pepper,Pod of,https://www.themealdb.com/images/ingredients/Cayenne_Pepper.png
52912,8,Gruyère,140g,https://www.themealdb.com/images/ingredients/Gruyère.png
52912,9,Eggs,3,https://www.themealdb.com/images/ingredients/Eggs.png
52912,10,Goats Cheese,8 slices,https://www.themealdb.com/images/ingredients/Goats_Cheese.png
52912,11,Double Cream,150ml,https://www.themealdb.com/images/ingredients/Double_Cream.png
52912,12,Spinach,to serve,https://www.themealdb.com/images/ingredients/Spinach.png
53249,1,Baguette,2 small,https://www.themealdb.com/images/ingredients/Baguette.png
53249,2,Chicken Liver,50g,https://www.themealdb.com/images/ingredients/Chicken_Liver.png
53249,3,Cucumber,1/4,https://www.themealdb.com/images/ingredients/Cucumber.png
53249,4,Turkey,140g,https://www.themealdb.com/images/ingredients/Turkey.png
53249,5,Mayonnaise,1 tablespoon,https://www.themealdb.com/images/ingredients/Mayonnaise.png
53249,6,Red Chilli,1 sliced,https://www.themealdb.com/images/ingredients/Red_Chilli.png
53249,7,Mint,Handful,https://www.themealdb.com/images/ingredients/Mint.png
53249,8,Carrots,2 small,https://www.themealdb.com/images/ingredients/Carrots.png
53249,9,Red Cabbage,75g,https://www.themealdb.com/images/ingredients/Red_Cabbage.png
53249,10,Ground Ginger,1/4 tsp,https://www.themealdb.com/images/ingredients/Ground_Ginger.png
53249,11,Rice Vinegar,½ tablespoon,https://www.themealdb.com/images/ingredients/Rice_Vinegar.png
53249,12,Golden Caster Sugar,1/2 teaspoon,https://www.themealdb.com/images/ingredients/Golden_Caster_Sugar.png
52845,1,Olive Oil,1 tblsp,https://www.themealdb.com/images/ingredients/Olive_Oil.png
52845,2,Onion,1 large,https://www.themealdb.com/images/ingredients/Onion.png
52845,3,Garlic,1 clove peeled crushed,https://www.themealdb.com/images/ingredients/Garlic.png
52845,4,Worcestershire Sauce,2 tblsp,https://www.themealdb.com/images/ingredients/Worcestershire_Sauce.png
52845,5,Tomato Puree,3 tsp,https://www.themealdb.com/images/ingredients/Tomato_Puree.png
52845,6,Turkey Mince,500g,https://www.themealdb.com/images/ingredients/Turkey_Mince.png
52845,7,Eggs,1 large,https://www.themealdb.com/images/ingredients/Eggs.png
52845,8,Breadcrumbs,85g,https://www.themealdb.com/images/ingredients/Breadcrumbs.png
52845,9,Barbeque Sauce,2 tblsp,https://www.themealdb.com/images/ingredients/Barbeque_Sauce.png
52845,10,Cannellini Beans,800g,https://www.themealdb.com/images/ingredients/Cannellini_Beans.png
52845,11,Parsley,2 tblsp,https://www.themealdb.com/images/ingredients/Parsley.png
53252,1,Rice,300g,https://www.themealdb.com/images/ingredients/Rice.png
53252,2,Vegetable Oil,3  tablespoons,https://www.themealdb.com/images/ingredients/Vegetable_Oil.png
53252,3,Vermicelli Pasta,70g,https://www.themealdb.com/images/ingredients/Vermicelli_Pasta.png
53252,4,Unsalted Butter,30g,https://www.themealdb.com/images/ingredients/Unsalted_Butter.png
53252,5,Chicken Stock,600ml,https://www.themealdb.com/images/ingredients/Chicken_Stock.png
53097,1,Flour,140g,https://www.themealdb.com/images/ingredients/Flour.png
53097,2,Egg,4,https://www.themealdb.com/images/ingredients/Egg.png
53097,3,Milk,200ml,https://www.themealdb.com/images/ingredients/Milk.png
53097,4,Sunflower Oil,Drizzle,https://www.themealdb.com/images/ingredients/Sunflower_Oil.png
52839,1,Linguine Pasta,280g,https://www.themealdb.com/images/ingredients/Linguine_Pasta.png
52839,2,Sugar Snap Peas,200g,https://www.themealdb.com/images/ingredients/Sugar_Snap_Peas.png
52839,3,Olive Oil,2 tblsp,https://www.themealdb.com/images/ingredients/Olive_Oil.png
52839,4,Garlic Clove,2 cloves chopped,https://www.themealdb.com/images/ingredients/Garlic_Clove.png
52839,5,Red Chilli,1 large,https://www.themealdb.com/images/ingredients/Red_Chilli.png
52839,6,King Prawns,24 Skinned,https://www.themealdb.com/images/ingredients/King_Prawns.png
52839,7,Cherry Tomatoes,12,https://www.themealdb.com/images/ingredients/Cherry_Tomatoes.png
52839,8,Basil Leaves,Handful,https://www.themealdb.com/images/ingredients/Basil_Leaves.png
52839,9,Lettuce,Leaves,https://www.themealdb.com/images/ingredients/Lettuce.png
52839,10,Bread,to serve,https://www.themealdb.com/images/ingredients/Bread.png
52839,11,Fromage Frais,2 tbsp,https://www.themealdb.com/images/ingredients/Fromage_Frais.png
52839,12,Lime,Grated Zest of 2,https://www.themealdb.com/images/ingredients/Lime.png
52839,13,Caster Sugar,2 tsp,https://www.themealdb.com/images/ingredients/Caster_Sugar.png
53064,1,Fettuccine,1 lb,https://www.themealdb.com/images/ingredients/Fettuccine.png
53064,2,Heavy Cream,1/2 cup,https://www.themealdb.com/images/ingredients/Heavy_Cream.png
53064,3,Butter,1/2 cup,https://www.themealdb.com/images/ingredients/Butter.png
53064,4,Parmesan,1/2 cup,https://www.themealdb.com/images/ingredients/Parmesan.png
53064,5,Parsley,2 tbsp,https://www.themealdb.com/images/ingredients/Parsley.png
53064,6,Black Pepper,,https://www.themealdb.com/images/ingredients/Black_Pepper.png
52835,1,Clotted Cream,227g,https://www.themealdb.com/images/ingredients/Clotted_Cream.png
52835,2,Butter,25g,https://www.themealdb.com/images/ingredients/Butter.png
52835,3,Corn Flour,1 tsp,https://www.themealdb.com/images/ingredients/Corn_Flour.png
52835,4,Parmesan Cheese,100g,https://www.themealdb.com/images/ingredients/Parmesan_Cheese.png
52835,5,Nutmeg,Grated,https://www.themealdb.com/images/ingredients/Nutmeg.png
52835,6,Fettuccine,250g,https://www.themealdb.com/images/ingredients/Fettuccine.png
52835,7,Parsley,Chopped,https://www.themealdb.com/images/ingredients/Parsley.png
52829,1,Macaroni,8 ounces (230 grams),https://www.themealdb.com/images/ingredients/Macaroni.png
52829,2,Plain Flour,1/3 cup,https://www.themealdb.com/images/ingredients/Plain_Flour.png
52829,3,Mustard Powder,3/4 teaspoon,https://www.themealdb.com/images/ingredients/Mustard_Powder.png
52829,4,Garlic powder,1/2 teaspoon,https://www.themealdb.com/images/ingredients/Garlic_powder.png
52829,5,Kosher salt,1/2 teaspoon,https://www.themealdb.com/images/ingredients/Kosher_salt.png
52829,6,Black pepper,1/2 teaspoon,https://www.themealdb.com/images/ingredients/Black_pepper.png
52829,7,Cayenne pepper,1/8 teaspoon,https://www.themealdb.com/images/ingredients/Cayenne_pepper.png
52829,8,Butter,6 tablespoons (85 grams),https://www.themealdb.com/images/ingredients/Butter.png
52829,9,Whole Milk,1 1/2 cups (360 milliliters),https://www.themealdb.com/images/ingredients/Whole_Milk.png
52829,10,Heavy Cream,1 cup (240 milliliters),https://www.themealdb.com/images/ingredients/Heavy_Cream.png
52829,11,Monterey Jack Cheese,1 pound (455 grams),https://www.themealdb.com/images/ingredients/Monterey_Jack_Cheese.png
52829,12,Butter,4 tablespoons (55 grams),https://www.themealdb.com/images/ingredients/Butter.png
52829,13,garlic powder,1 teaspoon,https://www.themealdb.com/images/ingredients/garlic_powder.png
52829,14,Bread,16 slices square,https://www.themealdb.com/images/ingredients/Bread.png
52829,15,Cheddar Cheese,8 slices mild,https://www.themealdb.com/images/ingredients/Cheddar_Cheese.png
52829,16,Colby Jack Cheese,8 slices,https://www.themealdb.com/images/ingredients/Colby_Jack_Cheese.png
52829,17,Butter,4 tablespoons (55 grams),https://www.themealdb.com/images/ingredients/Butter.png
52987,1,Sour Cream,1/4 cup,https://www.themealdb.com/images/ingredients/Sour_Cream.png
52987,2,Chopped Onion,2 tbs,https://www.themealdb.com/images/ingredients/Chopped_Onion.png
52987,3,Dried Oregano,1/2 tbs,https://www.themealdb.com/images/ingredients/Dried_Oregano.png
52987,4,Salt,1/4 tsp,https://www.themealdb.com/images/ingredients/Salt.png
52987,5,Bread,8 slices,https://www.themealdb.com/images/ingredients/Bread.png
52987,6,Bacon,8 slices,https://www.themealdb.com/images/ingredients/Bacon.png
52987,7,Tomato,8 slices,https://www.themealdb.com/images/ingredients/Tomato.png
52987,8,Mozzarella,4 slices,https://www.themealdb.com/images/ingredients/Mozzarella.png
52987,9,Butter,2 1/2 Tbs,https://www.themealdb.com/images/ingredients/Butter.png
52844,1,Olive Oil,1 tblsp,https://www.themealdb.com/images/ingredients/Olive_Oil.png
52844,2,Bacon,2,https://www.themealdb.com/images/ingredients/Bacon.png
52844,3,Onion,1 finely chopped,https://www.themealdb.com/images/ingredients/Onion.png
52844,4,Celery,1 Stick,https://www.themealdb.com/images/ingredients/Celery.png
52844,5,Carrots,1 medium,https://www.themealdb.com/images/ingredients/Carrots.png
52844,6,Garlic,2 cloves chopped,https://www.themealdb.com/images/ingredients/Garlic.png
52844,7,Minced Beef,500g,https://www.themealdb.com/images/ingredients/Minced_Beef.png
52844,8,Tomato Puree,1 tbls,https://www.themealdb.com/images/ingredients/Tomato_Puree.png
52844,9,Chopped Tomatoes,800g,https://www.themealdb.com/images/ingredients/Chopped_Tomatoes.png
52844,10,Honey,1 tblsp,https://www.themealdb.com/images/ingredients/Honey.png
52844,11,Lasagne Sheets,500g,https://www.themealdb.com/images/ingredients/Lasagne_Sheets.png
52844,12,Creme Fraiche,400ml,https://www.themealdb.com/images/ingredients/Creme_Fraiche.png
52844,13,Mozzarella Balls,125g,https://www.themealdb.com/images/ingredients/Mozzarella_Balls.png
52844,14,Parmesan Cheese,50g,https://www.themealdb.com/images/ingredients/Parmesan_Cheese.png
52844,15,Basil Leaves,Topping,https://www.themealdb.com/images/ingredients/Basil_Leaves.png
52837,1,Spaghetti,300g,https://www.themealdb.com/images/ingredients/Spaghetti.png
52837,2,Olive Oil,1 tbls,https://www.themealdb.com/images/ingredients/Olive_Oil.png
52837,3,Onion,1 finely chopped,https://www.themealdb.com/images/ingredients/Onion.png
52837,4,Garlic,2 cloves minced,https://www.themealdb.com/images/ingredients/Garlic.png
52837,5,Red Chilli,1,https://www.themealdb.com/images/ingredients/Red_Chilli.png
52837,6,Tomato Puree,1 tbls,https://www.themealdb.com/images/ingredients/Tomato_Puree.png
52837,7,Pilchards,425g,https://www.themealdb.com/images/ingredients/Pilchards.png
52837,8,Black Olives,70g,https://www.themealdb.com/images/ingredients/Black_Olives.png
52837,9,Parmesan,Shaved,https://www.themealdb.com/images/ingredients/Parmesan.png
52982,1,Spaghetti,320g,https://www.themealdb.com/images/ingredients/Spaghetti.png
52982,2,Egg Yolks,6,https://www.themealdb.com/images/ingredients/Egg_Yolks.png
52982,3,Salt,As required,https://www.themealdb.com/images/ingredients/Salt.png
52982,4,Bacon,150g,https://www.themealdb.com/images/ingredients/Bacon.png
52982,5,Pecorino,50g,https://www.themealdb.com/images/ingredients/Pecorino.png
52982,6,Black Pepper,As required,https://www.themealdb.com/images/ingredients/Black_Pepper.png
53093,1,Spaghetti,16 ounces,https://www.themealdb.com/images/ingredients/Spaghetti.png
53093,2,Tomato Sauce,8 ounces,https://www.themealdb.com/images/ingredients/Tomato_Sauce.png
53093,3,Tomato Puree,6 oz,https://www.themealdb.com/images/ingredients/Tomato_Puree.png
53093,4,Cinnamon,1 teaspoon,https://www.themealdb.com/images/ingredients/Cinnamon.png
53093,5,Vegetable Oil,1/4 cup,https://www.themealdb.com/images/ingredients/Vegetable_Oil.png
53093,6,Salt,Dash,https://www.themealdb.com/images/ingredients/Salt.png
53093,7,Pepper,Dash,https://www.themealdb.com/images/ingredients/Pepper.png
52838,1,Olive Oil,1 tbls,https://www.themealdb.com/images/ingredients/Olive_Oil.png
52838,2,Duck Legs,4,https://www.themealdb.com/images/ingredients/Duck_Legs.png
52838,3,Onions,2 finely chopped,https://www.themealdb.com/images/ingredients/Onions.png
52838,4,Garlic,2 cloves minced,https://www.themealdb.com/images/ingredients/Garlic.png
52838,5,Cinnamon,2 tsp ground,https://www.themealdb.com/images/ingredients/Cinnamon.png
52838,6,Plain Flour,2 tsp,https://www.themealdb.com/images/ingredients/Plain_Flour.png
52838,7,Red Wine,250ml,https://www.themealdb.com/images/ingredients/Red_Wine.png
52838,8,Chopped Tomatoes,800g,https://www.themealdb.com/images/ingredients/Chopped_Tomatoes.png
52838,9,Chicken Stock Cube,1,https://www.themealdb.com/images/ingredients/Chicken_Stock_Cube.png
52838,10,Rosemary,3 sprigs,https://www.themealdb.com/images/ingredients/Rosemary.png
52838,11,Bay Leaves,2,https://www.themealdb.com/images/ingredients/Bay_Leaves.png
52838,12,Sugar,1 tsp,https://www.themealdb.com/images/ingredients/Sugar.png
52838,13,Milk,2 tbs,https://www.themealdb.com/images/ingredients/Milk.png
52838,14,Paccheri Pasta,600g,https://www.themealdb.com/images/ingredients/Paccheri_Pasta.png
52838,15,Parmesan Cheese,Grated,https://www.themealdb.com/images/ingredients/Parmesan_Cheese.png
52885,1,Butter,1 tbs,https://www.themealdb.com/images/ingredients/Butter.png
52885,2,Bacon,4,https://www.themealdb.com/images/ingredients/Bacon.png
52885,3,Onion,1 finely sliced,https://www.themealdb.com/images/ingredients/Onion.png
52885,4,Garlic Clove,1 chopped,https://www.themealdb.com/images/ingredients/Garlic_Clove.png
52885,5,Brussels Sprouts,20,https://www.themealdb.com/images/ingredients/Brussels_Sprouts.png
52885,6,Potatoes,400g,https://www.themealdb.com/images/ingredients/Potatoes.png
53156,1,Extra Virgin Olive Oil,2 tbsp,https://www.themealdb.com/images/ingredients/Extra_Virgin_Olive_Oil.png
53156,2,Pork belly slices,800g,https://www.themealdb.com/images/ingredients/Pork_belly_slices.png
53156,3,Black Pudding,150g,https://www.themealdb.com/images/ingredients/Black_Pudding.png
53156,4,Bacon lardon,100g,https://www.themealdb.com/images/ingredients/Bacon_lardon.png
53156,5,Onion,1 chopped,https://www.themealdb.com/images/ingredients/Onion.png
53156,6,Red Pepper,2,https://www.themealdb.com/images/ingredients/Red_Pepper.png
53156,7,Plum Tomatoes,1 chopped,https://www.themealdb.com/images/ingredients/Plum_Tomatoes.png
53156,8,Garlic Clove,8,https://www.themealdb.com/images/ingredients/Garlic_Clove.png
53156,9,Paprika,4 teaspoons,https://www.themealdb.com/images/ingredients/Paprika.png
53156,10,Chilli Flakes,1/2 teaspoon,https://www.themealdb.com/images/ingredients/Chilli_Flakes.png
53156,11,Dried white beans,200g,https://www.themealdb.com/images/ingredients/Dried_white_beans.png
53156,12,Chicken Stock,1 1/2 L,https://www.themealdb.com/images/ingredients/Chicken_Stock.png
53156,13,Thyme,6 parts,https://www.themealdb.com/images/ingredients/Thyme.png
53156,14,Paella Rice,375g,https://www.themealdb.com/images/ingredients/Paella_Rice.png
53156,15,Lemon Juice,1,https://www.themealdb.com/images/ingredients/Lemon_Juice.png
53242,1,Sugar,85g,https://www.themealdb.com/images/ingredients/Sugar.png
53242,2,White Bread Mix,500g,https://www.themealdb.com/images/ingredients/White_Bread_Mix.png
53242,3,Sunflower Oil,1 tablespoon,https://www.themealdb.com/images/ingredients/Sunflower_Oil.png
53242,4,Bacon,12,https://www.themealdb.com/images/ingredients/Bacon.png
53242,5,Ginger,Knob,https://www.themealdb.com/images/ingredients/Ginger.png
53242,6,Garlic,2 cloves chopped,https://www.themealdb.com/images/ingredients/Garlic.png
53242,7,Soy Sauce,2 tablespoons,https://www.themealdb.com/images/ingredients/Soy_Sauce.png
53242,8,Clear Honey,3  tablespoons,https://www.themealdb.com/images/ingredients/Clear_Honey.png
53242,9,Tomato Puree,3  tablespoons,https://www.themealdb.com/images/ingredients/Tomato_Puree.png
53242,10,Egg,1 beaten,https://www.themealdb.com/images/ingredients/Egg.png
52995,1,Potatoes,2,https://www.themealdb.com/images/ingredients/Potatoes.png
52995,2,Red Onions,1,https://www.themealdb.com/images/ingredients/Red_Onions.png
52995,3,Garlic,2 cloves,https://www.themealdb.com/images/ingredients/Garlic.png
52995,4,Lime,1,https://www.themealdb.com/images/ingredients/Lime.png
52995,5,Bread,2,https://www.themealdb.com/images/ingredients/Bread.png
52995,6,Pork,1 lb,https://www.themealdb.com/images/ingredients/Pork.png
52995,7,Barbeque Sauce,,https://www.themealdb.com/images/ingredients/Barbeque_Sauce.png
52995,8,Hotsauce,,https://www.themealdb.com/images/ingredients/Hotsauce.png
52995,9,Tomato Ketchup,,https://www.themealdb.com/images/ingredients/Tomato_Ketchup.png
52995,10,Sugar,,https://www.themealdb.com/images/ingredients/Sugar.png
52995,11,Vegetable Oil,,https://www.themealdb.com/images/ingredients/Vegetable_Oil.png
52995,12,Salt,,https://www.themealdb.com/images/ingredients/Salt.png
52995,13,Pepper,,https://www.themealdb.com/images/ingredients/Pepper.png
53018,1,Bacon,2 sliced,https://www.themealdb.com/images/ingredients/Bacon.png
53018,2,Kielbasa,1 lb,https://www.themealdb.com/images/ingredients/Kielbasa.png
53018,3,Pork,1 lb,https://www.themealdb.com/images/ingredients/Pork.png
53018,4,Flour,1/4 cup,https://www.themealdb.com/images/ingredients/Flour.png
53018,5,Garlic,3 chopped,https://www.themealdb.com/images/ingredients/Garlic.png
53018,6,Onion,1 Diced,https://www.themealdb.com/images/ingredients/Onion.png
53018,7,Mushrooms,1 1/2 cup,https://www.themealdb.com/images/ingredients/Mushrooms.png
53018,8,Cabbage,4 cups,https://www.themealdb.com/images/ingredients/Cabbage.png
53018,9,Sauerkraut,1 Jar,https://www.themealdb.com/images/ingredients/Sauerkraut.png
53018,10,Red Wine,1/4 cup,https://www.themealdb.com/images/ingredients/Red_Wine.png
53018,11,Bay Leaf,1,https://www.themealdb.com/images/ingredients/Bay_Leaf.png
53018,12,Basil,1 tsp,https://www.themealdb.com/images/ingredients/Basil.png
53018,13,Marjoram,1 tsp,https://www.themealdb.com/images/ingredients/Marjoram.png
53018,14,Paprika,1 tbs,https://www.themealdb.com/images/ingredients/Paprika.png
53018,15,Caraway Seed,1/8 teaspoon,https://www.themealdb.com/images/ingredients/Caraway_Seed.png
53018,16,Hotsauce,1 dash,https://www.themealdb.com/images/ingredients/Hotsauce.png
53018,17,Beef Stock,5 Cups,https://www.themealdb.com/images/ingredients/Beef_Stock.png
53018,18,Tomato Puree,2 tbs,https://www.themealdb.com/images/ingredients/Tomato_Puree.png
53018,19,Diced Tomatoes,1 cup,https://www.themealdb.com/images/ingredients/Diced_Tomatoes.png
53018,20,Worcestershire Sauce,1 dash,https://www.themealdb.com/images/ingredients/Worcestershire_Sauce.png
53036,1,Potatoes,4 large,https://www.themealdb.com/images/ingredients/Potatoes.png
53036,2,Spring Onions,1  bunch,https://www.themealdb.com/images/ingredients/Spring_Onions.png
53036,3,Plain Flour,100g,https://www.themealdb.com/images/ingredients/Plain_Flour.png
53036,4,Egg White,1,https://www.themealdb.com/images/ingredients/Egg_White.png
53036,5,Milk,150ml,https://www.themealdb.com/images/ingredients/Milk.png
53036,6,Bicarbonate Of Soda,1 tsp,https://www.themealdb.com/images/ingredients/Bicarbonate_Of_Soda.png
53036,7,Butter,3 tbs,https://www.themealdb.com/images/ingredients/Butter.png
53036,8,Vegetable Oil,2 tbs,https://www.themealdb.com/images/ingredients/Vegetable_Oil.png
53036,9,Cherry Tomatoes,6,https://www.themealdb.com/images/ingredients/Cherry_Tomatoes.png
53036,10,Bacon,12,https://www.themealdb.com/images/ingredients/Bacon.png
53036,11,Egg,6,https://www.themealdb.com/images/ingredients/Egg.png
53190,1,Potatoes,500g,https://www.themealdb.com/images/ingredients/Potatoes.png
53190,2,Plain Flour,200g,https://www.themealdb.com/images/ingredients/Plain_Flour.png
53190,3,Egg,1,https://www.themealdb.com/images/ingredients/Egg.png
53190,4,Salt,1 teaspoon,https://www.themealdb.com/images/ingredients/Salt.png
53190,5,Bryndza cheese,250g,https://www.themealdb.com/images/ingredients/Bryndza_cheese.png
53190,6,Bacon,200g,https://www.themealdb.com/images/ingredients/Bacon.png
53190,7,Chives,Garnish,https://www.themealdb.com/images/ingredients/Chives.png
53330,1,Casabe,6 cut thick slices,https://www.themealdb.com/images/ingredients/Casabe.png
53330,2,Tomato Sauce,450g,https://www.themealdb.com/images/ingredients/Tomato_Sauce.png
53330,3,Chorizo,225g,https://www.themealdb.com/images/ingredients/Chorizo.png
53330,4,Turkey Ham,225g,https://www.themealdb.com/images/ingredients/Turkey_Ham.png
53330,5,Sweetcorn,75g,https://www.themealdb.com/images/ingredients/Sweetcorn.png
53330,6,Green Olives,40g,https://www.themealdb.com/images/ingredients/Green_Olives.png
53330,7,Paprika,55g,https://www.themealdb.com/images/ingredients/Paprika.png
53330,8,Mozzarella,50g,https://www.themealdb.com/images/ingredients/Mozzarella.png
53166,1,Extra Virgin Olive Oil,4 tablespoons,https://www.themealdb.com/images/ingredients/Extra_Virgin_Olive_Oil.png
53166,2,Onion,1 chopped,https://www.themealdb.com/images/ingredients/Onion.png
53166,3,Carrots,1 Diced,https://www.themealdb.com/images/ingredients/Carrots.png
53166,4,Celery,1 Diced,https://www.themealdb.com/images/ingredients/Celery.png
53166,5,Thyme,3,https://www.themealdb.com/images/ingredients/Thyme.png
53166,6,Bay Leaves,2,https://www.themealdb.com/images/ingredients/Bay_Leaves.png
53166,7,Garlic,2 cloves chopped,https://www.themealdb.com/images/ingredients/Garlic.png
53166,8,Chorizo,200g,https://www.themealdb.com/images/ingredients/Chorizo.png
53166,9,Cinnamon,1/4 tsp,https://www.themealdb.com/images/ingredients/Cinnamon.png
53166,10,Paprika,1 teaspoon,https://www.themealdb.com/images/ingredients/Paprika.png
53166,11,Chickpeas,800g,https://www.themealdb.com/images/ingredients/Chickpeas.png
53166,12,Sherry vinegar,2 tblsp,https://www.themealdb.com/images/ingredients/Sherry_vinegar.png
53166,13,Spinach,400g,https://www.themealdb.com/images/ingredients/Spinach.png
53136,1,Chorizo,4,https://www.themealdb.com/images/ingredients/Chorizo.png
53136,2,Crusty Bread,4,https://www.themealdb.com/images/ingredients/Crusty_Bread.png
53136,3,Chimichurri sauce,Drizzle,https://www.themealdb.com/images/ingredients/Chimichurri_sauce.png
53168,1,Tinned Tomatos,400g,https://www.themealdb.com/images/ingredients/Tinned_Tomatos.png
53168,2,Chorizo,110g,https://www.themealdb.com/images/ingredients/Chorizo.png
53168,3,Savoy Cabbage,140g,https://www.themealdb.com/images/ingredients/Savoy_Cabbage.png
53168,4,Chilli Flakes,Sprinkling,https://www.themealdb.com/images/ingredients/Chilli_Flakes.png
53168,5,Chickpeas,400g can,https://www.themealdb.com/images/ingredients/Chickpeas.png
53168,6,Chicken Stock,1,https://www.themealdb.com/images/ingredients/Chicken_Stock.png
53168,7,Crusty Bread,To serve,https://www.themealdb.com/images/ingredients/Crusty_Bread.png
53157,1,Baby New Potatoes,500g,https://www.themealdb.com/images/ingredients/Baby_New_Potatoes.png
53157,2,Egg,4,https://www.themealdb.com/images/ingredients/Egg.png
53157,3,Green Beans,225g,https://www.themealdb.com/images/ingredients/Green_Beans.png
53157,4,Chorizo,225g,https://www.themealdb.com/images/ingredients/Chorizo.png
53157,5,Garlic Clove,1 sliced,https://www.themealdb.com/images/ingredients/Garlic_Clove.png
53157,6,Sherry vinegar,2 tbsp,https://www.themealdb.com/images/ingredients/Sherry_vinegar.png
53157,7,Parsley,2 tbsp chopped,https://www.themealdb.com/images/ingredients/Parsley.png
53185,1,Beef tomatoes,3,https://www.themealdb.com/images/ingredients/Beef_tomatoes.png
53185,2,Red Onions,1/2,https://www.themealdb.com/images/ingredients/Red_Onions.png
53185,3,Thyme,Sprigs of fresh,https://www.themealdb.com/images/ingredients/Thyme.png
53185,4,Sherry vinegar,1 tablespoon,https://www.themealdb.com/images/ingredients/Sherry_vinegar.png
53185,5,Extra Virgin Olive Oil,2 tblsp,https://www.themealdb.com/images/ingredients/Extra_Virgin_Olive_Oil.png
53185,6,Chorizo,100g,https://www.themealdb.com/images/ingredients/Chorizo.png
53159,1,Potatoes,1 small,https://www.themealdb.com/images/ingredients/Potatoes.png
53159,2,Olive Oil,1 teaspoon,https://www.themealdb.com/images/ingredients/Olive_Oil.png
53159,3,Chorizo,50g,https://www.themealdb.com/images/ingredients/Chorizo.png
53159,4,Egg,3,https://www.themealdb.com/images/ingredients/Egg.png
53159,5,Parsley,Chopped,https://www.themealdb.com/images/ingredients/Parsley.png
53159,6,Cheddar Cheese,25g,https://www.themealdb.com/images/ingredients/Cheddar_Cheese.png
53037,1,Butter,Knob,https://www.themealdb.com/images/ingredients/Butter.png
53037,2,Pork Chops,2,https://www.themealdb.com/images/ingredients/Pork_Chops.png
53037,3,Bacon,4,https://www.themealdb.com/images/ingredients/Bacon.png
53037,4,Potatoes,2,https://www.themealdb.com/images/ingredients/Potatoes.png
53037,5,Carrots,1,https://www.themealdb.com/images/ingredients/Carrots.png
53037,6,Swede,1/2,https://www.themealdb.com/images/ingredients/Swede.png
53037,7,Cabbage,1/2,https://www.themealdb.com/images/ingredients/Cabbage.png
53037,8,Bay Leaf,1,https://www.themealdb.com/images/ingredients/Bay_Leaf.png
53037,9,Cider,100ml,https://www.themealdb.com/images/ingredients/Cider.png
53037,10,Chicken Stock,100g,https://www.themealdb.com/images/ingredients/Chicken_Stock.png
52999,1,Kale,1  bunch,https://www.themealdb.com/images/ingredients/Kale.png
52999,2,Italian Fennel Sausages,8,https://www.themealdb.com/images/ingredients/Italian_Fennel_Sausages.png
52999,3,Cabbage,1 Head chopped,https://www.themealdb.com/images/ingredients/Cabbage.png
52999,4,Garlic Clove,8,https://www.themealdb.com/images/ingredients/Garlic_Clove.png
52999,5,Onion,Sliced,https://www.themealdb.com/images/ingredients/Onion.png
52999,6,Shiitake Mushrooms,Sliced,https://www.themealdb.com/images/ingredients/Shiitake_Mushrooms.png
52999,7,Chicken Stock,1 cup,https://www.themealdb.com/images/ingredients/Chicken_Stock.png
52999,8,Salt,,https://www.themealdb.com/images/ingredients/Salt.png
52999,9,Pepper,,https://www.themealdb.com/images/ingredients/Pepper.png
53188,1,Ground Pork,500g,https://www.themealdb.com/images/ingredients/Ground_Pork.png
53188,2,Onion,1 medium chopped,https://www.themealdb.com/images/ingredients/Onion.png
53188,3,Garlic,2 cloves minced,https://www.themealdb.com/images/ingredients/Garlic.png
53188,4,Bread,2 sliced,https://www.themealdb.com/images/ingredients/Bread.png
53188,5,Milk,1 shot,https://www.themealdb.com/images/ingredients/Milk.png
53188,6,Egg,1,https://www.themealdb.com/images/ingredients/Egg.png
53188,7,Salt,1 teaspoon,https://www.themealdb.com/images/ingredients/Salt.png
53188,8,Black Pepper,1/2 teaspoon,https://www.themealdb.com/images/ingredients/Black_Pepper.png
53188,9,Marjoram,1 teaspoon,https://www.themealdb.com/images/ingredients/Marjoram.png
53188,10,Mustard,1 tsp,https://www.themealdb.com/images/ingredients/Mustard.png
53188,11,Parsley,1 tablespoon chopped,https://www.themealdb.com/images/ingredients/Parsley.png
53188,12,Flour,1/2 cup,https://www.themealdb.com/images/ingredients/Flour.png
53188,13,Egg,1 beaten,https://www.themealdb.com/images/ingredients/Egg.png
53188,14,Breadcrumbs,1 cup,https://www.themealdb.com/images/ingredients/Breadcrumbs.png
53188,15,Vegetable Oil,For frying,https://www.themealdb.com/images/ingredients/Vegetable_Oil.png
53179,1,Plain Flour,75g,https://www.themealdb.com/images/ingredients/Plain_Flour.png
53179,2,Egg,2 large,https://www.themealdb.com/images/ingredients/Egg.png
53179,3,Breadcrumbs,75g,https://www.themealdb.com/images/ingredients/Breadcrumbs.png
53179,4,Sunflower Oil,For frying,https://www.themealdb.com/images/ingredients/Sunflower_Oil.png
53179,5,Extra Virgin Olive Oil,4 tbsp,https://www.themealdb.com/images/ingredients/Extra_Virgin_Olive_Oil.png
53179,6,Leek,1/2,https://www.themealdb.com/images/ingredients/Leek.png
53179,7,jamón ibérico,70g,https://www.themealdb.com/images/ingredients/jamón_ibérico.png
53179,8,Plain Flour,60g,https://www.themealdb.com/images/ingredients/Plain_Flour.png
53179,9,Vegetable Stock,75 ml,https://www.themealdb.com/images/ingredients/Vegetable_Stock.png
53179,10,Milk,330ml,https://www.themealdb.com/images/ingredients/Milk.png
53179,11,Nutmeg,Grated,https://www.themealdb.com/images/ingredients/Nutmeg.png
53035,1,Floury Potatoes,800g,https://www.themealdb.com/images/ingredients/Floury_Potatoes.png
53035,2,Butter,50g,https://www.themealdb.com/images/ingredients/Butter.png
53035,3,Garlic Clove,3 chopped,https://www.themealdb.com/images/ingredients/Garlic_Clove.png
53035,4,Cabbage,1 chopped,https://www.themealdb.com/images/ingredients/Cabbage.png
53035,5,Spring Onions,8,https://www.themealdb.com/images/ingredients/Spring_Onions.png
53035,6,Double Cream,100ml,https://www.themealdb.com/images/ingredients/Double_Cream.png
53035,7,Mustard,2 tbs,https://www.themealdb.com/images/ingredients/Mustard.png
53035,8,Ham,180g,https://www.themealdb.com/images/ingredients/Ham.png
53035,9,Eggs,4,https://www.themealdb.com/images/ingredients/Eggs.png
52954,1,Mushrooms,1/3 cup,https://www.themealdb.com/images/ingredients/Mushrooms.png
52954,2,Wood Ear Mushrooms,1/3 cup,https://www.themealdb.com/images/ingredients/Wood_Ear_Mushrooms.png
52954,3,Tofu,2/3 Cup,https://www.themealdb.com/images/ingredients/Tofu.png
52954,4,Pork,1/2 cup,https://www.themealdb.com/images/ingredients/Pork.png
52954,5,Chicken Stock,2-1/2 cups,https://www.themealdb.com/images/ingredients/Chicken_Stock.png
52954,6,Salt,1/2 tsp,https://www.themealdb.com/images/ingredients/Salt.png
52954,7,Sugar,1/4 tsp,https://www.themealdb.com/images/ingredients/Sugar.png
52954,8,Sesame Seed Oil,1 tsp,https://www.themealdb.com/images/ingredients/Sesame_Seed_Oil.png
52954,9,Pepper,1/4 tsp,https://www.themealdb.com/images/ingredients/Pepper.png
52954,10,Hotsauce,1/2 tsp,https://www.themealdb.com/images/ingredients/Hotsauce.png
52954,11,Vinegar,1-½ cups,https://www.themealdb.com/images/ingredients/Vinegar.png
52954,12,Soy Sauce,1 tsp,https://www.themealdb.com/images/ingredients/Soy_Sauce.png
52954,13,Cornstarch,1 tbs,https://www.themealdb.com/images/ingredients/Cornstarch.png
52954,14,Water,2 tbs,https://www.themealdb.com/images/ingredients/Water.png
52954,15,Spring Onions,1/4 cup,https://www.themealdb.com/images/ingredients/Spring_Onions.png
53145,1,Wild Garlic Leaves,150g,https://www.themealdb.com/images/ingredients/Wild_Garlic_Leaves.png
53145,2,Milk,350g,https://www.themealdb.com/images/ingredients/Milk.png
53145,3,Olive Oil,45g,https://www.themealdb.com/images/ingredients/Olive_Oil.png
53145,4,Flour,65g,https://www.themealdb.com/images/ingredients/Flour.png
53145,5,manchego,35g,https://www.themealdb.com/images/ingredients/manchego.png
53145,6,jamón ibérico,80g,https://www.themealdb.com/images/ingredients/jamón_ibérico.png
53145,7,Egg,1,https://www.themealdb.com/images/ingredients/Egg.png
53145,8,Breadcrumbs,75g,https://www.themealdb.com/images/ingredients/Breadcrumbs.png
53145,9,Vegetable Oil,1 L,https://www.themealdb.com/images/ingredients/Vegetable_Oil.png
53034,1,Vegetable Oil,1 tbs,https://www.themealdb.com/images/ingredients/Vegetable_Oil.png
53034,2,Onion,1 large,https://www.themealdb.com/images/ingredients/Onion.png
53034,3,Pork,1 chopped,https://www.themealdb.com/images/ingredients/Pork.png
53034,4,Vegetable Stock,150ml,https://www.themealdb.com/images/ingredients/Vegetable_Stock.png
53034,5,Soy Sauce,1 tbs,https://www.themealdb.com/images/ingredients/Soy_Sauce.png
53034,6,Mirin,1 tsp,https://www.themealdb.com/images/ingredients/Mirin.png
53034,7,Sugar,1 tsp,https://www.themealdb.com/images/ingredients/Sugar.png
53034,8,Eggs,2 Beaten,https://www.themealdb.com/images/ingredients/Eggs.png
53034,9,Sushi Rice,200g,https://www.themealdb.com/images/ingredients/Sushi_Rice.png
53034,10,Chives,Chopped,https://www.themealdb.com/images/ingredients/Chives.png
53301,1,Lard,3  tablespoons,https://www.themealdb.com/images/ingredients/Lard.png
53301,2,Onion,4 Chopped,https://www.themealdb.com/images/ingredients/Onion.png
53301,3,Cumin Seeds,1 tablespoon,https://www.themealdb.com/images/ingredients/Cumin_Seeds.png
53301,4,Pork Shoulder,800g,https://www.themealdb.com/images/ingredients/Pork_Shoulder.png
53301,5,Garlic,4 Cloves Crushed,https://www.themealdb.com/images/ingredients/Garlic.png
53301,6,Plain Flour,2 tablespoons,https://www.themealdb.com/images/ingredients/Plain_Flour.png
53301,7,Paprika,2 tablespoons,https://www.themealdb.com/images/ingredients/Paprika.png
53301,8,Beef Stock,1 1/2 L,https://www.themealdb.com/images/ingredients/Beef_Stock.png
53301,9,Bay Leaves,4,https://www.themealdb.com/images/ingredients/Bay_Leaves.png
53301,10,White Sauerkraut,400g,https://www.themealdb.com/images/ingredients/White_Sauerkraut.png
53301,11,Whipping Cream,200ml,https://www.themealdb.com/images/ingredients/Whipping_Cream.png
53301,12,Sour Cream,4 tablespoons,https://www.themealdb.com/images/ingredients/Sour_Cream.png
52847,1,Goose Fat,4 tbsp,https://www.themealdb.com/images/ingredients/Goose_Fat.png
52847,2,Pork,350g,https://www.themealdb.com/images/ingredients/Pork.png
52847,3,Onion,1 large,https://www.themealdb.com/images/ingredients/Onion.png
52847,4,Garlic,10,https://www.themealdb.com/images/ingredients/Garlic.png
52847,5,Carrots,1 thinly sliced,https://www.themealdb.com/images/ingredients/Carrots.png
52847,6,Fennel Seeds,1 tsp,https://www.themealdb.com/images/ingredients/Fennel_Seeds.png
52847,7,Red Wine Vinegar,2 tblsp,https://www.themealdb.com/images/ingredients/Red_Wine_Vinegar.png
52847,8,Vegetable Stock,600ml,https://www.themealdb.com/images/ingredients/Vegetable_Stock.png
52847,9,Tomato Puree,1 tblsp,https://www.themealdb.com/images/ingredients/Tomato_Puree.png
52847,10,Rosemary,2 sticks,https://www.themealdb.com/images/ingredients/Rosemary.png
52847,11,Parsley,Handful,https://www.themealdb.com/images/ingredients/Parsley.png
52847,12,Haricot Beans,400g,https://www.themealdb.com/images/ingredients/Haricot_Beans.png
52847,13,Breadcrumbs,2 tblsp,https://www.themealdb.com/images/ingredients/Breadcrumbs.png
52847,14,Oil,drizzle,https://www.themealdb.com/images/ingredients/Oil.png
52847,15,Bread,to serve,https://www.themealdb.com/images/ingredients/Bread.png
52847,16,Broccoli,to serve,https://www.themealdb.com/images/ingredients/Broccoli.png
53306,1,Pork Back Ribs,1kg,https://www.themealdb.com/images/ingredients/Pork_Back_Ribs.png
53306,2,Bay Leaves,2,https://www.themealdb.com/images/ingredients/Bay_Leaves.png
53306,3,Dried white beans,1 tablespoon,https://www.themealdb.com/images/ingredients/Dried_white_beans.png
53306,4,Carrots,1 large,https://www.themealdb.com/images/ingredients/Carrots.png
53306,5,Onion,1 sliced,https://www.themealdb.com/images/ingredients/Onion.png
53306,6,Garlic Clove,3 sliced thinly,https://www.themealdb.com/images/ingredients/Garlic_Clove.png
53306,7,Red Pepper,1 chopped,https://www.themealdb.com/images/ingredients/Red_Pepper.png
53306,8,Red Chilli,2 chopped,https://www.themealdb.com/images/ingredients/Red_Chilli.png
53306,9,Beetroot,2,https://www.themealdb.com/images/ingredients/Beetroot.png
53306,10,Potatoes,3 chopped,https://www.themealdb.com/images/ingredients/Potatoes.png
53306,11,Tomato Puree,3  tablespoons,https://www.themealdb.com/images/ingredients/Tomato_Puree.png
53306,12,White Cabbage,1/2,https://www.themealdb.com/images/ingredients/White_Cabbage.png
53306,13,Parsley,Handful,https://www.themealdb.com/images/ingredients/Parsley.png
53306,14,Dill,Handful,https://www.themealdb.com/images/ingredients/Dill.png
53306,15,Sour Cream,300g,https://www.themealdb.com/images/ingredients/Sour_Cream.png
53044,1,Pork,2,https://www.themealdb.com/images/ingredients/Pork.png
53044,2,White Wine,200ml,https://www.themealdb.com/images/ingredients/White_Wine.png
53044,3,Paprika,1/2 tsp,https://www.themealdb.com/images/ingredients/Paprika.png
53044,4,Lemon,2,https://www.themealdb.com/images/ingredients/Lemon.png
53044,5,Lemon Juice,1/2,https://www.themealdb.com/images/ingredients/Lemon_Juice.png
53044,6,Olive Oil,Dash,https://www.themealdb.com/images/ingredients/Olive_Oil.png
53044,7,Mayonnaise,To serve,https://www.themealdb.com/images/ingredients/Mayonnaise.png
53044,8,Potatoes,1 kg,https://www.themealdb.com/images/ingredients/Potatoes.png
53044,9,Vegetable Oil,For frying,https://www.themealdb.com/images/ingredients/Vegetable_Oil.png
53124,1,Pork knuckle,1,https://www.themealdb.com/images/ingredients/Pork_knuckle.png
53124,2,Sausages,1,https://www.themealdb.com/images/ingredients/Sausages.png
53124,3,Potatoes,1 lb,https://www.themealdb.com/images/ingredients/Potatoes.png
53124,4,Red Potatoes,2 Lbs,https://www.themealdb.com/images/ingredients/Red_Potatoes.png
53124,5,Flour,1 1/4 cup,https://www.themealdb.com/images/ingredients/Flour.png
53124,6,All purpose flour,2 tblsp,https://www.themealdb.com/images/ingredients/All_purpose_flour.png
53124,7,Salt,1 teaspoon,https://www.themealdb.com/images/ingredients/Salt.png
53124,8,Bouillon Cubes,4,https://www.themealdb.com/images/ingredients/Bouillon_Cubes.png
53124,9,Freshly Chopped Parsley,Pinch,https://www.themealdb.com/images/ingredients/Freshly_Chopped_Parsley.png
53124,10,Swede,1,https://www.themealdb.com/images/ingredients/Swede.png
53124,11,Carrots,2,https://www.themealdb.com/images/ingredients/Carrots.png
53124,12,Cream,1/4 cup,https://www.themealdb.com/images/ingredients/Cream.png
53124,13,Butter,1 tblsp,https://www.themealdb.com/images/ingredients/Butter.png
53124,14,Nutmeg,1 teaspoon,https://www.themealdb.com/images/ingredients/Nutmeg.png
53227,1,White Cabbage,1/4,https://www.themealdb.com/images/ingredients/White_Cabbage.png
53227,2,Carrots,1,https://www.themealdb.com/images/ingredients/Carrots.png
53227,3,Shiitake Mushrooms,100g,https://www.themealdb.com/images/ingredients/Shiitake_Mushrooms.png
53227,4,Ground Pork,400g,https://www.themealdb.com/images/ingredients/Ground_Pork.png
53227,5,Garlic,2 cloves minced,https://www.themealdb.com/images/ingredients/Garlic.png
53227,6,Ginger,20g,https://www.themealdb.com/images/ingredients/Ginger.png
53227,7,Soy Sauce,2 tsp,https://www.themealdb.com/images/ingredients/Soy_Sauce.png
53227,8,Sesame Seed Oil,2 tsp,https://www.themealdb.com/images/ingredients/Sesame_Seed_Oil.png
53227,9,Spring Onions,3 sliced thinly,https://www.themealdb.com/images/ingredients/Spring_Onions.png
53227,10,Rice Paper Sheets,20,https://www.themealdb.com/images/ingredients/Rice_Paper_Sheets.png
53227,11,Vegetable Oil,75 ml,https://www.themealdb.com/images/ingredients/Vegetable_Oil.png
53227,12,Soy Sauce,2 tablespoons,https://www.themealdb.com/images/ingredients/Soy_Sauce.png
53227,13,Rice Vinegar,2 tablespoons,https://www.themealdb.com/images/ingredients/Rice_Vinegar.png
53227,14,Sesame Seed,1/2 tbs,https://www.themealdb.com/images/ingredients/Sesame_Seed.png
53227,15,Spring Onions,2 sliced,https://www.themealdb.com/images/ingredients/Spring_Onions.png
53315,1,Red Cabbage,1/2,https://www.themealdb.com/images/ingredients/Red_Cabbage.png
53315,2,Olive Oil,1 tablespoon,https://www.themealdb.com/images/ingredients/Olive_Oil.png
53315,3,Butter,Knob,https://www.themealdb.com/images/ingredients/Butter.png
53315,4,Red Onions,1 sliced,https://www.themealdb.com/images/ingredients/Red_Onions.png
53315,5,Red Wine Vinegar,125ml,https://www.themealdb.com/images/ingredients/Red_Wine_Vinegar.png
53315,6,Brown Sugar,140g,https://www.themealdb.com/images/ingredients/Brown_Sugar.png
53315,7,Red Chilli,1 chopped,https://www.themealdb.com/images/ingredients/Red_Chilli.png
53315,8,Rosemary,2 sprigs,https://www.themealdb.com/images/ingredients/Rosemary.png
53315,9,Bramley Apples,1 chopped,https://www.themealdb.com/images/ingredients/Bramley_Apples.png
53315,10,Kabanos Sausages,8,https://www.themealdb.com/images/ingredients/Kabanos_Sausages.png
52994,1,Potatoes,2,https://www.themealdb.com/images/ingredients/Potatoes.png
52994,2,Apples,1,https://www.themealdb.com/images/ingredients/Apples.png
52994,3,Garlic,2 cloves,https://www.themealdb.com/images/ingredients/Garlic.png
52994,4,Lemon,1,https://www.themealdb.com/images/ingredients/Lemon.png
52994,5,Pork,2,https://www.themealdb.com/images/ingredients/Pork.png
52994,6,Zucchini,1,https://www.themealdb.com/images/ingredients/Zucchini.png
52994,7,Chicken Stock,1,https://www.themealdb.com/images/ingredients/Chicken_Stock.png
52994,8,Vegetable Oil,1 tbsp,https://www.themealdb.com/images/ingredients/Vegetable_Oil.png
52994,9,Sugar,1 1/2 tsp,https://www.themealdb.com/images/ingredients/Sugar.png
52994,10,Butter,2 tbsp,https://www.themealdb.com/images/ingredients/Butter.png
53302,1,Garlic,5 chopped cloves,https://www.themealdb.com/images/ingredients/Garlic.png
53302,2,Lemon,Zest of 1,https://www.themealdb.com/images/ingredients/Lemon.png
53302,3,Salt,15g,https://www.themealdb.com/images/ingredients/Salt.png
53302,4,Black Pepper,10g,https://www.themealdb.com/images/ingredients/Black_Pepper.png
53302,5,Vegetable Oil,50 ml,https://www.themealdb.com/images/ingredients/Vegetable_Oil.png
53302,6,Pork Shoulder,2kg,https://www.themealdb.com/images/ingredients/Pork_Shoulder.png
53302,7,Dry White Wine,500ml,https://www.themealdb.com/images/ingredients/Dry_White_Wine.png
53177,1,Chorizo,80g,https://www.themealdb.com/images/ingredients/Chorizo.png
53177,2,Spaghetti,300g,https://www.themealdb.com/images/ingredients/Spaghetti.png
53177,3,Parsley,20g,https://www.themealdb.com/images/ingredients/Parsley.png
53177,4,Red Pepper,2,https://www.themealdb.com/images/ingredients/Red_Pepper.png
53177,5,Olive Oil,2 tbsp,https://www.themealdb.com/images/ingredients/Olive_Oil.png
53177,6,Parmesan Cheese,50g,https://www.themealdb.com/images/ingredients/Parmesan_Cheese.png
53176,1,Tomato,4 Chopped,https://www.themealdb.com/images/ingredients/Tomato.png
53176,2,Garlic,1 clove finely chopped,https://www.themealdb.com/images/ingredients/Garlic.png
53176,3,Olive Oil,3  tablespoons,https://www.themealdb.com/images/ingredients/Olive_Oil.png
53176,4,Salt,Pinch,https://www.themealdb.com/images/ingredients/Salt.png
53176,5,Pepper,Pinch,https://www.themealdb.com/images/ingredients/Pepper.png
53176,6,Baguette,20 slices,https://www.themealdb.com/images/ingredients/Baguette.png
53176,7,Serrano Ham,5 Slices,https://www.themealdb.com/images/ingredients/Serrano_Ham.png
52980,1,Potatoes,1.5kg,https://www.themealdb.com/images/ingredients/Potatoes.png
52980,2,Bay Leaf,2 leaves,https://www.themealdb.com/images/ingredients/Bay_Leaf.png
52980,3,Shallots,2,https://www.themealdb.com/images/ingredients/Shallots.png
52980,4,Butter,3 tbs,https://www.themealdb.com/images/ingredients/Butter.png
52980,5,Kale,750g,https://www.themealdb.com/images/ingredients/Kale.png
52980,6,Sausages,2,https://www.themealdb.com/images/ingredients/Sausages.png
52980,7,Milk,500ml,https://www.themealdb.com/images/ingredients/Milk.png
52980,8,Nutmeg,Grated,https://www.themealdb.com/images/ingredients/Nutmeg.png
52980,9,Salt,Pinch,https://www.themealdb.com/images/ingredients/Salt.png
52980,10,Pepper,Pinch,https://www.themealdb.com/images/ingredients/Pepper.png
52949,1,Pork,200g,https://www.themealdb.com/images/ingredients/Pork.png
52949,2,Egg,1,https://www.themealdb.com/images/ingredients/Egg.png
52949,3,Water,Dash,https://www.themealdb.com/images/ingredients/Water.png
52949,4,Salt,1/2 tsp,https://www.themealdb.com/images/ingredients/Salt.png
52949,5,Sugar,1 tsp,https://www.themealdb.com/images/ingredients/Sugar.png
52949,6,Soy Sauce,10g,https://www.themealdb.com/images/ingredients/Soy_Sauce.png
52949,7,Starch,10g,https://www.themealdb.com/images/ingredients/Starch.png
52949,8,Tomato Puree,30g,https://www.themealdb.com/images/ingredients/Tomato_Puree.png
52949,9,Vinegar,10g,https://www.themealdb.com/images/ingredients/Vinegar.png
52949,10,Coriander,Dash,https://www.themealdb.com/images/ingredients/Coriander.png
53197,1,Vegetable Oil,1 tablespoon,https://www.themealdb.com/images/ingredients/Vegetable_Oil.png
53197,2,Spring Onions,Bunch,https://www.themealdb.com/images/ingredients/Spring_Onions.png
53197,3,Coriander,Bunch,https://www.themealdb.com/images/ingredients/Coriander.png
53197,4,Pork Tenderloin,400g,https://www.themealdb.com/images/ingredients/Pork_Tenderloin.png
53197,5,Thai Red Curry Paste,4 tablespoons,https://www.themealdb.com/images/ingredients/Thai_Red_Curry_Paste.png
53197,6,Peanut Butter,4 tablespoons,https://www.themealdb.com/images/ingredients/Peanut_Butter.png
53197,7,Brown Sugar,1 tablespoon,https://www.themealdb.com/images/ingredients/Brown_Sugar.png
53197,8,Soy Sauce,1 tbsp,https://www.themealdb.com/images/ingredients/Soy_Sauce.png
53197,9,Coconut Milk,400ml,https://www.themealdb.com/images/ingredients/Coconut_Milk.png
53197,10,Sweetcorn,175g,https://www.themealdb.com/images/ingredients/Sweetcorn.png
53197,11,Lime,Juice of 1,https://www.themealdb.com/images/ingredients/Lime.png
53197,12,Jasmine Rice,Steamed,https://www.themealdb.com/images/ingredients/Jasmine_Rice.png
52822,1,sausages,8,https://www.themealdb.com/images/ingredients/sausages.png
52822,2,vegetable oil,3 tbsp,https://www.themealdb.com/images/ingredients/vegetable_oil.png
52822,3,plain flour,100g,https://www.themealdb.com/images/ingredients/plain_flour.png
52822,4,eggs,2 medium,https://www.themealdb.com/images/ingredients/eggs.png
52822,5,horseradish,1 tbsp grated,https://www.themealdb.com/images/ingredients/horseradish.png
52822,6,milk,225ml,https://www.themealdb.com/images/ingredients/milk.png
52822,7,cherry tomatoes,200g,https://www.themealdb.com/images/ingredients/cherry_tomatoes.png
53032,1,Pork Chops,4,https://www.themealdb.com/images/ingredients/Pork_Chops.png
53032,2,Flour,100g,https://www.themealdb.com/images/ingredients/Flour.png
53032,3,Eggs,2 Beaten,https://www.themealdb.com/images/ingredients/Eggs.png
53032,4,Breadcrumbs,100g,https://www.themealdb.com/images/ingredients/Breadcrumbs.png
53032,5,Vegetable Oil,Fry,https://www.themealdb.com/images/ingredients/Vegetable_Oil.png
53032,6,Tomato Ketchup,2 tbs,https://www.themealdb.com/images/ingredients/Tomato_Ketchup.png
53032,7,Worcestershire Sauce,2 tbs,https://www.themealdb.com/images/ingredients/Worcestershire_Sauce.png
53032,8,Oyster Sauce,1 tbs,https://www.themealdb.com/images/ingredients/Oyster_Sauce.png
53032,9,Caster Sugar,2 tblsp,https://www.themealdb.com/images/ingredients/Caster_Sugar.png
53318,1,Cheddar Cheese,150g,https://www.themealdb.com/images/ingredients/Cheddar_Cheese.png
53318,2,Ham,200g,https://www.themealdb.com/images/ingredients/Ham.png
53318,3,Egg,3,https://www.themealdb.com/images/ingredients/Egg.png
53318,4,Vegetable Oil,100g,https://www.themealdb.com/images/ingredients/Vegetable_Oil.png
53318,5,Milk,240g,https://www.themealdb.com/images/ingredients/Milk.png
53318,6,All purpose flour,120g,https://www.themealdb.com/images/ingredients/All_purpose_flour.png
53318,7,Baking Powder,2 tsp,https://www.themealdb.com/images/ingredients/Baking_Powder.png
53318,8,Salt,1 tsp,https://www.themealdb.com/images/ingredients/Salt.png
53318,9,Dried Oregano,To taste,https://www.themealdb.com/images/ingredients/Dried_Oregano.png
52926,1,Potatoes,1 medium,https://www.themealdb.com/images/ingredients/Potatoes.png
52926,2,Sunflower Oil,1 tsp,https://www.themealdb.com/images/ingredients/Sunflower_Oil.png
52926,3,Minced Pork,500g,https://www.themealdb.com/images/ingredients/Minced_Pork.png
52926,4,Onion,1 finely chopped,https://www.themealdb.com/images/ingredients/Onion.png
52926,5,Garlic Clove,1 finely chopped,https://www.themealdb.com/images/ingredients/Garlic_Clove.png
52926,6,Cinnamon,¼ tsp,https://www.themealdb.com/images/ingredients/Cinnamon.png
52926,7,Allspice,¼ tsp,https://www.themealdb.com/images/ingredients/Allspice.png
52926,8,Nutmeg,¼ tsp,https://www.themealdb.com/images/ingredients/Nutmeg.png
52926,9,Vegetable Stock,100ml,https://www.themealdb.com/images/ingredients/Vegetable_Stock.png
52926,10,Shortcrust Pastry,400g,https://www.themealdb.com/images/ingredients/Shortcrust_Pastry.png
52926,11,Egg,To Glaze,https://www.themealdb.com/images/ingredients/Egg.png
52828,1,Pork,1.5 pounds sliced,https://www.themealdb.com/images/ingredients/Pork.png
52828,2,Rice Vermicelli,1 package thin,https://www.themealdb.com/images/ingredients/Rice_Vermicelli.png
52828,3,Egg Rolls,4-6,https://www.themealdb.com/images/ingredients/Egg_Rolls.png
52828,4,Challots,3 tablespoons minced,https://www.themealdb.com/images/ingredients/Challots.png
52828,5,Garlic,1.5 tablespoons minced garlic,https://www.themealdb.com/images/ingredients/Garlic.png
52828,6,Sugar,¼ cup,https://www.themealdb.com/images/ingredients/Sugar.png
52828,7,Fish Sauce,1 tablespoon,https://www.themealdb.com/images/ingredients/Fish_Sauce.png
52828,8,Soy sauce,½ tablespoon thick,https://www.themealdb.com/images/ingredients/Soy_sauce.png
52828,9,Pepper,½ tablespoon,https://www.themealdb.com/images/ingredients/Pepper.png
52828,10,Olive Oil,3 tablespoons,https://www.themealdb.com/images/ingredients/Olive_Oil.png
52828,11,Cucumber,Sliced,https://www.themealdb.com/images/ingredients/Cucumber.png
52828,12,Mint,Leaves,https://www.themealdb.com/images/ingredients/Mint.png
52828,13,Peanuts,Crushed,https://www.themealdb.com/images/ingredients/Peanuts.png
53237,1,Golden Caster Sugar,1 tsp,https://www.themealdb.com/images/ingredients/Golden_Caster_Sugar.png
53237,2,Lime,Juice of 2,https://www.themealdb.com/images/ingredients/Lime.png
53237,3,Red Chilli,1 chopped,https://www.themealdb.com/images/ingredients/Red_Chilli.png
53237,4,Coriander,Handful,https://www.themealdb.com/images/ingredients/Coriander.png
53237,5,Sesame Seed Oil,1 tablespoon,https://www.themealdb.com/images/ingredients/Sesame_Seed_Oil.png
53237,6,Fish Sauce,1 tablespoon,https://www.themealdb.com/images/ingredients/Fish_Sauce.png
53237,7,Soy Sauce,1 tablespoon,https://www.themealdb.com/images/ingredients/Soy_Sauce.png
53237,8,Pork Tenderloin,500g,https://www.themealdb.com/images/ingredients/Pork_Tenderloin.png
53237,9,Vegetable Oil,For brushing,https://www.themealdb.com/images/ingredients/Vegetable_Oil.png
53237,10,White Cabbage,1/4,https://www.themealdb.com/images/ingredients/White_Cabbage.png
53237,11,Cucumber,1 chopped,https://www.themealdb.com/images/ingredients/Cucumber.png
53237,12,Celery,5 chopped,https://www.themealdb.com/images/ingredients/Celery.png
53237,13,Spring Onions,3 sliced thinly,https://www.themealdb.com/images/ingredients/Spring_Onions.png
53237,14,Red Chilli,1 chopped,https://www.themealdb.com/images/ingredients/Red_Chilli.png
53237,15,Lemongrass Stalks,2 chopped,https://www.themealdb.com/images/ingredients/Lemongrass_Stalks.png
53237,16,Lime,Zest of 1,https://www.themealdb.com/images/ingredients/Lime.png
53237,17,Coriander,Handful,https://www.themealdb.com/images/ingredients/Coriander.png
53237,18,Mint,Handful,https://www.themealdb.com/images/ingredients/Mint.png
53235,1,Ground Nut Oil,1 ½ tbsp,https://www.themealdb.com/images/ingredients/Ground_Nut_Oil.png
53235,2,Pork Shoulder Steaks,500g,https://www.themealdb.com/images/ingredients/Pork_Shoulder_Steaks.png
53235,3,Shallots,2 chopped,https://www.themealdb.com/images/ingredients/Shallots.png
53235,4,Ground Ginger,1 tablespoon,https://www.themealdb.com/images/ingredients/Ground_Ginger.png
53235,5,Red Chilli,1 chopped,https://www.themealdb.com/images/ingredients/Red_Chilli.png
53235,6,Brown Sugar,75g,https://www.themealdb.com/images/ingredients/Brown_Sugar.png
53235,7,Fish Sauce,1 tablespoon,https://www.themealdb.com/images/ingredients/Fish_Sauce.png
53235,8,Chilli Sauce,2 tsp,https://www.themealdb.com/images/ingredients/Chilli_Sauce.png
53235,9,Spring Onions,4,https://www.themealdb.com/images/ingredients/Spring_Onions.png
53235,10,Rice,Steamed,https://www.themealdb.com/images/ingredients/Rice.png
53235,11,Pak Choi,To serve,https://www.themealdb.com/images/ingredients/Pak_Choi.png
53106,1,Asparagus,500g,https://www.themealdb.com/images/ingredients/Asparagus.png
53106,2,Red Wine Vinegar,2 tbsp,https://www.themealdb.com/images/ingredients/Red_Wine_Vinegar.png
53106,3,Tomato,4,https://www.themealdb.com/images/ingredients/Tomato.png
53106,4,Extra Virgin Olive Oil,1 tbsp,https://www.themealdb.com/images/ingredients/Extra_Virgin_Olive_Oil.png
53106,5,Streaky Bacon,12,https://www.themealdb.com/images/ingredients/Streaky_Bacon.png
53106,6,Clear Honey,1 teaspoon,https://www.themealdb.com/images/ingredients/Clear_Honey.png
53106,7,Jersey Royal Potatoes,16,https://www.themealdb.com/images/ingredients/Jersey_Royal_Potatoes.png
53106,8,Extra Virgin Olive Oil,2 tblsp,https://www.themealdb.com/images/ingredients/Extra_Virgin_Olive_Oil.png
53106,9,Dijon Mustard,1 teaspoon,https://www.themealdb.com/images/ingredients/Dijon_Mustard.png
53106,10,Rocket,100g,https://www.themealdb.com/images/ingredients/Rocket.png
52948,1,Pork,1lb,https://www.themealdb.com/images/ingredients/Pork.png
52948,2,Garlic Clove,3 chopped,https://www.themealdb.com/images/ingredients/Garlic_Clove.png
52948,3,Ginger,1 tsp,https://www.themealdb.com/images/ingredients/Ginger.png
52948,4,Soy Sauce,1 tbs,https://www.themealdb.com/images/ingredients/Soy_Sauce.png
52948,5,Sesame Seed Oil,1 tsp,https://www.themealdb.com/images/ingredients/Sesame_Seed_Oil.png
52948,6,Carrots,3 finely chopped,https://www.themealdb.com/images/ingredients/Carrots.png
52948,7,Celery,3 finely chopped,https://www.themealdb.com/images/ingredients/Celery.png
52948,8,Spring Onions,6 chopped,https://www.themealdb.com/images/ingredients/Spring_Onions.png
52948,9,Wonton Skin,1 Packet,https://www.themealdb.com/images/ingredients/Wonton_Skin.png
52948,10,Oil,Fry,https://www.themealdb.com/images/ingredients/Oil.png
52948,11,Water,Bottle,https://www.themealdb.com/images/ingredients/Water.png
53294,1,Baguette,2,https://www.themealdb.com/images/ingredients/Baguette.png
53294,2,Butter,1 tablespoon,https://www.themealdb.com/images/ingredients/Butter.png
53294,3,Vegetable Oil,2 tsp,https://www.themealdb.com/images/ingredients/Vegetable_Oil.png
53294,4,Onion,1 chopped,https://www.themealdb.com/images/ingredients/Onion.png
53294,5,Mushrooms,300g,https://www.themealdb.com/images/ingredients/Mushrooms.png
53294,6,Garlic,1 clove,https://www.themealdb.com/images/ingredients/Garlic.png
53294,7,Mayonnaise,1 tablespoon,https://www.themealdb.com/images/ingredients/Mayonnaise.png
53294,8,Cheddar Cheese,50g,https://www.themealdb.com/images/ingredients/Cheddar_Cheese.png
53294,9,Ham,75g,https://www.themealdb.com/images/ingredients/Ham.png
53294,10,Polish Kabanos,75g,https://www.themealdb.com/images/ingredients/Polish_Kabanos.png
53294,11,Mozzarella,50g,https://www.themealdb.com/images/ingredients/Mozzarella.png
53294,12,Dill,2,https://www.themealdb.com/images/ingredients/Dill.png
53294,13,Chives,1 tablespoon,https://www.themealdb.com/images/ingredients/Chives.png
53294,14,Tomato Ketchup,Drizzle,https://www.themealdb.com/images/ingredients/Tomato_Ketchup.png
53147,1,Raw King Prawns,24,https://www.themealdb.com/images/ingredients/Raw_King_Prawns.png
53147,2,Olive Oil,2 tbsp,https://www.themealdb.com/images/ingredients/Olive_Oil.png
53147,3,Onion,1 small,https://www.themealdb.com/images/ingredients/Onion.png
53147,4,Bay Leaf,1,https://www.themealdb.com/images/ingredients/Bay_Leaf.png
53147,5,Saffron,1 pinch,https://www.themealdb.com/images/ingredients/Saffron.png
53147,6,Paella Rice,450g,https://www.themealdb.com/images/ingredients/Paella_Rice.png
53147,7,Tomato Puree,2 teaspoons,https://www.themealdb.com/images/ingredients/Tomato_Puree.png
53147,8,White Wine,200ml,https://www.themealdb.com/images/ingredients/White_Wine.png
53147,9,Seafood stock,650ml,https://www.themealdb.com/images/ingredients/Seafood_stock.png
53147,10,Squid,3 Medium,https://www.themealdb.com/images/ingredients/Squid.png
52959,1,Fennel,2 medium,https://www.themealdb.com/images/ingredients/Fennel.png
52959,2,Parsley,2 tbs chopped,https://www.themealdb.com/images/ingredients/Parsley.png
52959,3,Lemon,Juice of 1,https://www.themealdb.com/images/ingredients/Lemon.png
52959,4,Cherry Tomatoes,175g,https://www.themealdb.com/images/ingredients/Cherry_Tomatoes.png
52959,5,Olive Oil,1 tbs,https://www.themealdb.com/images/ingredients/Olive_Oil.png
52959,6,Salmon,350g,https://www.themealdb.com/images/ingredients/Salmon.png
52959,7,Black Olives,to serve,https://www.themealdb.com/images/ingredients/Black_Olives.png
53239,1,Rice Noodles,140g,https://www.themealdb.com/images/ingredients/Rice_Noodles.png
53239,2,Peanut Butter,3 tablespoons,https://www.themealdb.com/images/ingredients/Peanut_Butter.png
53239,3,Coconut Milk,4 tablespoons,https://www.themealdb.com/images/ingredients/Coconut_Milk.png
53239,4,sweet chilli sauce,3  tablespoons,https://www.themealdb.com/images/ingredients/sweet_chilli_sauce.png
53239,5,Spring Onions,3 sliced thinly,https://www.themealdb.com/images/ingredients/Spring_Onions.png
53239,6,Cucumber,1 sliced,https://www.themealdb.com/images/ingredients/Cucumber.png
53239,7,Bean Sprouts,300g,https://www.themealdb.com/images/ingredients/Bean_Sprouts.png
53239,8,Prawns,200g,https://www.themealdb.com/images/ingredients/Prawns.png
53103,1,barramundi,2 x 400g,https://www.themealdb.com/images/ingredients/barramundi.png
53103,2,Ground Cumin,1/2 teaspoon,https://www.themealdb.com/images/ingredients/Ground_Cumin.png
53103,3,Coriander,1/2 tsp,https://www.themealdb.com/images/ingredients/Coriander.png
53103,4,Paprika,Pinch,https://www.themealdb.com/images/ingredients/Paprika.png
53103,5,Chili Powder,Pinch,https://www.themealdb.com/images/ingredients/Chili_Powder.png
53103,6,Garlic Clove,2,https://www.themealdb.com/images/ingredients/Garlic_Clove.png
53103,7,Lemon,Juice of 1,https://www.themealdb.com/images/ingredients/Lemon.png
53103,8,Olive Oil,5 tablespoons,https://www.themealdb.com/images/ingredients/Olive_Oil.png
53103,9,Coriander,Bunch,https://www.themealdb.com/images/ingredients/Coriander.png
52819,1,cajun,2 tbsp,https://www.themealdb.com/images/ingredients/cajun.png
52819,2,cayenne pepper,1 tsp,https://www.themealdb.com/images/ingredients/cayenne_pepper.png
52819,3,white fish,4 fillets,https://www.themealdb.com/images/ingredients/white_fish.png
52819,4,vegetable oil,1 tsp,https://www.themealdb.com/images/ingredients/vegetable_oil.png
52819,5,flour tortilla,8,https://www.themealdb.com/images/ingredients/flour_tortilla.png
52819,6,avocado,1 sliced,https://www.themealdb.com/images/ingredients/avocado.png
52819,7,little gem lettuce,2 shredded,https://www.themealdb.com/images/ingredients/little_gem_lettuce.png
52819,8,Spring Onions,4 shredded,https://www.themealdb.com/images/ingredients/Spring_Onions.png
52819,9,salsa,1 x 300ml,https://www.themealdb.com/images/ingredients/salsa.png
52819,10,sour cream,1 pot,https://www.themealdb.com/images/ingredients/sour_cream.png
52819,11,lemon,1,https://www.themealdb.com/images/ingredients/lemon.png
52819,12,garlic,1 clove finely chopped,https://www.themealdb.com/images/ingredients/garlic.png
53154,1,Chorizo,50g,https://www.themealdb.com/images/ingredients/Chorizo.png
53154,2,Onion,1 chopped,https://www.themealdb.com/images/ingredients/Onion.png
53154,3,Garlic Clove,1,https://www.themealdb.com/images/ingredients/Garlic_Clove.png
53154,4,Parsley,Bunch,https://www.themealdb.com/images/ingredients/Parsley.png
53154,5,Vegetable Stock,200ml,https://www.themealdb.com/images/ingredients/Vegetable_Stock.png
53154,6,Tinned Tomatos,400g,https://www.themealdb.com/images/ingredients/Tinned_Tomatos.png
53154,7,Butter Beans,400g,https://www.themealdb.com/images/ingredients/Butter_Beans.png
53154,8,Sherry vinegar,1 teaspoon,https://www.themealdb.com/images/ingredients/Sherry_vinegar.png
53154,9,Clams,600g,https://www.themealdb.com/images/ingredients/Clams.png
53154,10,Crusty Bread,To serve,https://www.themealdb.com/images/ingredients/Crusty_Bread.png
53370,1,Unsalted Beef Stock,1 cup,https://www.themealdb.com/images/ingredients/Unsalted_Beef_Stock.png
53370,2,Soy Sauce,1 tablespoon,https://www.themealdb.com/images/ingredients/Soy_Sauce.png
53370,3,Shaoxing Wine,1 tablespoon,https://www.themealdb.com/images/ingredients/Shaoxing_Wine.png
53370,4,Oyster Sauce,1 tablespoon,https://www.themealdb.com/images/ingredients/Oyster_Sauce.png
53370,5,Pepper,1/2 tsp,https://www.themealdb.com/images/ingredients/Pepper.png
53370,6,Cornstarch,1 tablespoon,https://www.themealdb.com/images/ingredients/Cornstarch.png
53370,7,Water,1 tablespoon,https://www.themealdb.com/images/ingredients/Water.png
53370,8,Cornstarch,1 tablespoon,https://www.themealdb.com/images/ingredients/Cornstarch.png
53370,9,Water,1 tablespoon,https://www.themealdb.com/images/ingredients/Water.png
53370,10,Egg,8 large,https://www.themealdb.com/images/ingredients/Egg.png
53370,11,Kosher Salt,1/2 tsp,https://www.themealdb.com/images/ingredients/Kosher_Salt.png
53370,12,Sugar,1/4 tsp,https://www.themealdb.com/images/ingredients/Sugar.png
53370,13,Spring Onions,1,https://www.themealdb.com/images/ingredients/Spring_Onions.png
53370,14,Mung Bean Sprouts,1 cup,https://www.themealdb.com/images/ingredients/Mung_Bean_Sprouts.png
53370,15,Shrimp,20,https://www.themealdb.com/images/ingredients/Shrimp.png
53370,16,Vegetable Oil,3 Cups,https://www.themealdb.com/images/ingredients/Vegetable_Oil.png
53370,17,Jasmine Rice,2 cups,https://www.themealdb.com/images/ingredients/Jasmine_Rice.png
52944,1,Red Snapper,2 Pounds,https://www.themealdb.com/images/ingredients/Red_Snapper.png
52944,2,Vegetable Oil,1/2 cup,https://www.themealdb.com/images/ingredients/Vegetable_Oil.png
52944,3,Garlic,1 clove peeled crushed,https://www.themealdb.com/images/ingredients/Garlic.png
52944,4,Ginger,1/2 tsp,https://www.themealdb.com/images/ingredients/Ginger.png
52944,5,Thyme,2 sprigs,https://www.themealdb.com/images/ingredients/Thyme.png
52944,6,Bay Leaf,1,https://www.themealdb.com/images/ingredients/Bay_Leaf.png
52944,7,Red Pepper,0.5,https://www.themealdb.com/images/ingredients/Red_Pepper.png
52944,8,Yellow Pepper,0.5,https://www.themealdb.com/images/ingredients/Yellow_Pepper.png
52944,9,Onion,1 sliced,https://www.themealdb.com/images/ingredients/Onion.png
52944,10,Carrots,1 chopped,https://www.themealdb.com/images/ingredients/Carrots.png
52944,11,Sugar,1 tbs,https://www.themealdb.com/images/ingredients/Sugar.png
52944,12,Allspice,1/2 tsp,https://www.themealdb.com/images/ingredients/Allspice.png
52944,13,Worcestershire Sauce,1 tsp,https://www.themealdb.com/images/ingredients/Worcestershire_Sauce.png
52944,14,Scotch Bonnet,1,https://www.themealdb.com/images/ingredients/Scotch_Bonnet.png
52944,15,Lime,1,https://www.themealdb.com/images/ingredients/Lime.png
52944,16,Malt Vinegar,3/4 cup,https://www.themealdb.com/images/ingredients/Malt_Vinegar.png
52944,17,Pepper,pinch,https://www.themealdb.com/images/ingredients/Pepper.png
53043,1,Haddock,600g,https://www.themealdb.com/images/ingredients/Haddock.png
53043,2,Potatoes,300g,https://www.themealdb.com/images/ingredients/Potatoes.png
53043,3,Green Chilli,1 chopped,https://www.themealdb.com/images/ingredients/Green_Chilli.png
53043,4,Coriander,3 tbs,https://www.themealdb.com/images/ingredients/Coriander.png
53043,5,Cumin Seeds,1 tsp,https://www.themealdb.com/images/ingredients/Cumin_Seeds.png
53043,6,Pepper,1/2 tsp,https://www.themealdb.com/images/ingredients/Pepper.png
53043,7,Garlic,3 cloves,https://www.themealdb.com/images/ingredients/Garlic.png
53043,8,Ginger,2 pieces,https://www.themealdb.com/images/ingredients/Ginger.png
53043,9,Flour,2 tbs,https://www.themealdb.com/images/ingredients/Flour.png
53043,10,Eggs,3,https://www.themealdb.com/images/ingredients/Eggs.png
53043,11,Breadcrumbs,75g,https://www.themealdb.com/images/ingredients/Breadcrumbs.png
53043,12,Vegetable Oil,For frying,https://www.themealdb.com/images/ingredients/Vegetable_Oil.png
52802,1,Floury Potatoes,900g,https://www.themealdb.com/images/ingredients/Floury_Potatoes.png
52802,2,Olive Oil,2 tbsp,https://www.themealdb.com/images/ingredients/Olive_Oil.png
52802,3,Semi-skimmed Milk,600ml,https://www.themealdb.com/images/ingredients/Semi-skimmed_Milk.png
52802,4,White Fish Fillets,800g,https://www.themealdb.com/images/ingredients/White_Fish_Fillets.png
52802,5,Plain flour,1 tbsp,https://www.themealdb.com/images/ingredients/Plain_flour.png
52802,6,Nutmeg,Grating,https://www.themealdb.com/images/ingredients/Nutmeg.png
52802,7,Double Cream,3 tbsp,https://www.themealdb.com/images/ingredients/Double_Cream.png
52802,8,Jerusalem Artichokes,200g,https://www.themealdb.com/images/ingredients/Jerusalem_Artichokes.png
52802,9,Leek,1 finely sliced,https://www.themealdb.com/images/ingredients/Leek.png
52802,10,Prawns,200g peeled raw,https://www.themealdb.com/images/ingredients/Prawns.png
52802,11,Parsley,Large handful,https://www.themealdb.com/images/ingredients/Parsley.png
52802,12,Dill,Handful,https://www.themealdb.com/images/ingredients/Dill.png
52802,13,Lemon,Grated zest of 1,https://www.themealdb.com/images/ingredients/Lemon.png
52802,14,Gruyère,25g grated,https://www.themealdb.com/images/ingredients/Gruyère.png
52802,15,Lemon,Juice of 1,https://www.themealdb.com/images/ingredients/Lemon.png
53079,1,Olive Oil,2 tbs,https://www.themealdb.com/images/ingredients/Olive_Oil.png
53079,2,Onion,1 sliced,https://www.themealdb.com/images/ingredients/Onion.png
53079,3,Carrots,2 medium,https://www.themealdb.com/images/ingredients/Carrots.png
53079,4,Fish Stock,3 cups,https://www.themealdb.com/images/ingredients/Fish_Stock.png
53079,5,Water,3 cups,https://www.themealdb.com/images/ingredients/Water.png
53079,6,Potatoes,4 large,https://www.themealdb.com/images/ingredients/Potatoes.png
53079,7,Bay Leaf,3,https://www.themealdb.com/images/ingredients/Bay_Leaf.png
53079,8,Cod,1,https://www.themealdb.com/images/ingredients/Cod.png
53079,9,Salmon,1,https://www.themealdb.com/images/ingredients/Salmon.png
52918,1,Prawns,6 large,https://www.themealdb.com/images/ingredients/Prawns.png
52918,2,Olive Oil,3 tbs,https://www.themealdb.com/images/ingredients/Olive_Oil.png
52918,3,Dry White Wine,150ml,https://www.themealdb.com/images/ingredients/Dry_White_Wine.png
52918,4,Fish Stock,200ml,https://www.themealdb.com/images/ingredients/Fish_Stock.png
52918,5,Fennel,1 small finely diced,https://www.themealdb.com/images/ingredients/Fennel.png
52918,6,Onion,1 small finely diced,https://www.themealdb.com/images/ingredients/Onion.png
52918,7,Garlic,3 cloves Chopped,https://www.themealdb.com/images/ingredients/Garlic.png
52918,8,Potatoes,1 large,https://www.themealdb.com/images/ingredients/Potatoes.png
52918,9,Orange,1,https://www.themealdb.com/images/ingredients/Orange.png
52918,10,Star Anise,1,https://www.themealdb.com/images/ingredients/Star_Anise.png
52918,11,Bay Leaf,1,https://www.themealdb.com/images/ingredients/Bay_Leaf.png
52918,12,Harissa Spice,1 1/2 tsp,https://www.themealdb.com/images/ingredients/Harissa_Spice.png
52918,13,Tomato Puree,2 tbs,https://www.themealdb.com/images/ingredients/Tomato_Puree.png
52918,14,Chopped Tomatoes,400g,https://www.themealdb.com/images/ingredients/Chopped_Tomatoes.png
52918,15,Mussels,Handful,https://www.themealdb.com/images/ingredients/Mussels.png
52918,16,White Fish,200g,https://www.themealdb.com/images/ingredients/White_Fish.png
52918,17,Thyme,2,https://www.themealdb.com/images/ingredients/Thyme.png
52918,18,Bread,to serve,https://www.themealdb.com/images/ingredients/Bread.png
53122,1,Fish fillet,1 lb,https://www.themealdb.com/images/ingredients/Fish_fillet.png
53122,2,Garlic,1 clove,https://www.themealdb.com/images/ingredients/Garlic.png
53122,3,Potatoes,2 medium,https://www.themealdb.com/images/ingredients/Potatoes.png
53122,4,Carrots,2,https://www.themealdb.com/images/ingredients/Carrots.png
53122,5,Leek,1,https://www.themealdb.com/images/ingredients/Leek.png
53122,6,Butter,3  tablespoons,https://www.themealdb.com/images/ingredients/Butter.png
53122,7,Flour,5 tablespoons,https://www.themealdb.com/images/ingredients/Flour.png
53122,8,Fish Stock,4 cups,https://www.themealdb.com/images/ingredients/Fish_Stock.png
53122,9,Milk,1 cup,https://www.themealdb.com/images/ingredients/Milk.png
53122,10,Creme Fraiche,1 1/4 cup,https://www.themealdb.com/images/ingredients/Creme_Fraiche.png
53122,11,Shrimp,1 cup,https://www.themealdb.com/images/ingredients/Shrimp.png
53122,12,Chives,1 tablespoon,https://www.themealdb.com/images/ingredients/Chives.png
53178,1,Squid,300g,https://www.themealdb.com/images/ingredients/Squid.png
53178,2,Plain Flour,200g,https://www.themealdb.com/images/ingredients/Plain_Flour.png
53178,3,Capers,2 tblsp,https://www.themealdb.com/images/ingredients/Capers.png
53178,4,Garlic,1 clove peeled crushed,https://www.themealdb.com/images/ingredients/Garlic.png
53178,5,Mayonnaise,5 tblsp,https://www.themealdb.com/images/ingredients/Mayonnaise.png
53178,6,Vegetable Oil,For frying,https://www.themealdb.com/images/ingredients/Vegetable_Oil.png
53178,7,Lemon,To serve,https://www.themealdb.com/images/ingredients/Lemon.png
53144,1,Raw King Prawns,12,https://www.themealdb.com/images/ingredients/Raw_King_Prawns.png
53144,2,Garlic Clove,3,https://www.themealdb.com/images/ingredients/Garlic_Clove.png
53144,3,Olive Oil,100 ml,https://www.themealdb.com/images/ingredients/Olive_Oil.png
53144,4,Cayenne Pepper,3,https://www.themealdb.com/images/ingredients/Cayenne_Pepper.png
53144,5,Parsley,1 tablespoon chopped,https://www.themealdb.com/images/ingredients/Parsley.png
52764,1,Raw king prawns,500g,https://www.themealdb.com/images/ingredients/Raw_king_prawns.png
52764,2,Olive oil,3 tablespoons,https://www.themealdb.com/images/ingredients/Olive_oil.png
52764,3,Chopped onion,1,https://www.themealdb.com/images/ingredients/Chopped_onion.png
52764,4,Freshly chopped parsley,pinch,https://www.themealdb.com/images/ingredients/Freshly_chopped_parsley.png
52764,5,White wine,250ml,https://www.themealdb.com/images/ingredients/White_wine.png
52764,6,Chopped tomatoes,1 (400g) tin,https://www.themealdb.com/images/ingredients/Chopped_tomatoes.png
52764,7,Minced garlic,1/2 teaspoon,https://www.themealdb.com/images/ingredients/Minced_garlic.png
52764,8,Cubed Feta cheese,1 (200g) pack,https://www.themealdb.com/images/ingredients/Cubed_Feta_cheese.png
53180,1,Olive Oil,3  tablespoons,https://www.themealdb.com/images/ingredients/Olive_Oil.png
53180,2,Garlic,3 cloves Chopped,https://www.themealdb.com/images/ingredients/Garlic.png
53180,3,Prawns,400g,https://www.themealdb.com/images/ingredients/Prawns.png
53180,4,Dry sherry,2 tbsp,https://www.themealdb.com/images/ingredients/Dry_sherry.png
53180,5,Parsley,Handful,https://www.themealdb.com/images/ingredients/Parsley.png
53041,1,Sardines,8,https://www.themealdb.com/images/ingredients/Sardines.png
53041,2,Olive Oil,2 tbs,https://www.themealdb.com/images/ingredients/Olive_Oil.png
53041,3,Garlic,3 cloves,https://www.themealdb.com/images/ingredients/Garlic.png
53041,4,Paprika,1 tbs,https://www.themealdb.com/images/ingredients/Paprika.png
53041,5,Lemon,1/2,https://www.themealdb.com/images/ingredients/Lemon.png
53041,6,Rosemary,4 sprigs,https://www.themealdb.com/images/ingredients/Rosemary.png
53041,7,Red Chilli,1,https://www.themealdb.com/images/ingredients/Red_Chilli.png
52773,1,Salmon,1 lb,https://www.themealdb.com/images/ingredients/Salmon.png
52773,2,Olive oil,1 tablespoon,https://www.themealdb.com/images/ingredients/Olive_oil.png
52773,3,Soy Sauce,2 tablespoons,https://www.themealdb.com/images/ingredients/Soy_Sauce.png
52773,4,Sake,2 tablespoons,https://www.themealdb.com/images/ingredients/Sake.png
52773,5,Sesame Seed,4 tablespoons,https://www.themealdb.com/images/ingredients/Sesame_Seed.png
53362,1,Jumbo Shrimp,1 lb,https://www.themealdb.com/images/ingredients/Jumbo_Shrimp.png
53362,2,Jamaican Curry Powder,2.5 tbsp,https://www.themealdb.com/images/ingredients/Jamaican_Curry_Powder.png
53362,3,All-purpose Seasoning,1 tsp,https://www.themealdb.com/images/ingredients/All-purpose_Seasoning.png
53362,4,Olive Oil,2 tablespoons,https://www.themealdb.com/images/ingredients/Olive_Oil.png
53362,5,Onion,1 sliced,https://www.themealdb.com/images/ingredients/Onion.png
53362,6,Red Pepper,1 sliced,https://www.themealdb.com/images/ingredients/Red_Pepper.png
53362,7,Green Pepper,1 sliced,https://www.themealdb.com/images/ingredients/Green_Pepper.png
53362,8,Scotch Bonnet,1 sliced,https://www.themealdb.com/images/ingredients/Scotch_Bonnet.png
53362,9,Garlic,3 cloves Chopped,https://www.themealdb.com/images/ingredients/Garlic.png
53362,10,Unsweetened Coconut Milk,380g,https://www.themealdb.com/images/ingredients/Unsweetened_Coconut_Milk.png
53362,11,Tomato Ketchup,1/2 tbs,https://www.themealdb.com/images/ingredients/Tomato_Ketchup.png
53362,12,Thyme,4 sprigs,https://www.themealdb.com/images/ingredients/Thyme.png
53362,13,Salt,To taste,https://www.themealdb.com/images/ingredients/Salt.png
53362,14,Pepper,To taste,https://www.themealdb.com/images/ingredients/Pepper.png
53349,1,Shrimp,1 lb,https://www.themealdb.com/images/ingredients/Shrimp.png
53349,2,Scotch Bonnet,2 chopped,https://www.themealdb.com/images/ingredients/Scotch_Bonnet.png
53349,3,All-purpose Seasoning,1 tablespoon,https://www.themealdb.com/images/ingredients/All-purpose_Seasoning.png
53349,4,Ground Annatto,2 tsp,https://www.themealdb.com/images/ingredients/Ground_Annatto.png
53349,5,Allspice,2 tsp,https://www.themealdb.com/images/ingredients/Allspice.png
53349,6,Shrimp Stock,3/4 cup,https://www.themealdb.com/images/ingredients/Shrimp_Stock.png
53349,7,Onion,1/4 cup,https://www.themealdb.com/images/ingredients/Onion.png
53349,8,Garlic,2 cloves minced,https://www.themealdb.com/images/ingredients/Garlic.png
53349,9,White Vinegar,2 tablespoons,https://www.themealdb.com/images/ingredients/White_Vinegar.png
53349,10,Thyme,3 sprigs,https://www.themealdb.com/images/ingredients/Thyme.png
53349,11,Salt,To taste,https://www.themealdb.com/images/ingredients/Salt.png
52887,1,Smoked Haddock,300g,https://www.themealdb.com/images/ingredients/Smoked_Haddock.png
52887,2,Bay Leaves,2,https://www.themealdb.com/images/ingredients/Bay_Leaves.png
52887,3,Milk,300ml,https://www.themealdb.com/images/ingredients/Milk.png
52887,4,Eggs,4,https://www.themealdb.com/images/ingredients/Eggs.png
52887,5,Parsley,Handful,https://www.themealdb.com/images/ingredients/Parsley.png
52887,6,Coriander,Handful,https://www.themealdb.com/images/ingredients/Coriander.png
52887,7,Vegetable Oil,2 tbs,https://www.themealdb.com/images/ingredients/Vegetable_Oil.png
52887,8,Onion,1 chopped,https://www.themealdb.com/images/ingredients/Onion.png
52887,9,Coriander,1 tsp,https://www.themealdb.com/images/ingredients/Coriander.png
52887,10,Curry Powder,2 tsp,https://www.themealdb.com/images/ingredients/Curry_Powder.png
52887,11,Rice,300g,https://www.themealdb.com/images/ingredients/Rice.png
52946,1,Prawns,400g,https://www.themealdb.com/images/ingredients/Prawns.png
52946,2,Soy Sauce,2 tbs,https://www.themealdb.com/images/ingredients/Soy_Sauce.png
52946,3,Tomato Puree,1 tsp,https://www.themealdb.com/images/ingredients/Tomato_Puree.png
52946,4,Corn Flour,1 tsp,https://www.themealdb.com/images/ingredients/Corn_Flour.png
52946,5,Caster Sugar,1 tsp,https://www.themealdb.com/images/ingredients/Caster_Sugar.png
52946,6,Sunflower Oil,1 tsp,https://www.themealdb.com/images/ingredients/Sunflower_Oil.png
52946,7,Peanuts,85g,https://www.themealdb.com/images/ingredients/Peanuts.png
52946,8,Chilli,3 Large,https://www.themealdb.com/images/ingredients/Chilli.png
52946,9,Brown Sugar,1 tbs,https://www.themealdb.com/images/ingredients/Brown_Sugar.png
52946,10,Garlic Clove,6 cloves,https://www.themealdb.com/images/ingredients/Garlic_Clove.png
52946,11,Water Chestnut,450g,https://www.themealdb.com/images/ingredients/Water_Chestnut.png
52946,12,Ginger,to taste,https://www.themealdb.com/images/ingredients/Ginger.png
52821,1,Olive Oil,1 tbsp,https://www.themealdb.com/images/ingredients/Olive_Oil.png
52821,2,Red Chilli,1 finely sliced,https://www.themealdb.com/images/ingredients/Red_Chilli.png
52821,3,Thai red curry paste,2 ½ tbsp,https://www.themealdb.com/images/ingredients/Thai_red_curry_paste.png
52821,4,vegetable stock cube,1,https://www.themealdb.com/images/ingredients/vegetable_stock_cube.png
52821,5,coconut milk,400ml can,https://www.themealdb.com/images/ingredients/coconut_milk.png
52821,6,fish sauce,2 tsp,https://www.themealdb.com/images/ingredients/fish_sauce.png
52821,7,rice noodles,100g,https://www.themealdb.com/images/ingredients/rice_noodles.png
52821,8,lime,"2 juice of 1, the other halved",https://www.themealdb.com/images/ingredients/lime.png
52821,9,king prawns,150g,https://www.themealdb.com/images/ingredients/king_prawns.png
52821,10,coriander,½ small pack,https://www.themealdb.com/images/ingredients/coriander.png
52777,1,mozzarella balls,200 g,https://www.themealdb.com/images/ingredients/mozzarella_balls.png
52777,2,baby plum tomatoes,250 g,https://www.themealdb.com/images/ingredients/baby_plum_tomatoes.png
52777,3,fresh basil,1  bunch,https://www.themealdb.com/images/ingredients/fresh_basil.png
52777,4,farfalle,350 g,https://www.themealdb.com/images/ingredients/farfalle.png
52777,5,extra virgin olive oil,3  tablespoons,https://www.themealdb.com/images/ingredients/extra_virgin_olive_oil.png
52777,6,Green Olives,40 g,https://www.themealdb.com/images/ingredients/Green_Olives.png
52777,7,tuna,200 g,https://www.themealdb.com/images/ingredients/tuna.png
52777,8,salt,to taste,https://www.themealdb.com/images/ingredients/salt.png
52777,9,pepper,to taste,https://www.themealdb.com/images/ingredients/pepper.png
53048,1,Peanuts,50g,https://www.themealdb.com/images/ingredients/Peanuts.png
53048,2,Chilli,15g,https://www.themealdb.com/images/ingredients/Chilli.png
53048,3,Prawns,10g,https://www.themealdb.com/images/ingredients/Prawns.png
53048,4,Oil,5 tbs,https://www.themealdb.com/images/ingredients/Oil.png
53048,5,Water,750 ml,https://www.themealdb.com/images/ingredients/Water.png
53048,6,Tamarind Paste,1/2 tbs,https://www.themealdb.com/images/ingredients/Tamarind_Paste.png
53048,7,Potatoes,250g,https://www.themealdb.com/images/ingredients/Potatoes.png
53048,8,Red Onions,2,https://www.themealdb.com/images/ingredients/Red_Onions.png
53048,9,Garlic Clove,4,https://www.themealdb.com/images/ingredients/Garlic_Clove.png
53048,10,Cabbage,30g,https://www.themealdb.com/images/ingredients/Cabbage.png
53048,11,Chinese Broccoli,30g,https://www.themealdb.com/images/ingredients/Chinese_Broccoli.png
53048,12,Tofu,1,https://www.themealdb.com/images/ingredients/Tofu.png
53048,13,Soy Sauce,1 tbs,https://www.themealdb.com/images/ingredients/Soy_Sauce.png
53048,14,Noodles,4,https://www.themealdb.com/images/ingredients/Noodles.png
53048,15,Egg,1,https://www.themealdb.com/images/ingredients/Egg.png
53377,1,Dried Shrimp,2 tablespoons,https://www.themealdb.com/images/ingredients/Dried_Shrimp.png
53377,2,Boiling Water,3/4 cup,https://www.themealdb.com/images/ingredients/Boiling_Water.png
53377,3,Napa Cabbage,1 head,https://www.themealdb.com/images/ingredients/Napa_Cabbage.png
53377,4,Peanut Oil,2 tablespoons,https://www.themealdb.com/images/ingredients/Peanut_Oil.png
53377,5,Scallions,4 Chopped,https://www.themealdb.com/images/ingredients/Scallions.png
53377,6,Ginger,1 tablespoon,https://www.themealdb.com/images/ingredients/Ginger.png
53377,7,Soy Sauce,1 tablespoon,https://www.themealdb.com/images/ingredients/Soy_Sauce.png
53377,8,Water,1 tablespoon,https://www.themealdb.com/images/ingredients/Water.png
53377,9,Cornstarch,2 tsp,https://www.themealdb.com/images/ingredients/Cornstarch.png
53377,10,Kosher Salt,1 tsp,https://www.themealdb.com/images/ingredients/Kosher_Salt.png
53377,11,Pepper,1/2 tsp,https://www.themealdb.com/images/ingredients/Pepper.png
53051,1,Coconut Milk,2 cups,https://www.themealdb.com/images/ingredients/Coconut_Milk.png
53051,2,Water,2 cups,https://www.themealdb.com/images/ingredients/Water.png
53051,3,Ginger Paste,1/4 tsp,https://www.themealdb.com/images/ingredients/Ginger_Paste.png
53051,4,Ginger,1,https://www.themealdb.com/images/ingredients/Ginger.png
53051,5,Bay Leaf,1,https://www.themealdb.com/images/ingredients/Bay_Leaf.png
53051,6,Rice,2 cups,https://www.themealdb.com/images/ingredients/Rice.png
53051,7,Eggs,4,https://www.themealdb.com/images/ingredients/Eggs.png
53051,8,Cucumber,1,https://www.themealdb.com/images/ingredients/Cucumber.png
53051,9,Peanuts,1 cup,https://www.themealdb.com/images/ingredients/Peanuts.png
53051,10,Anchovy Fillet,4 oz,https://www.themealdb.com/images/ingredients/Anchovy_Fillet.png
53051,11,Vegetable Oil,2 tbs,https://www.themealdb.com/images/ingredients/Vegetable_Oil.png
53051,12,Onion,1,https://www.themealdb.com/images/ingredients/Onion.png
53051,13,Garlic,3 cloves,https://www.themealdb.com/images/ingredients/Garlic.png
53051,14,Shallots,3,https://www.themealdb.com/images/ingredients/Shallots.png
53051,15,Chilli Powder,2 tsp,https://www.themealdb.com/images/ingredients/Chilli_Powder.png
53051,16,Anchovy Fillet,4 oz,https://www.themealdb.com/images/ingredients/Anchovy_Fillet.png
53051,17,Sugar,3 tbs,https://www.themealdb.com/images/ingredients/Sugar.png
53051,18,Tamarind Paste,1/3 cup,https://www.themealdb.com/images/ingredients/Tamarind_Paste.png
53245,1,Rice Noodles,125g,https://www.themealdb.com/images/ingredients/Rice_Noodles.png
53245,2,Sugar Snap Peas,200g,https://www.themealdb.com/images/ingredients/Sugar_Snap_Peas.png
53245,3,Sesame Seed Oil,2 tsp,https://www.themealdb.com/images/ingredients/Sesame_Seed_Oil.png
53245,4,Spring Onions,4 sliced,https://www.themealdb.com/images/ingredients/Spring_Onions.png
53245,5,Coriander,Handful,https://www.themealdb.com/images/ingredients/Coriander.png
53245,6,Hot Smoked Flaked Salmon,150g,https://www.themealdb.com/images/ingredients/Hot_Smoked_Flaked_Salmon.png
53245,7,Pretzels,To serve,https://www.themealdb.com/images/ingredients/Pretzels.png
53245,8,Soy Sauce,3  tablespoons,https://www.themealdb.com/images/ingredients/Soy_Sauce.png
53245,9,Clear Honey,1 tablespoon,https://www.themealdb.com/images/ingredients/Clear_Honey.png
53245,10,Lemon Juice,1 tablespoon,https://www.themealdb.com/images/ingredients/Lemon_Juice.png
53245,11,Ground Nut Oil,1 tablespoon,https://www.themealdb.com/images/ingredients/Ground_Nut_Oil.png
53245,12,Garlic,1 clove finely chopped,https://www.themealdb.com/images/ingredients/Garlic.png
53245,13,Ginger,Knob,https://www.themealdb.com/images/ingredients/Ginger.png
53191,1,Rice Noodles,125g,https://www.themealdb.com/images/ingredients/Rice_Noodles.png
53191,2,Lime,Juice of 3,https://www.themealdb.com/images/ingredients/Lime.png
53191,3,Cayenne Pepper,1/2 teaspoon,https://www.themealdb.com/images/ingredients/Cayenne_Pepper.png
53191,4,Muscovado Sugar,2 teaspoons,https://www.themealdb.com/images/ingredients/Muscovado_Sugar.png
53191,5,Fish Sauce,2 tablespoons,https://www.themealdb.com/images/ingredients/Fish_Sauce.png
53191,6,Vegetable Oil,2 tablespoons,https://www.themealdb.com/images/ingredients/Vegetable_Oil.png
53191,7,Tiger Prawns,200g,https://www.themealdb.com/images/ingredients/Tiger_Prawns.png
53191,8,Spring Onions,4 finely sliced,https://www.themealdb.com/images/ingredients/Spring_Onions.png
53191,9,Bean Sprouts,140g,https://www.themealdb.com/images/ingredients/Bean_Sprouts.png
53191,10,Peanuts,25g,https://www.themealdb.com/images/ingredients/Peanuts.png
53191,11,Coriander,Handful,https://www.themealdb.com/images/ingredients/Coriander.png
53191,12,Lime,2,https://www.themealdb.com/images/ingredients/Lime.png
53191,13,sweet chilli sauce,To serve,https://www.themealdb.com/images/ingredients/sweet_chilli_sauce.png
53151,1,Olive Oil,3 tablespoons,https://www.themealdb.com/images/ingredients/Olive_Oil.png
53151,2,Raw tiger prawns,10,https://www.themealdb.com/images/ingredients/Raw_tiger_prawns.png
53151,3,Parsley,Bunch,https://www.themealdb.com/images/ingredients/Parsley.png
53151,4,Dry sherry,100 ml,https://www.themealdb.com/images/ingredients/Dry_sherry.png
53151,5,Mussels,500g,https://www.themealdb.com/images/ingredients/Mussels.png
53151,6,Saffron,Pinch,https://www.themealdb.com/images/ingredients/Saffron.png
53151,7,Chorizo,150g,https://www.themealdb.com/images/ingredients/Chorizo.png
53151,8,Onion,1 chopped,https://www.themealdb.com/images/ingredients/Onion.png
53151,9,Garlic,3 cloves,https://www.themealdb.com/images/ingredients/Garlic.png
53151,10,Squid,1 medium,https://www.themealdb.com/images/ingredients/Squid.png
53151,11,Tomato,2,https://www.themealdb.com/images/ingredients/Tomato.png
53151,12,Paella Rice,250g,https://www.themealdb.com/images/ingredients/Paella_Rice.png
53151,13,Broad Beans,100g,https://www.themealdb.com/images/ingredients/Broad_Beans.png
53151,14,Lemon Zest,1,https://www.themealdb.com/images/ingredients/Lemon_Zest.png
53152,1,Dried white beans,450g,https://www.themealdb.com/images/ingredients/Dried_white_beans.png
53152,2,Garlic,4 cloves,https://www.themealdb.com/images/ingredients/Garlic.png
53152,3,Bay Leaves,2,https://www.themealdb.com/images/ingredients/Bay_Leaves.png
53152,4,Thyme,1 teaspoon,https://www.themealdb.com/images/ingredients/Thyme.png
53152,5,Olive Oil,6 tablespoons,https://www.themealdb.com/images/ingredients/Olive_Oil.png
53152,6,Bread,100g,https://www.themealdb.com/images/ingredients/Bread.png
53152,7,Chorizo,100g,https://www.themealdb.com/images/ingredients/Chorizo.png
53152,8,Onion,1,https://www.themealdb.com/images/ingredients/Onion.png
53152,9,Paprika,3 tsp,https://www.themealdb.com/images/ingredients/Paprika.png
53152,10,Chicken Stock,1 L,https://www.themealdb.com/images/ingredients/Chicken_Stock.png
53152,11,Parsley,Handful,https://www.themealdb.com/images/ingredients/Parsley.png
53152,12,Hake,6,https://www.themealdb.com/images/ingredients/Hake.png
53045,1,Onions,2 finely chopped,https://www.themealdb.com/images/ingredients/Onions.png
53045,2,Red Pepper,1 Diced,https://www.themealdb.com/images/ingredients/Red_Pepper.png
53045,3,Coriander,Small bunch,https://www.themealdb.com/images/ingredients/Coriander.png
53045,4,Red Chilli,1 small,https://www.themealdb.com/images/ingredients/Red_Chilli.png
53045,5,Garlic,3 cloves,https://www.themealdb.com/images/ingredients/Garlic.png
53045,6,Dry White Wine,400ml,https://www.themealdb.com/images/ingredients/Dry_White_Wine.png
53045,7,Saffron,Pinch,https://www.themealdb.com/images/ingredients/Saffron.png
53045,8,Bay Leaf,1,https://www.themealdb.com/images/ingredients/Bay_Leaf.png
53045,9,Potatoes,300g,https://www.themealdb.com/images/ingredients/Potatoes.png
53045,10,Plum Tomatoes,400g,https://www.themealdb.com/images/ingredients/Plum_Tomatoes.png
53045,11,Cod,600g,https://www.themealdb.com/images/ingredients/Cod.png
53045,12,Squid,300g,https://www.themealdb.com/images/ingredients/Squid.png
53045,13,Tiger Prawns,8,https://www.themealdb.com/images/ingredients/Tiger_Prawns.png
53045,14,Clams,500g,https://www.themealdb.com/images/ingredients/Clams.png
53045,15,Mussels,500g,https://www.themealdb.com/images/ingredients/Mussels.png
53045,16,Baguette,1 sliced,https://www.themealdb.com/images/ingredients/Baguette.png
53244,1,Rice Noodles,200g,https://www.themealdb.com/images/ingredients/Rice_Noodles.png
53244,2,Prawns,200g,https://www.themealdb.com/images/ingredients/Prawns.png
53244,3,Red Onions,1 sliced,https://www.themealdb.com/images/ingredients/Red_Onions.png
53244,4,Red Chilli,1 sliced,https://www.themealdb.com/images/ingredients/Red_Chilli.png
53244,5,Cucumber,1 sliced,https://www.themealdb.com/images/ingredients/Cucumber.png
53244,6,Coriander,Handful,https://www.themealdb.com/images/ingredients/Coriander.png
53244,7,Mint,Handful,https://www.themealdb.com/images/ingredients/Mint.png
53244,8,Roasted Peanut,2 tablespoons,https://www.themealdb.com/images/ingredients/Roasted_Peanut.png
53244,9,Lime,Juice of 3,https://www.themealdb.com/images/ingredients/Lime.png
53244,10,Brown Sugar,1 tablespoon,https://www.themealdb.com/images/ingredients/Brown_Sugar.png
53244,11,Fish Sauce,2 tsp,https://www.themealdb.com/images/ingredients/Fish_Sauce.png
53244,12,Garlic,1 clove peeled crushed,https://www.themealdb.com/images/ingredients/Garlic.png
53244,13,Shallots,5 Slices,https://www.themealdb.com/images/ingredients/Shallots.png
53244,14,Vegetable Oil,For frying,https://www.themealdb.com/images/ingredients/Vegetable_Oil.png
53244,15,Flour,Sprinkling,https://www.themealdb.com/images/ingredients/Flour.png
53200,1,Raw tiger prawns,200g,https://www.themealdb.com/images/ingredients/Raw_tiger_prawns.png
53200,2,Green Chilli,1 chopped,https://www.themealdb.com/images/ingredients/Green_Chilli.png
53200,3,Garlic,3 Cloves Crushed,https://www.themealdb.com/images/ingredients/Garlic.png
53200,4,Coriander,1  bunch,https://www.themealdb.com/images/ingredients/Coriander.png
53200,5,Caster Sugar,1 tblsp,https://www.themealdb.com/images/ingredients/Caster_Sugar.png
53200,6,Lime,Juice of 1,https://www.themealdb.com/images/ingredients/Lime.png
53200,7,Fish Sauce,3 tbsp,https://www.themealdb.com/images/ingredients/Fish_Sauce.png
53200,8,Ground Nut Oil,2 tablespoons,https://www.themealdb.com/images/ingredients/Ground_Nut_Oil.png
53200,9,Ginger,3cm piece,https://www.themealdb.com/images/ingredients/Ginger.png
53200,10,Spring Onions,8 slices,https://www.themealdb.com/images/ingredients/Spring_Onions.png
53200,11,Red Pepper,1 sliced,https://www.themealdb.com/images/ingredients/Red_Pepper.png
53200,12,Water Chestnut,85g,https://www.themealdb.com/images/ingredients/Water_Chestnut.png
53200,13,Bean Sprouts,100g,https://www.themealdb.com/images/ingredients/Bean_Sprouts.png
53200,14,Soy Sauce,1 tablespoon,https://www.themealdb.com/images/ingredients/Soy_Sauce.png
53200,15,Rice Noodles,To serve,https://www.themealdb.com/images/ingredients/Rice_Noodles.png
53200,16,Lime,To serve,https://www.themealdb.com/images/ingredients/Lime.png
53174,1,Red Pepper,1,https://www.themealdb.com/images/ingredients/Red_Pepper.png
53174,2,Garlic Clove,3 Large,https://www.themealdb.com/images/ingredients/Garlic_Clove.png
53174,3,Red Chilli,1 large,https://www.themealdb.com/images/ingredients/Red_Chilli.png
53174,4,Tomato,1 large,https://www.themealdb.com/images/ingredients/Tomato.png
53174,5,Shelled Hazelnuts,10,https://www.themealdb.com/images/ingredients/Shelled_Hazelnuts.png
53174,6,Almonds,10,https://www.themealdb.com/images/ingredients/Almonds.png
53174,7,Parsley,3 sprigs,https://www.themealdb.com/images/ingredients/Parsley.png
53174,8,Bread,1 sliced,https://www.themealdb.com/images/ingredients/Bread.png
53174,9,Olive Oil,120ml,https://www.themealdb.com/images/ingredients/Olive_Oil.png
53174,10,Red Wine Vinegar,2 tblsp,https://www.themealdb.com/images/ingredients/Red_Wine_Vinegar.png
53174,11,Tiger Prawns,400g,https://www.themealdb.com/images/ingredients/Tiger_Prawns.png
53108,1,Squid,400g,https://www.themealdb.com/images/ingredients/Squid.png
53108,2,Oil,3  tablespoons,https://www.themealdb.com/images/ingredients/Oil.png
53108,3,Chinese five spice powder,1/2 teaspoon,https://www.themealdb.com/images/ingredients/Chinese_five_spice_powder.png
53108,4,Sesame Seed Oil,Dash,https://www.themealdb.com/images/ingredients/Sesame_Seed_Oil.png
53108,5,Coriander,Sprigs of fresh,https://www.themealdb.com/images/ingredients/Coriander.png
53108,6,sweet chilli sauce,Drizzle,https://www.themealdb.com/images/ingredients/sweet_chilli_sauce.png
52809,1,Mackerel,4,https://www.themealdb.com/images/ingredients/Mackerel.png
52809,2,Red Chilli,18 dried,https://www.themealdb.com/images/ingredients/Red_Chilli.png
52809,3,Ginger,1 inch,https://www.themealdb.com/images/ingredients/Ginger.png
52809,4,Garlic,8 cloves,https://www.themealdb.com/images/ingredients/Garlic.png
52809,5,Pepper,1.5 tsp,https://www.themealdb.com/images/ingredients/Pepper.png
52809,6,Cumin,1 tsp,https://www.themealdb.com/images/ingredients/Cumin.png
52809,7,Turmeric,½ tsp,https://www.themealdb.com/images/ingredients/Turmeric.png
52809,8,Cinnamon stick,,https://www.themealdb.com/images/ingredients/Cinnamon_stick.png
52809,9,Cloves,4,https://www.themealdb.com/images/ingredients/Cloves.png
52809,10,Cardamom,2,https://www.themealdb.com/images/ingredients/Cardamom.png
52809,11,Sugar,1 tbsp,https://www.themealdb.com/images/ingredients/Sugar.png
52809,12,Tamarind ball,2 marble sized,https://www.themealdb.com/images/ingredients/Tamarind_ball.png
52809,13,Vinegar,2.5 tbsp,https://www.themealdb.com/images/ingredients/Vinegar.png
52809,14,Oil,for frying,https://www.themealdb.com/images/ingredients/Oil.png
52960,1,Salmon,400g,https://www.themealdb.com/images/ingredients/Salmon.png
52960,2,Avocado,3,https://www.themealdb.com/images/ingredients/Avocado.png
52960,3,Cucumber,1,https://www.themealdb.com/images/ingredients/Cucumber.png
52960,4,Spinach,400g,https://www.themealdb.com/images/ingredients/Spinach.png
52960,5,Mint,4 tbs,https://www.themealdb.com/images/ingredients/Mint.png
52960,6,Lime,zest and juice of 1,https://www.themealdb.com/images/ingredients/Lime.png
52960,7,Honey,2 tsp,https://www.themealdb.com/images/ingredients/Honey.png
52960,8,Olive Oil,3 tbs,https://www.themealdb.com/images/ingredients/Olive_Oil.png
53234,1,Chicken Stock,1 L,https://www.themealdb.com/images/ingredients/Chicken_Stock.png
53234,2,Thai Red Curry Paste,2 tsp,https://www.themealdb.com/images/ingredients/Thai_Red_Curry_Paste.png
53234,3,Rice Noodles,100g,https://www.themealdb.com/images/ingredients/Rice_Noodles.png
53234,4,Shiitake Mushrooms,150g,https://www.themealdb.com/images/ingredients/Shiitake_Mushrooms.png
53234,5,Sweetcorn,125g,https://www.themealdb.com/images/ingredients/Sweetcorn.png
53234,6,Salmon,2,https://www.themealdb.com/images/ingredients/Salmon.png
53234,7,Lime,Juice of 2,https://www.themealdb.com/images/ingredients/Lime.png
53234,8,Soy Sauce,1 tablespoon,https://www.themealdb.com/images/ingredients/Soy_Sauce.png
53234,9,Brown Sugar,Pinch,https://www.themealdb.com/images/ingredients/Brown_Sugar.png
53234,10,Coriander,Bunch,https://www.themealdb.com/images/ingredients/Coriander.png
53248,1,Rice Noodles,100g,https://www.themealdb.com/images/ingredients/Rice_Noodles.png
53248,2,Spring Onions,3 sliced thinly,https://www.themealdb.com/images/ingredients/Spring_Onions.png
53248,3,Petit Pois,50g,https://www.themealdb.com/images/ingredients/Petit_Pois.png
53248,4,Chilli,85g,https://www.themealdb.com/images/ingredients/Chilli.png
53248,5,Coriander,85g,https://www.themealdb.com/images/ingredients/Coriander.png
53248,6,Lime,85g,https://www.themealdb.com/images/ingredients/Lime.png
53248,7,Salmon,300g,https://www.themealdb.com/images/ingredients/Salmon.png
52823,1,butter,50g/2oz,https://www.themealdb.com/images/ingredients/butter.png
52823,2,onion,1 finely chopped,https://www.themealdb.com/images/ingredients/onion.png
52823,3,rice,150g,https://www.themealdb.com/images/ingredients/rice.png
52823,4,white wine,125ml,https://www.themealdb.com/images/ingredients/white_wine.png
52823,5,vegetable stock,1 litre hot,https://www.themealdb.com/images/ingredients/vegetable_stock.png
52823,6,lemon,The juice and zest of one,https://www.themealdb.com/images/ingredients/lemon.png
52823,7,King Prawns,240g large,https://www.themealdb.com/images/ingredients/King_Prawns.png
52823,8,salmon,150g,https://www.themealdb.com/images/ingredients/salmon.png
52823,9,asparagus,100g tips blanched briefly in boiling water,https://www.themealdb.com/images/ingredients/asparagus.png
52823,10,black pepper,ground,https://www.themealdb.com/images/ingredients/black_pepper.png
52823,11,Parmesan,50g shavings,https://www.themealdb.com/images/ingredients/Parmesan.png
53233,1,Corn Flour,85g,https://www.themealdb.com/images/ingredients/Corn_Flour.png
53233,2,Plain Flour,85g,https://www.themealdb.com/images/ingredients/Plain_Flour.png
53233,3,Black Pepper,2 tsp,https://www.themealdb.com/images/ingredients/Black_Pepper.png
53233,4,Szechuan Peppercorns,2 tsp,https://www.themealdb.com/images/ingredients/Szechuan_Peppercorns.png
53233,5,Sunflower Oil,For frying,https://www.themealdb.com/images/ingredients/Sunflower_Oil.png
53233,6,Squid,400g,https://www.themealdb.com/images/ingredients/Squid.png
53233,7,Spring Onions,Sliced,https://www.themealdb.com/images/ingredients/Spring_Onions.png
53233,8,Green Chilli,Sliced,https://www.themealdb.com/images/ingredients/Green_Chilli.png
53233,9,Red Chilli,1 chopped,https://www.themealdb.com/images/ingredients/Red_Chilli.png
53233,10,Cucumber,1/2,https://www.themealdb.com/images/ingredients/Cucumber.png
53233,11,Red Onions,1 chopped,https://www.themealdb.com/images/ingredients/Red_Onions.png
53233,12,Rice Vinegar,100 ml,https://www.themealdb.com/images/ingredients/Rice_Vinegar.png
53233,13,Caster Sugar,1 tablespoon,https://www.themealdb.com/images/ingredients/Caster_Sugar.png
53233,14,Fish Sauce,2 tsp,https://www.themealdb.com/images/ingredients/Fish_Sauce.png
53171,1,Olive Oil,4 tbsp,https://www.themealdb.com/images/ingredients/Olive_Oil.png
53171,2,Onion,1 Large Chopped,https://www.themealdb.com/images/ingredients/Onion.png
53171,3,Jersey Royal Potatoes,300g,https://www.themealdb.com/images/ingredients/Jersey_Royal_Potatoes.png
53171,4,Garlic,2 cloves chopped,https://www.themealdb.com/images/ingredients/Garlic.png
53171,5,Egg,8,https://www.themealdb.com/images/ingredients/Egg.png
53171,6,Parsley,2 1/2 Tbs,https://www.themealdb.com/images/ingredients/Parsley.png
53171,7,Salt Cod,300g,https://www.themealdb.com/images/ingredients/Salt_Cod.png
52936,1,Salt Cod,450g,https://www.themealdb.com/images/ingredients/Salt_Cod.png
52936,2,Ackee,400g,https://www.themealdb.com/images/ingredients/Ackee.png
52936,3,Onion,1 chopped,https://www.themealdb.com/images/ingredients/Onion.png
52936,4,Paprika,1 tsp,https://www.themealdb.com/images/ingredients/Paprika.png
52936,5,Curry Powder,2 tsp,https://www.themealdb.com/images/ingredients/Curry_Powder.png
52936,6,Jerusalem Artichokes,2 tsp,https://www.themealdb.com/images/ingredients/Jerusalem_Artichokes.png
52936,7,Hotsauce,1 tsp,https://www.themealdb.com/images/ingredients/Hotsauce.png
52936,8,Red Pepper,1 sliced,https://www.themealdb.com/images/ingredients/Red_Pepper.png
52936,9,Yellow Pepper,1 sliced,https://www.themealdb.com/images/ingredients/Yellow_Pepper.png
52936,10,Tomatoes,200g,https://www.themealdb.com/images/ingredients/Tomatoes.png
52936,11,Salt,to taste,https://www.themealdb.com/images/ingredients/Salt.png
52936,12,Pepper,to taste,https://www.themealdb.com/images/ingredients/Pepper.png
52936,13,Self-raising Flour,250g,https://www.themealdb.com/images/ingredients/Self-raising_Flour.png
52936,14,Suet,30g,https://www.themealdb.com/images/ingredients/Suet.png
52936,15,Salt,pinch,https://www.themealdb.com/images/ingredients/Salt.png
52936,16,Olive Oil,for frying,https://www.themealdb.com/images/ingredients/Olive_Oil.png
53247,1,Sea Bass Fillets,6,https://www.themealdb.com/images/ingredients/Sea_Bass_Fillets.png
53247,2,Sunflower Oil,3  tablespoons,https://www.themealdb.com/images/ingredients/Sunflower_Oil.png
53247,3,Ginger,Knob,https://www.themealdb.com/images/ingredients/Ginger.png
53247,4,Garlic Clove,3 sliced thinly,https://www.themealdb.com/images/ingredients/Garlic_Clove.png
53247,5,Red Chilli,3 Large,https://www.themealdb.com/images/ingredients/Red_Chilli.png
53247,6,Spring Onions,Bunch,https://www.themealdb.com/images/ingredients/Spring_Onions.png
53247,7,Soy Sauce,1 tablespoon,https://www.themealdb.com/images/ingredients/Soy_Sauce.png
52836,1,Mussels,400g,https://www.themealdb.com/images/ingredients/Mussels.png
52836,2,Prawns,8,https://www.themealdb.com/images/ingredients/Prawns.png
52836,3,Saffron,2 pinches,https://www.themealdb.com/images/ingredients/Saffron.png
52836,4,Vermicelli Pasta,350g,https://www.themealdb.com/images/ingredients/Vermicelli_Pasta.png
52836,5,Olive Oil,5 tblsp,https://www.themealdb.com/images/ingredients/Olive_Oil.png
52836,6,Onions,1 large,https://www.themealdb.com/images/ingredients/Onions.png
52836,7,Garlic,3 cloves,https://www.themealdb.com/images/ingredients/Garlic.png
52836,8,Paprika,2 tbs,https://www.themealdb.com/images/ingredients/Paprika.png
52836,9,Monkfish,1 tail,https://www.themealdb.com/images/ingredients/Monkfish.png
52836,10,Baby Squid,4,https://www.themealdb.com/images/ingredients/Baby_Squid.png
52836,11,Fish Stock,650ml,https://www.themealdb.com/images/ingredients/Fish_Stock.png
52836,12,Tomatoes,2 large,https://www.themealdb.com/images/ingredients/Tomatoes.png
52836,13,Lemon,Juice of 1,https://www.themealdb.com/images/ingredients/Lemon.png
52836,14,Parsley,Topping,https://www.themealdb.com/images/ingredients/Parsley.png
53167,1,Olive Oil,1 tbsp,https://www.themealdb.com/images/ingredients/Olive_Oil.png
53167,2,Leek,1 sliced,https://www.themealdb.com/images/ingredients/Leek.png
53167,3,Chorizo,110g,https://www.themealdb.com/images/ingredients/Chorizo.png
53167,4,Turmeric,1 teaspoon,https://www.themealdb.com/images/ingredients/Turmeric.png
53167,5,Rice,300g,https://www.themealdb.com/images/ingredients/Rice.png
53167,6,Fish Stock,1 L,https://www.themealdb.com/images/ingredients/Fish_Stock.png
53167,7,Peas,200g,https://www.themealdb.com/images/ingredients/Peas.png
53167,8,Frozen Seafood mix,400g,https://www.themealdb.com/images/ingredients/Frozen_Seafood_mix.png
52953,1,Rice Stick Noodles,1/2 bag,https://www.themealdb.com/images/ingredients/Rice_Stick_Noodles.png
52953,2,Prawns,8 oz,https://www.themealdb.com/images/ingredients/Prawns.png
52953,3,Egg,1/2,https://www.themealdb.com/images/ingredients/Egg.png
52953,4,Pepper,pinch,https://www.themealdb.com/images/ingredients/Pepper.png
52953,5,Sesame Seed Oil,2 tsp,https://www.themealdb.com/images/ingredients/Sesame_Seed_Oil.png
52953,6,Cornstarch,2 tbs,https://www.themealdb.com/images/ingredients/Cornstarch.png
52953,7,Oil,4 tbs,https://www.themealdb.com/images/ingredients/Oil.png
52953,8,Minced Garlic,1 tsp,https://www.themealdb.com/images/ingredients/Minced_Garlic.png
52953,9,Ginger,1 tsp,https://www.themealdb.com/images/ingredients/Ginger.png
52953,10,Onion,1/2 cup,https://www.themealdb.com/images/ingredients/Onion.png
52953,11,Bean Sprouts,1 cup,https://www.themealdb.com/images/ingredients/Bean_Sprouts.png
52953,12,Spring Onions,1/2 cup,https://www.themealdb.com/images/ingredients/Spring_Onions.png
52953,13,Cooking wine,1 tbs,https://www.themealdb.com/images/ingredients/Cooking_wine.png
52953,14,Oyster Sauce,1 tbs,https://www.themealdb.com/images/ingredients/Oyster_Sauce.png
52953,15,Sugar,1/2 tbs,https://www.themealdb.com/images/ingredients/Sugar.png
52953,16,Vinegar,1/2 tbs,https://www.themealdb.com/images/ingredients/Vinegar.png
52953,17,Soy Sauce,1 tbs,https://www.themealdb.com/images/ingredients/Soy_Sauce.png
53375,1,Cornstarch,2 tsp,https://www.themealdb.com/images/ingredients/Cornstarch.png
53375,2,Dry sherry,1 tablespoon,https://www.themealdb.com/images/ingredients/Dry_sherry.png
53375,3,Kosher Salt,1/2 tsp,https://www.themealdb.com/images/ingredients/Kosher_Salt.png
53375,4,Shrimp,1 lb,https://www.themealdb.com/images/ingredients/Shrimp.png
53375,5,Peanut Oil,2 tablespoons,https://www.themealdb.com/images/ingredients/Peanut_Oil.png
53375,6,Ground Ginger,1 tablespoon,https://www.themealdb.com/images/ingredients/Ground_Ginger.png
53375,7,Garlic,3 cloves Chopped,https://www.themealdb.com/images/ingredients/Garlic.png
53375,8,Snow Peas,1/2 lb,https://www.themealdb.com/images/ingredients/Snow_Peas.png
53375,9,Soy Sauce,2 tsp,https://www.themealdb.com/images/ingredients/Soy_Sauce.png
53375,10,Chicken Stock,1/4 cup,https://www.themealdb.com/images/ingredients/Chicken_Stock.png
53375,11,Scallions,4,https://www.themealdb.com/images/ingredients/Scallions.png
53375,12,Sesame Seed Oil,2 tsp,https://www.themealdb.com/images/ingredients/Sesame_Seed_Oil.png
53368,1,Sesame Seed Oil,2 tsp,https://www.themealdb.com/images/ingredients/Sesame_Seed_Oil.png
53368,2,Soy Sauce,2 tablespoons,https://www.themealdb.com/images/ingredients/Soy_Sauce.png
53368,3,Seasoned Rice Vinegar,2 tablespoons,https://www.themealdb.com/images/ingredients/Seasoned_Rice_Vinegar.png
53368,4,Vermicelli Rice Noodles,6 oz,https://www.themealdb.com/images/ingredients/Vermicelli_Rice_Noodles.png
53368,5,Egg,2 large,https://www.themealdb.com/images/ingredients/Egg.png
53368,6,Ground Ginger,2 tblsp,https://www.themealdb.com/images/ingredients/Ground_Ginger.png
53368,7,Garlic,1 clove finely chopped,https://www.themealdb.com/images/ingredients/Garlic.png
53368,8,Carrots,2,https://www.themealdb.com/images/ingredients/Carrots.png
53368,9,Jalapeno,1 sliced,https://www.themealdb.com/images/ingredients/Jalapeno.png
53368,10,Onion,1/2,https://www.themealdb.com/images/ingredients/Onion.png
53368,11,Salt,1/2 tsp,https://www.themealdb.com/images/ingredients/Salt.png
53368,12,Ham,4 oz,https://www.themealdb.com/images/ingredients/Ham.png
53368,13,Napa Cabbage,1/2,https://www.themealdb.com/images/ingredients/Napa_Cabbage.png
53368,14,Scallions,4,https://www.themealdb.com/images/ingredients/Scallions.png
53368,15,Red Pepper,1/2,https://www.themealdb.com/images/ingredients/Red_Pepper.png
53368,16,Curry Powder,2 tsp,https://www.themealdb.com/images/ingredients/Curry_Powder.png
53368,17,Shrimp,1/2 lb,https://www.themealdb.com/images/ingredients/Shrimp.png
53368,18,Cilantro Leaves,2 tablespoons,https://www.themealdb.com/images/ingredients/Cilantro_Leaves.png
53023,1,Herring,8,https://www.themealdb.com/images/ingredients/Herring.png
53023,2,Onion,1 sliced,https://www.themealdb.com/images/ingredients/Onion.png
53023,3,Olive Oil,1/2 cup,https://www.themealdb.com/images/ingredients/Olive_Oil.png
53023,4,Allspice,1 tsp,https://www.themealdb.com/images/ingredients/Allspice.png
53023,5,Pepper,1 tsp,https://www.themealdb.com/images/ingredients/Pepper.png
53023,6,Bay Leaf,1,https://www.themealdb.com/images/ingredients/Bay_Leaf.png
53184,1,Onion,1 sliced,https://www.themealdb.com/images/ingredients/Onion.png
53184,2,Red Pepper,1 sliced,https://www.themealdb.com/images/ingredients/Red_Pepper.png
53184,3,Green Pepper,1 sliced,https://www.themealdb.com/images/ingredients/Green_Pepper.png
53184,4,Chorizo,50g,https://www.themealdb.com/images/ingredients/Chorizo.png
53184,5,Garlic,2 cloves minced,https://www.themealdb.com/images/ingredients/Garlic.png
53184,6,Olive Oil,1 tblsp,https://www.themealdb.com/images/ingredients/Olive_Oil.png
53184,7,Basmati Rice,250g,https://www.themealdb.com/images/ingredients/Basmati_Rice.png
53184,8,Tinned Tomatos,400g,https://www.themealdb.com/images/ingredients/Tinned_Tomatos.png
53184,9,Prawns,200g,https://www.themealdb.com/images/ingredients/Prawns.png
53182,1,Olive Oil,1 tblsp,https://www.themealdb.com/images/ingredients/Olive_Oil.png
53182,2,Onion,1 chopped,https://www.themealdb.com/images/ingredients/Onion.png
53182,3,Red Pepper,1,https://www.themealdb.com/images/ingredients/Red_Pepper.png
53182,4,Yellow Pepper,1,https://www.themealdb.com/images/ingredients/Yellow_Pepper.png
53182,5,Garlic Clove,2 sliced,https://www.themealdb.com/images/ingredients/Garlic_Clove.png
53182,6,Paella Rice,250g,https://www.themealdb.com/images/ingredients/Paella_Rice.png
53182,7,Vegetable Stock,800ml,https://www.themealdb.com/images/ingredients/Vegetable_Stock.png
53182,8,Saffron,Pinch,https://www.themealdb.com/images/ingredients/Saffron.png
53182,9,Frozen Seafood mix,400g,https://www.themealdb.com/images/ingredients/Frozen_Seafood_mix.png
53182,10,Lemon,Juice of 1/2,https://www.themealdb.com/images/ingredients/Lemon.png
53182,11,Parsley,Handful,https://www.themealdb.com/images/ingredients/Parsley.png
53209,1,Rice Noodles,200g,https://www.themealdb.com/images/ingredients/Rice_Noodles.png
53209,2,Sesame Seed Oil,1 tablespoon,https://www.themealdb.com/images/ingredients/Sesame_Seed_Oil.png
53209,3,Egg,2 Beaten,https://www.themealdb.com/images/ingredients/Egg.png
53209,4,Red Chilli,1 chopped,https://www.themealdb.com/images/ingredients/Red_Chilli.png
53209,5,Ginger,3cm piece,https://www.themealdb.com/images/ingredients/Ginger.png
53209,6,Prawns,450g,https://www.themealdb.com/images/ingredients/Prawns.png
53209,7,Soy Sauce,1 tablespoon,https://www.themealdb.com/images/ingredients/Soy_Sauce.png
53209,8,Coriander,Bunch,https://www.themealdb.com/images/ingredients/Coriander.png
53209,9,Mint,1/2 handful,https://www.themealdb.com/images/ingredients/Mint.png
53209,10,Lime,Zest and juice of 1,https://www.themealdb.com/images/ingredients/Lime.png
53209,11,Peanuts,Handful,https://www.themealdb.com/images/ingredients/Peanuts.png
53040,1,Spring Onions,1  bunch,https://www.themealdb.com/images/ingredients/Spring_Onions.png
53040,2,Olive Oil,Dash,https://www.themealdb.com/images/ingredients/Olive_Oil.png
53040,3,Red Chilli,1 finely sliced,https://www.themealdb.com/images/ingredients/Red_Chilli.png
53040,4,Garlic,1 clove,https://www.themealdb.com/images/ingredients/Garlic.png
53040,5,Prawns,350g,https://www.themealdb.com/images/ingredients/Prawns.png
53040,6,Feta,75g,https://www.themealdb.com/images/ingredients/Feta.png
53040,7,Butter,15g,https://www.themealdb.com/images/ingredients/Butter.png
53040,8,Plain Flour,250g,https://www.themealdb.com/images/ingredients/Plain_Flour.png
53040,9,Egg,1 Seperated,https://www.themealdb.com/images/ingredients/Egg.png
53040,10,White Wine Vinegar,1/2 tsp,https://www.themealdb.com/images/ingredients/White_Wine_Vinegar.png
53102,1,Red Pepper,4,https://www.themealdb.com/images/ingredients/Red_Pepper.png
53102,2,Can of chickpeas,2 400g Cans,https://www.themealdb.com/images/ingredients/Can_of_chickpeas.png
53102,3,Parsley,Bunch,https://www.themealdb.com/images/ingredients/Parsley.png
53102,4,Red Chilli,1,https://www.themealdb.com/images/ingredients/Red_Chilli.png
53102,5,Garlic Clove,2,https://www.themealdb.com/images/ingredients/Garlic_Clove.png
53102,6,Olive Oil,100 ml,https://www.themealdb.com/images/ingredients/Olive_Oil.png
53102,7,Squid,600g,https://www.themealdb.com/images/ingredients/Squid.png
53102,8,Chorizo,200g,https://www.themealdb.com/images/ingredients/Chorizo.png
53102,9,Lemon,Juice/zest of one,https://www.themealdb.com/images/ingredients/Lemon.png
53065,1,Sushi Rice,300ml,https://www.themealdb.com/images/ingredients/Sushi_Rice.png
53065,2,Rice wine,100ml,https://www.themealdb.com/images/ingredients/Rice_wine.png
53065,3,Caster Sugar,2 tbs,https://www.themealdb.com/images/ingredients/Caster_Sugar.png
53065,4,Mayonnaise,3 tbs,https://www.themealdb.com/images/ingredients/Mayonnaise.png
53065,5,Rice wine,1 tbs,https://www.themealdb.com/images/ingredients/Rice_wine.png
53065,6,Soy Sauce,1 tbs,https://www.themealdb.com/images/ingredients/Soy_Sauce.png
53065,7,Cucumber,1,https://www.themealdb.com/images/ingredients/Cucumber.png
53195,1,Vegetable Oil,1 teaspoon,https://www.themealdb.com/images/ingredients/Vegetable_Oil.png
53195,2,Thai Green Curry Paste,1 tbsp,https://www.themealdb.com/images/ingredients/Thai_Green_Curry_Paste.png
53195,3,Stir-fry Vegetables,220g,https://www.themealdb.com/images/ingredients/Stir-fry_Vegetables.png
53195,4,Raw King Prawns,150g,https://www.themealdb.com/images/ingredients/Raw_King_Prawns.png
53195,5,Coconut Milk,150ml,https://www.themealdb.com/images/ingredients/Coconut_Milk.png
53195,6,Vegetable Stock,225ml,https://www.themealdb.com/images/ingredients/Vegetable_Stock.png
53195,7,Udon Noodles,250g,https://www.themealdb.com/images/ingredients/Udon_Noodles.png
53195,8,Coriander,10g,https://www.themealdb.com/images/ingredients/Coriander.png
53195,9,Basil,10g,https://www.themealdb.com/images/ingredients/Basil.png
53195,10,Red Chilli,1 sliced,https://www.themealdb.com/images/ingredients/Red_Chilli.png
53195,11,Spring Onions,1 sliced,https://www.themealdb.com/images/ingredients/Spring_Onions.png
53198,1,Vegetable Oil,2 tbsp,https://www.themealdb.com/images/ingredients/Vegetable_Oil.png
53198,2,Red Onions,1 sliced,https://www.themealdb.com/images/ingredients/Red_Onions.png
53198,3,Garlic Clove,2 sliced,https://www.themealdb.com/images/ingredients/Garlic_Clove.png
53198,4,Red Chilli,1 sliced,https://www.themealdb.com/images/ingredients/Red_Chilli.png
53198,5,Raw King Prawns,250g,https://www.themealdb.com/images/ingredients/Raw_King_Prawns.png
53198,6,Brown Rice,140g,https://www.themealdb.com/images/ingredients/Brown_Rice.png
53198,7,Frozen Peas,75g,https://www.themealdb.com/images/ingredients/Frozen_Peas.png
53198,8,Soy Sauce,1 tablespoon,https://www.themealdb.com/images/ingredients/Soy_Sauce.png
53198,9,Fish Sauce,1 tablespoon,https://www.themealdb.com/images/ingredients/Fish_Sauce.png
53198,10,Coriander,Bunch,https://www.themealdb.com/images/ingredients/Coriander.png
53198,11,Egg,4 large,https://www.themealdb.com/images/ingredients/Egg.png
53198,12,Hotsauce,To serve,https://www.themealdb.com/images/ingredients/Hotsauce.png
53205,1,Vegetable Oil,1 tbls,https://www.themealdb.com/images/ingredients/Vegetable_Oil.png
53205,2,Onion,1 chopped,https://www.themealdb.com/images/ingredients/Onion.png
53205,3,Ginger,1 tsp,https://www.themealdb.com/images/ingredients/Ginger.png
53205,4,Thai Red Curry Paste,2 tsp,https://www.themealdb.com/images/ingredients/Thai_Red_Curry_Paste.png
53205,5,Tinned Tomatos,400g,https://www.themealdb.com/images/ingredients/Tinned_Tomatos.png
53205,6,Coconut Cream,50g,https://www.themealdb.com/images/ingredients/Coconut_Cream.png
53205,7,Raw Frozen Prawns,400g,https://www.themealdb.com/images/ingredients/Raw_Frozen_Prawns.png
53205,8,Coriander,Chopped,https://www.themealdb.com/images/ingredients/Coriander.png
53213,1,Brown Rice Noodle,100g,https://www.themealdb.com/images/ingredients/Brown_Rice_Noodle.png
53213,2,Chicken Stock,500ml,https://www.themealdb.com/images/ingredients/Chicken_Stock.png
53213,3,Thai Red Curry Paste,1 tblsp,https://www.themealdb.com/images/ingredients/Thai_Red_Curry_Paste.png
53213,4,Lime Leaves,4,https://www.themealdb.com/images/ingredients/Lime_Leaves.png
53213,5,Fish Sauce,1 tblsp,https://www.themealdb.com/images/ingredients/Fish_Sauce.png
53213,6,White Fish,200g,https://www.themealdb.com/images/ingredients/White_Fish.png
53213,7,Raw King Prawns,100g,https://www.themealdb.com/images/ingredients/Raw_King_Prawns.png
53213,8,Pak Choi,2,https://www.themealdb.com/images/ingredients/Pak_Choi.png
53213,9,Coriander Leaves,Handful,https://www.themealdb.com/images/ingredients/Coriander_Leaves.png
53202,1,Trout,2,https://www.themealdb.com/images/ingredients/Trout.png
53202,2,Ginger,Knob,https://www.themealdb.com/images/ingredients/Ginger.png
53202,3,Garlic Clove,1 small finely diced,https://www.themealdb.com/images/ingredients/Garlic_Clove.png
53202,4,Red Chilli,1 small finely diced,https://www.themealdb.com/images/ingredients/Red_Chilli.png
53202,5,Lime,Juice/zest of one,https://www.themealdb.com/images/ingredients/Lime.png
53202,6,Baby Pak Koi,3,https://www.themealdb.com/images/ingredients/Baby_Pak_Koi.png
53202,7,Soy Sauce,2 tblsp,https://www.themealdb.com/images/ingredients/Soy_Sauce.png
52882,1,Potatoes,1kg,https://www.themealdb.com/images/ingredients/Potatoes.png
52882,2,Butter,Knob,https://www.themealdb.com/images/ingredients/Butter.png
52882,3,Milk,Dash,https://www.themealdb.com/images/ingredients/Milk.png
52882,4,Gruyere,50g,https://www.themealdb.com/images/ingredients/Gruyere.png
52882,5,Butter,75g,https://www.themealdb.com/images/ingredients/Butter.png
52882,6,Leek,2 sliced,https://www.themealdb.com/images/ingredients/Leek.png
52882,7,Plain Flour,75g,https://www.themealdb.com/images/ingredients/Plain_Flour.png
52882,8,White Wine,150ml,https://www.themealdb.com/images/ingredients/White_Wine.png
52882,9,Milk,568ml,https://www.themealdb.com/images/ingredients/Milk.png
52882,10,Parsley,2 tbs chopped,https://www.themealdb.com/images/ingredients/Parsley.png
52882,11,Salmon,250g,https://www.themealdb.com/images/ingredients/Salmon.png
52882,12,Haddock,250g,https://www.themealdb.com/images/ingredients/Haddock.png
52882,13,Smoked Haddock,250g,https://www.themealdb.com/images/ingredients/Smoked_Haddock.png
52882,14,Eggs,6,https://www.themealdb.com/images/ingredients/Eggs.png
53196,1,Chicken Stock,700ml,https://www.themealdb.com/images/ingredients/Chicken_Stock.png
53196,2,Lemongrass,1,https://www.themealdb.com/images/ingredients/Lemongrass.png
53196,3,Galangal,5 Slices,https://www.themealdb.com/images/ingredients/Galangal.png
53196,4,Coriander,6,https://www.themealdb.com/images/ingredients/Coriander.png
53196,5,makrut lime leaves,3,https://www.themealdb.com/images/ingredients/makrut_lime_leaves.png
53196,6,King Prawns,6,https://www.themealdb.com/images/ingredients/King_Prawns.png
53196,7,Fish Sauce,3  tablespoons,https://www.themealdb.com/images/ingredients/Fish_Sauce.png
53196,8,Green Chilli,6 small,https://www.themealdb.com/images/ingredients/Green_Chilli.png
53196,9,Lime juice,4 tablespoons,https://www.themealdb.com/images/ingredients/Lime_juice.png
53194,1,Onion,200g,https://www.themealdb.com/images/ingredients/Onion.png
53194,2,Tomato,150g,https://www.themealdb.com/images/ingredients/Tomato.png
53194,3,Red Chilli,20g,https://www.themealdb.com/images/ingredients/Red_Chilli.png
53194,4,Galangal,15g,https://www.themealdb.com/images/ingredients/Galangal.png
53194,5,Lemongrass Stalks,2,https://www.themealdb.com/images/ingredients/Lemongrass_Stalks.png
53194,6,Raw King Prawns,250g,https://www.themealdb.com/images/ingredients/Raw_King_Prawns.png
53194,7,Chicken Stock Cube,1,https://www.themealdb.com/images/ingredients/Chicken_Stock_Cube.png
53194,8,Oyster Mushrooms,120g,https://www.themealdb.com/images/ingredients/Oyster_Mushrooms.png
53194,9,makrut lime leaves,8,https://www.themealdb.com/images/ingredients/makrut_lime_leaves.png
53194,10,Fish Sauce,25 ml,https://www.themealdb.com/images/ingredients/Fish_Sauce.png
53194,11,Lime juice,25 ml,https://www.themealdb.com/images/ingredients/Lime_juice.png
53194,12,Coconut Milk,70 ml,https://www.themealdb.com/images/ingredients/Coconut_Milk.png
53194,13,Thai Chilli Jam,1 tblsp,https://www.themealdb.com/images/ingredients/Thai_Chilli_Jam.png
53194,14,Coriander,Handful,https://www.themealdb.com/images/ingredients/Coriander.png
52975,1,Olive Oil,2 tbs,https://www.themealdb.com/images/ingredients/Olive_Oil.png
52975,2,Spring Onions,8,https://www.themealdb.com/images/ingredients/Spring_Onions.png
52975,3,Spinach,200g,https://www.themealdb.com/images/ingredients/Spinach.png
52975,4,Filo Pastry,4,https://www.themealdb.com/images/ingredients/Filo_Pastry.png
52975,5,Tuna,1 can,https://www.themealdb.com/images/ingredients/Tuna.png
52975,6,Eggs,2,https://www.themealdb.com/images/ingredients/Eggs.png
52975,7,Hotsauce,Dash,https://www.themealdb.com/images/ingredients/Hotsauce.png
52975,8,Tomatoes,4 Chopped,https://www.themealdb.com/images/ingredients/Tomatoes.png
52975,9,Cucumber,1/4,https://www.themealdb.com/images/ingredients/Cucumber.png
52975,10,Lemon Juice,1 tbs,https://www.themealdb.com/images/ingredients/Lemon_Juice.png
52975,11,Apricot Jam,4 tbs,https://www.themealdb.com/images/ingredients/Apricot_Jam.png
52852,1,Potatoes,450g,https://www.themealdb.com/images/ingredients/Potatoes.png
52852,2,Olive Oil,2 tblsp,https://www.themealdb.com/images/ingredients/Olive_Oil.png
52852,3,Eggs,4,https://www.themealdb.com/images/ingredients/Eggs.png
52852,4,Red Wine Vinegar,1 tbls,https://www.themealdb.com/images/ingredients/Red_Wine_Vinegar.png
52852,5,Capers,2 tblsp,https://www.themealdb.com/images/ingredients/Capers.png
52852,6,Sunflower Oil,50g,https://www.themealdb.com/images/ingredients/Sunflower_Oil.png
52852,7,Red Onions,½,https://www.themealdb.com/images/ingredients/Red_Onions.png
52852,8,Spinach,100g,https://www.themealdb.com/images/ingredients/Spinach.png
52852,9,Tuna,400g,https://www.themealdb.com/images/ingredients/Tuna.png
53228,1,Golden Caster Sugar,50g,https://www.themealdb.com/images/ingredients/Golden_Caster_Sugar.png
53228,2,Fish Sauce,1 tablespoon,https://www.themealdb.com/images/ingredients/Fish_Sauce.png
53228,3,Red Chilli,1 sliced,https://www.themealdb.com/images/ingredients/Red_Chilli.png
53228,4,Ginger,large piece,https://www.themealdb.com/images/ingredients/Ginger.png
53228,5,Rainbow Trout,2,https://www.themealdb.com/images/ingredients/Rainbow_Trout.png
53228,6,Bok Choi,2 heads,https://www.themealdb.com/images/ingredients/Bok_Choi.png
53228,7,Lemon,Juice of 1/2,https://www.themealdb.com/images/ingredients/Lemon.png
53228,8,Coriander,Sprigs of fresh,https://www.themealdb.com/images/ingredients/Coriander.png
53228,9,Rice,Steamed,https://www.themealdb.com/images/ingredients/Rice.png
53243,1,Lime,Juice of 1/2,https://www.themealdb.com/images/ingredients/Lime.png
53243,2,Rice Vinegar,2 tablespoons,https://www.themealdb.com/images/ingredients/Rice_Vinegar.png
53243,3,Palm Sugar,1 tablespoon,https://www.themealdb.com/images/ingredients/Palm_Sugar.png
53243,4,Fish Sauce,3  tablespoons,https://www.themealdb.com/images/ingredients/Fish_Sauce.png
53243,5,Birds-eye Chillies,1 chopped,https://www.themealdb.com/images/ingredients/Birds-eye_Chillies.png
53243,6,Rice Paper Sheets,6,https://www.themealdb.com/images/ingredients/Rice_Paper_Sheets.png
53243,7,Mint,Small bunch,https://www.themealdb.com/images/ingredients/Mint.png
53243,8,Coriander,Small bunch,https://www.themealdb.com/images/ingredients/Coriander.png
53243,9,King Prawns,12,https://www.themealdb.com/images/ingredients/King_Prawns.png
53243,10,Carrots,1 large,https://www.themealdb.com/images/ingredients/Carrots.png
53243,11,Courgettes,1,https://www.themealdb.com/images/ingredients/Courgettes.png
53373,1,Olive Oil,1 tablespoon,https://www.themealdb.com/images/ingredients/Olive_Oil.png
53373,2,Ground Pork,1 lb,https://www.themealdb.com/images/ingredients/Ground_Pork.png
53373,3,Garlic,1 clove peeled crushed,https://www.themealdb.com/images/ingredients/Garlic.png
53373,4,Ginger,1 tablespoon,https://www.themealdb.com/images/ingredients/Ginger.png
53373,5,Carrots,1 medium,https://www.themealdb.com/images/ingredients/Carrots.png
53373,6,Scallions,3 chopped,https://www.themealdb.com/images/ingredients/Scallions.png
53373,7,Cabbage,3 Cups,https://www.themealdb.com/images/ingredients/Cabbage.png
53373,8,Soy Sauce,1 tablespoon,https://www.themealdb.com/images/ingredients/Soy_Sauce.png
53373,9,Rice Vinegar,1 tablespoon,https://www.themealdb.com/images/ingredients/Rice_Vinegar.png
53373,10,Egg Roll Wrappers,12,https://www.themealdb.com/images/ingredients/Egg_Roll_Wrappers.png
53373,11,Oil,For brushing,https://www.themealdb.com/images/ingredients/Oil.png
53373,12,Duck Sauce,To serve,https://www.themealdb.com/images/ingredients/Duck_Sauce.png
53373,13,Plum Sauce,To serve,https://www.themealdb.com/images/ingredients/Plum_Sauce.png
53373,14,Soy Sauce,To serve,https://www.themealdb.com/images/ingredients/Soy_Sauce.png
53284,1,Red Pepper,2,https://www.themealdb.com/images/ingredients/Red_Pepper.png
53284,2,Tomato,4,https://www.themealdb.com/images/ingredients/Tomato.png
53284,3,Olive Oil,1 tablespoon,https://www.themealdb.com/images/ingredients/Olive_Oil.png
53284,4,Garlic,4 Cloves Chopped,https://www.themealdb.com/images/ingredients/Garlic.png
53284,5,Jalapeno,1 chopped,https://www.themealdb.com/images/ingredients/Jalapeno.png
53284,6,Salt,To taste,https://www.themealdb.com/images/ingredients/Salt.png
53284,7,Semolina,2 Lbs,https://www.themealdb.com/images/ingredients/Semolina.png
53284,8,Salt,1 1/2 tsp,https://www.themealdb.com/images/ingredients/Salt.png
53284,9,Water,3 Cups,https://www.themealdb.com/images/ingredients/Water.png
53284,10,Olive Oil,4 tablespoons,https://www.themealdb.com/images/ingredients/Olive_Oil.png
53284,11,Olive Oil,6 tablespoons,https://www.themealdb.com/images/ingredients/Olive_Oil.png
53282,1,Water,1 1/2 cup,https://www.themealdb.com/images/ingredients/Water.png
53282,2,Carrots,2 Lbs,https://www.themealdb.com/images/ingredients/Carrots.png
53282,3,Olive Oil,5 tablespoons,https://www.themealdb.com/images/ingredients/Olive_Oil.png
53282,4,Salt,1 tsp,https://www.themealdb.com/images/ingredients/Salt.png
53282,5,Black Pepper,1/2 teaspoon,https://www.themealdb.com/images/ingredients/Black_Pepper.png
53282,6,Ground Cinnamon,1/2 teaspoon,https://www.themealdb.com/images/ingredients/Ground_Cinnamon.png
53282,7,Ground Cumin,1/2 teaspoon,https://www.themealdb.com/images/ingredients/Ground_Cumin.png
53282,8,Garlic,3 Cloves Crushed,https://www.themealdb.com/images/ingredients/Garlic.png
53282,9,Thyme,1/2 teaspoon,https://www.themealdb.com/images/ingredients/Thyme.png
53282,10,Bay Leaf,1,https://www.themealdb.com/images/ingredients/Bay_Leaf.png
53282,11,Lemon Juice,1 tsp,https://www.themealdb.com/images/ingredients/Lemon_Juice.png
53389,1,Apples,250g,https://www.themealdb.com/images/ingredients/Apples.png
53389,2,Potatoes,250g,https://www.themealdb.com/images/ingredients/Potatoes.png
53389,3,Cinnamon Stick,1,https://www.themealdb.com/images/ingredients/Cinnamon_Stick.png
53389,4,Maple Syrup,1 tsp,https://www.themealdb.com/images/ingredients/Maple_Syrup.png
53389,5,Ground Cinnamon,Sprinkling,https://www.themealdb.com/images/ingredients/Ground_Cinnamon.png
53389,6,Bacon,4,https://www.themealdb.com/images/ingredients/Bacon.png
53389,7,Cheese,200g,https://www.themealdb.com/images/ingredients/Cheese.png
53389,8,Salt,Pinch,https://www.themealdb.com/images/ingredients/Salt.png
53389,9,Egg,1,https://www.themealdb.com/images/ingredients/Egg.png
53389,10,Sesame Seed,50g,https://www.themealdb.com/images/ingredients/Sesame_Seed.png
53094,1,Egg Plants,4 large,https://www.themealdb.com/images/ingredients/Egg_Plants.png
53094,2,Garlic,2 cloves,https://www.themealdb.com/images/ingredients/Garlic.png
53094,3,Kosher Salt,2 teaspoons,https://www.themealdb.com/images/ingredients/Kosher_Salt.png
53094,4,Lemon,1,https://www.themealdb.com/images/ingredients/Lemon.png
53094,5,Tahini,3  tablespoons,https://www.themealdb.com/images/ingredients/Tahini.png
53094,6,Extra Virgin Olive Oil,3  tablespoons,https://www.themealdb.com/images/ingredients/Extra_Virgin_Olive_Oil.png
53094,7,Greek Yogurt,2 tablespoons,https://www.themealdb.com/images/ingredients/Greek_Yogurt.png
53094,8,Cayenne Pepper,1 pinch,https://www.themealdb.com/images/ingredients/Cayenne_Pepper.png
53094,9,Mint,1 Leaf,https://www.themealdb.com/images/ingredients/Mint.png
53094,10,Parsley,2 tablespoons,https://www.themealdb.com/images/ingredients/Parsley.png
53080,1,Buckwheat,1/2 cup,https://www.themealdb.com/images/ingredients/Buckwheat.png
53080,2,Flour,2/3 Cup,https://www.themealdb.com/images/ingredients/Flour.png
53080,3,Salt,1/2 tsp,https://www.themealdb.com/images/ingredients/Salt.png
53080,4,Yeast,1 tsp,https://www.themealdb.com/images/ingredients/Yeast.png
53080,5,Milk,1 cup,https://www.themealdb.com/images/ingredients/Milk.png
53080,6,Butter,2 tbs,https://www.themealdb.com/images/ingredients/Butter.png
53080,7,Egg,1 Seperated,https://www.themealdb.com/images/ingredients/Egg.png
52914,1,Onions,2 finely chopped,https://www.themealdb.com/images/ingredients/Onions.png
52914,2,Thyme,sprigs of fresh,https://www.themealdb.com/images/ingredients/Thyme.png
52914,3,Olive Oil,2 tbs,https://www.themealdb.com/images/ingredients/Olive_Oil.png
52914,4,Potatoes,1.5kg,https://www.themealdb.com/images/ingredients/Potatoes.png
52914,5,Vegetable Stock,425g,https://www.themealdb.com/images/ingredients/Vegetable_Stock.png
52913,1,Plain Flour,375g,https://www.themealdb.com/images/ingredients/Plain_Flour.png
52913,2,Caster Sugar,50g,https://www.themealdb.com/images/ingredients/Caster_Sugar.png
52913,3,Yeast,7g,https://www.themealdb.com/images/ingredients/Yeast.png
52913,4,Milk,75g,https://www.themealdb.com/images/ingredients/Milk.png
52913,5,Eggs,3 Large,https://www.themealdb.com/images/ingredients/Eggs.png
52913,6,Eggs,To Glaze,https://www.themealdb.com/images/ingredients/Eggs.png
52913,7,Butter,180g,https://www.themealdb.com/images/ingredients/Butter.png
52913,8,Brie,250g,https://www.themealdb.com/images/ingredients/Brie.png
52913,9,Prosciutto,8 slices,https://www.themealdb.com/images/ingredients/Prosciutto.png
53060,1,Filo Pastry,1 Packet,https://www.themealdb.com/images/ingredients/Filo_Pastry.png
53060,2,Minced Beef,150g,https://www.themealdb.com/images/ingredients/Minced_Beef.png
53060,3,Onion,150g,https://www.themealdb.com/images/ingredients/Onion.png
53060,4,Oil,40g,https://www.themealdb.com/images/ingredients/Oil.png
53060,5,Salt,Dash,https://www.themealdb.com/images/ingredients/Salt.png
53060,6,Pepper,Dash,https://www.themealdb.com/images/ingredients/Pepper.png
53256,1,Natural Yoghurt,500g,https://www.themealdb.com/images/ingredients/Natural_Yoghurt.png
53256,2,Lemon Juice,2 tsp,https://www.themealdb.com/images/ingredients/Lemon_Juice.png
53256,3,Extra Virgin Olive Oil,1 tablespoon,https://www.themealdb.com/images/ingredients/Extra_Virgin_Olive_Oil.png
53256,4,Dried Mint,1 tablespoon,https://www.themealdb.com/images/ingredients/Dried_Mint.png
53256,5,Cucumber,1,https://www.themealdb.com/images/ingredients/Cucumber.png
53256,6,Garlic,2 cloves minced,https://www.themealdb.com/images/ingredients/Garlic.png
53361,1,Salt Cod,1/2 lb,https://www.themealdb.com/images/ingredients/Salt_Cod.png
53361,2,Bacon,4,https://www.themealdb.com/images/ingredients/Bacon.png
53361,3,Callaloo,525g,https://www.themealdb.com/images/ingredients/Callaloo.png
53361,4,Onion,1 chopped,https://www.themealdb.com/images/ingredients/Onion.png
53361,5,Spring Onions,2 chopped,https://www.themealdb.com/images/ingredients/Spring_Onions.png
53361,6,Garlic,2 cloves minced,https://www.themealdb.com/images/ingredients/Garlic.png
53361,7,Scotch Bonnet,1 chopped,https://www.themealdb.com/images/ingredients/Scotch_Bonnet.png
53361,8,Plum Tomatoes,2 chopped,https://www.themealdb.com/images/ingredients/Plum_Tomatoes.png
53361,9,Thyme,2 sprigs,https://www.themealdb.com/images/ingredients/Thyme.png
53361,10,Black Pepper,1/4 tsp,https://www.themealdb.com/images/ingredients/Black_Pepper.png
53310,1,Strong white bread flour,500g,https://www.themealdb.com/images/ingredients/Strong_white_bread_flour.png
53310,2,Caster Sugar,70g,https://www.themealdb.com/images/ingredients/Caster_Sugar.png
53310,3,Yeast,10g,https://www.themealdb.com/images/ingredients/Yeast.png
53310,4,Egg,2 Beaten,https://www.themealdb.com/images/ingredients/Egg.png
53310,5,Sunflower Oil,70 ml,https://www.themealdb.com/images/ingredients/Sunflower_Oil.png
53310,6,Poppy Seeds,1 tablespoon,https://www.themealdb.com/images/ingredients/Poppy_Seeds.png
53290,1,Egg,1 beaten,https://www.themealdb.com/images/ingredients/Egg.png
53290,2,Parsley,1  bunch,https://www.themealdb.com/images/ingredients/Parsley.png
53290,3,Garlic,2 cloves minced,https://www.themealdb.com/images/ingredients/Garlic.png
53290,4,Red Pepper,3/4 teaspoon,https://www.themealdb.com/images/ingredients/Red_Pepper.png
53290,5,Gouda Cheese,6 oz,https://www.themealdb.com/images/ingredients/Gouda_Cheese.png
53290,6,Emmentaler Cheese,6 oz,https://www.themealdb.com/images/ingredients/Emmentaler_Cheese.png
53290,7,Phyllo Dough,12,https://www.themealdb.com/images/ingredients/Phyllo_Dough.png
53290,8,Unsalted Butter,1 1/2 cups,https://www.themealdb.com/images/ingredients/Unsalted_Butter.png
52977,1,Lentils,1 cup,https://www.themealdb.com/images/ingredients/Lentils.png
52977,2,Onion,1 large,https://www.themealdb.com/images/ingredients/Onion.png
52977,3,Carrots,1 large,https://www.themealdb.com/images/ingredients/Carrots.png
52977,4,Tomato Puree,1 tbs,https://www.themealdb.com/images/ingredients/Tomato_Puree.png
52977,5,Cumin,2 tsp,https://www.themealdb.com/images/ingredients/Cumin.png
52977,6,Paprika,1 tsp,https://www.themealdb.com/images/ingredients/Paprika.png
52977,7,Mint,1/2 tsp,https://www.themealdb.com/images/ingredients/Mint.png
52977,8,Thyme,1/2 tsp,https://www.themealdb.com/images/ingredients/Thyme.png
52977,9,Black Pepper,1/4 tsp,https://www.themealdb.com/images/ingredients/Black_Pepper.png
52977,10,Red Pepper Flakes,1/4 tsp,https://www.themealdb.com/images/ingredients/Red_Pepper_Flakes.png
52977,11,Vegetable Stock,4 cups,https://www.themealdb.com/images/ingredients/Vegetable_Stock.png
52977,12,Water,1 cup,https://www.themealdb.com/images/ingredients/Water.png
52977,13,Sea Salt,Pinch,https://www.themealdb.com/images/ingredients/Sea_Salt.png
53139,1,Chickpea Flour,200g,https://www.themealdb.com/images/ingredients/Chickpea_Flour.png
53139,2,Water,600ml,https://www.themealdb.com/images/ingredients/Water.png
53139,3,Olive Oil,4 tablespoons,https://www.themealdb.com/images/ingredients/Olive_Oil.png
53139,4,Salt,To taste,https://www.themealdb.com/images/ingredients/Salt.png
53139,5,Pepper,To taste,https://www.themealdb.com/images/ingredients/Pepper.png
52919,1,Potatoes,225g,https://www.themealdb.com/images/ingredients/Potatoes.png
52919,2,Fennel,1 small,https://www.themealdb.com/images/ingredients/Fennel.png
52919,3,Garlic,1 clove finely chopped,https://www.themealdb.com/images/ingredients/Garlic.png
52919,4,Milk,75 ml,https://www.themealdb.com/images/ingredients/Milk.png
52919,5,Double Cream,100ml,https://www.themealdb.com/images/ingredients/Double_Cream.png
52919,6,Butter,For Greasing,https://www.themealdb.com/images/ingredients/Butter.png
52919,7,Parmesan Cheese,to serve,https://www.themealdb.com/images/ingredients/Parmesan_Cheese.png
53030,1,Flour,4 cups,https://www.themealdb.com/images/ingredients/Flour.png
53030,2,Water,1 1/2 cups,https://www.themealdb.com/images/ingredients/Water.png
53030,3,Salt,1/4 tsp,https://www.themealdb.com/images/ingredients/Salt.png
53030,4,Unsalted Butter,1 cup,https://www.themealdb.com/images/ingredients/Unsalted_Butter.png
53030,5,Olive Oil,1/4 cup,https://www.themealdb.com/images/ingredients/Olive_Oil.png
52903,1,Butter,50g,https://www.themealdb.com/images/ingredients/Butter.png
52903,2,Olive Oil,1 tbs,https://www.themealdb.com/images/ingredients/Olive_Oil.png
52903,3,Onion,1 kg,https://www.themealdb.com/images/ingredients/Onion.png
52903,4,Sugar,1 tsp,https://www.themealdb.com/images/ingredients/Sugar.png
52903,5,Garlic Clove,4 sliced,https://www.themealdb.com/images/ingredients/Garlic_Clove.png
52903,6,Plain Flour,2 tbs,https://www.themealdb.com/images/ingredients/Plain_Flour.png
52903,7,Dry White Wine,250ml,https://www.themealdb.com/images/ingredients/Dry_White_Wine.png
52903,8,Beef Stock,1L,https://www.themealdb.com/images/ingredients/Beef_Stock.png
52903,9,Bread,4 sliced,https://www.themealdb.com/images/ingredients/Bread.png
52903,10,Gruyère,140g,https://www.themealdb.com/images/ingredients/Gruyère.png
53061,1,Sardines,500g,https://www.themealdb.com/images/ingredients/Sardines.png
53061,2,Vegetable Oil,Dash,https://www.themealdb.com/images/ingredients/Vegetable_Oil.png
53061,3,Flour,To Glaze,https://www.themealdb.com/images/ingredients/Flour.png
53061,4,Salt,Dash,https://www.themealdb.com/images/ingredients/Salt.png
53272,1,Strong Wholemeal Flour,250g,https://www.themealdb.com/images/ingredients/Strong_Wholemeal_Flour.png
53272,2,Strong white bread flour,250g,https://www.themealdb.com/images/ingredients/Strong_white_bread_flour.png
53272,3,Yeast,15g,https://www.themealdb.com/images/ingredients/Yeast.png
53272,4,Sugar,1 tsp,https://www.themealdb.com/images/ingredients/Sugar.png
53272,5,Olive Oil,2 tablespoons,https://www.themealdb.com/images/ingredients/Olive_Oil.png
53269,1,Chickpeas,400g,https://www.themealdb.com/images/ingredients/Chickpeas.png
53269,2,Tahini Paste,1 tablespoon,https://www.themealdb.com/images/ingredients/Tahini_Paste.png
53269,3,Garlic Clove,1 large,https://www.themealdb.com/images/ingredients/Garlic_Clove.png
53269,4,Greek Yogurt,3  tablespoons,https://www.themealdb.com/images/ingredients/Greek_Yogurt.png
53269,5,Lemon,Juice of half,https://www.themealdb.com/images/ingredients/Lemon.png
53353,1,Water,8 cups,https://www.themealdb.com/images/ingredients/Water.png
53353,2,Salt,1/2 tbs,https://www.themealdb.com/images/ingredients/Salt.png
53353,3,All purpose flour,2 cups,https://www.themealdb.com/images/ingredients/All_purpose_flour.png
53353,4,Salt,1 tsp,https://www.themealdb.com/images/ingredients/Salt.png
53353,5,Water,1/2 cup,https://www.themealdb.com/images/ingredients/Water.png
53355,1,All purpose flour,1 1/2 cups,https://www.themealdb.com/images/ingredients/All_purpose_flour.png
53355,2,Cornmeal,1/2 cup,https://www.themealdb.com/images/ingredients/Cornmeal.png
53355,3,Sugar,6 tablespoons,https://www.themealdb.com/images/ingredients/Sugar.png
53355,4,Baking Powder,2 tsp,https://www.themealdb.com/images/ingredients/Baking_Powder.png
53355,5,Vanilla Extract,1 tsp,https://www.themealdb.com/images/ingredients/Vanilla_Extract.png
53355,6,Salt,1/2 tsp,https://www.themealdb.com/images/ingredients/Salt.png
53355,7,Milk,3/4 cup,https://www.themealdb.com/images/ingredients/Milk.png
53355,8,Oil,For frying,https://www.themealdb.com/images/ingredients/Oil.png
53356,1,All purpose flour,2 cups,https://www.themealdb.com/images/ingredients/All_purpose_flour.png
53356,2,Baking Powder,2 tsp,https://www.themealdb.com/images/ingredients/Baking_Powder.png
53356,3,Salt,1 tsp,https://www.themealdb.com/images/ingredients/Salt.png
53356,4,Milk,3/4 cup,https://www.themealdb.com/images/ingredients/Milk.png
53356,5,Oil,1 1/2 cup,https://www.themealdb.com/images/ingredients/Oil.png
53364,1,Cabbage,1/2,https://www.themealdb.com/images/ingredients/Cabbage.png
53364,2,Carrots,2 sliced,https://www.themealdb.com/images/ingredients/Carrots.png
53364,3,Plum Tomatoes,1 chopped,https://www.themealdb.com/images/ingredients/Plum_Tomatoes.png
53364,4,Onion,1 chopped,https://www.themealdb.com/images/ingredients/Onion.png
53364,5,Garlic,4 Cloves Chopped,https://www.themealdb.com/images/ingredients/Garlic.png
53364,6,Spring Onions,4 Chopped,https://www.themealdb.com/images/ingredients/Spring_Onions.png
53364,7,Thyme,4 sprigs,https://www.themealdb.com/images/ingredients/Thyme.png
53364,8,Scotch Bonnet,1/2,https://www.themealdb.com/images/ingredients/Scotch_Bonnet.png
53364,9,Water,2 tablespoons,https://www.themealdb.com/images/ingredients/Water.png
53364,10,Olive Oil,2 tablespoons,https://www.themealdb.com/images/ingredients/Olive_Oil.png
53364,11,Unsalted Butter,4 tablespoons,https://www.themealdb.com/images/ingredients/Unsalted_Butter.png
53364,12,Kosher Salt,2 tsp,https://www.themealdb.com/images/ingredients/Kosher_Salt.png
53364,13,Black Pepper,1 tsp,https://www.themealdb.com/images/ingredients/Black_Pepper.png
53033,1,Sushi Rice,300g,https://www.themealdb.com/images/ingredients/Sushi_Rice.png
53033,2,Mirin,1 tbs,https://www.themealdb.com/images/ingredients/Mirin.png
53033,3,Pickle Juice,Garnish,https://www.themealdb.com/images/ingredients/Pickle_Juice.png
53033,4,Spring Onions,Garnish,https://www.themealdb.com/images/ingredients/Spring_Onions.png
53286,1,Semolina Flour,1/2 cup,https://www.themealdb.com/images/ingredients/Semolina_Flour.png
53286,2,Semolina Flour,2 tablespoons,https://www.themealdb.com/images/ingredients/Semolina_Flour.png
53286,3,Sesame Seed,3  tablespoons,https://www.themealdb.com/images/ingredients/Sesame_Seed.png
53286,4,Sugar,1 tablespoon,https://www.themealdb.com/images/ingredients/Sugar.png
53286,5,Yeast,1 tsp,https://www.themealdb.com/images/ingredients/Yeast.png
53286,6,Salt,3/4 teaspoon,https://www.themealdb.com/images/ingredients/Salt.png
53286,7,Vegetable Oil,1/4 cup,https://www.themealdb.com/images/ingredients/Vegetable_Oil.png
53286,8,Egg,1,https://www.themealdb.com/images/ingredients/Egg.png
53286,9,Egg,1,https://www.themealdb.com/images/ingredients/Egg.png
53286,10,Milk,1 cup,https://www.themealdb.com/images/ingredients/Milk.png
53286,11,All purpose flour,3 Cups,https://www.themealdb.com/images/ingredients/All_purpose_flour.png
53286,12,All purpose flour,2 tablespoons,https://www.themealdb.com/images/ingredients/All_purpose_flour.png
53286,13,Water,1 tsp,https://www.themealdb.com/images/ingredients/Water.png
52978,1,Potatoes,2 large,https://www.themealdb.com/images/ingredients/Potatoes.png
52978,2,Butter,2 tbs,https://www.themealdb.com/images/ingredients/Butter.png
52978,3,Cheese,150g,https://www.themealdb.com/images/ingredients/Cheese.png
52978,4,Onion,1 large,https://www.themealdb.com/images/ingredients/Onion.png
52978,5,Red Pepper,1 large,https://www.themealdb.com/images/ingredients/Red_Pepper.png
52978,6,Red Chilli Flakes,Pinch,https://www.themealdb.com/images/ingredients/Red_Chilli_Flakes.png
53059,1,Mushrooms,150g,https://www.themealdb.com/images/ingredients/Mushrooms.png
53059,2,Buckwheat,50g,https://www.themealdb.com/images/ingredients/Buckwheat.png
53059,3,Vegetable Oil,4 tbs,https://www.themealdb.com/images/ingredients/Vegetable_Oil.png
53059,4,Onion,40g,https://www.themealdb.com/images/ingredients/Onion.png
53059,5,Garlic,2 cloves,https://www.themealdb.com/images/ingredients/Garlic.png
53059,6,Bay Leaf,1,https://www.themealdb.com/images/ingredients/Bay_Leaf.png
53059,7,Vegetable Stock Cube,1tbsp,https://www.themealdb.com/images/ingredients/Vegetable_Stock_Cube.png
53059,8,Sour Cream,50 ml,https://www.themealdb.com/images/ingredients/Sour_Cream.png
53059,9,White Wine Vinegar,Dash,https://www.themealdb.com/images/ingredients/White_Wine_Vinegar.png
53059,10,Parsley,Top,https://www.themealdb.com/images/ingredients/Parsley.png
53038,1,Potatoes,1kg,https://www.themealdb.com/images/ingredients/Potatoes.png
53038,2,Milk,200ml,https://www.themealdb.com/images/ingredients/Milk.png
53038,3,Butter,50g,https://www.themealdb.com/images/ingredients/Butter.png
53038,4,Mustard,2 tbs,https://www.themealdb.com/images/ingredients/Mustard.png
53038,5,Spring Onions,Bunch,https://www.themealdb.com/images/ingredients/Spring_Onions.png
53038,6,Spring Onions,Bunch,https://www.themealdb.com/images/ingredients/Spring_Onions.png
53121,1,Potatoes,3 Lbs,https://www.themealdb.com/images/ingredients/Potatoes.png
53121,2,Salt,1 teaspoon,https://www.themealdb.com/images/ingredients/Salt.png
53121,3,Sugar,1 teaspoon,https://www.themealdb.com/images/ingredients/Sugar.png
53121,4,Melted Butter,1/4 cup,https://www.themealdb.com/images/ingredients/Melted_Butter.png
53121,5,Heavy Cream,1/4 cup,https://www.themealdb.com/images/ingredients/Heavy_Cream.png
53121,6,All purpose flour,1 1/2 cups,https://www.themealdb.com/images/ingredients/All_purpose_flour.png
53121,7,Flour,1/2 cup,https://www.themealdb.com/images/ingredients/Flour.png
53121,8,Butter,14 tablespoons,https://www.themealdb.com/images/ingredients/Butter.png
53121,9,Granulated Sugar,3/4 cup,https://www.themealdb.com/images/ingredients/Granulated_Sugar.png
53121,10,Heavy Cream,1 tablespoon,https://www.themealdb.com/images/ingredients/Heavy_Cream.png
53019,1,Butter,2 tbs,https://www.themealdb.com/images/ingredients/Butter.png
53019,2,Chopped Onion,1/3 cup,https://www.themealdb.com/images/ingredients/Chopped_Onion.png
53019,3,Sauerkraut,1 1/2 cups,https://www.themealdb.com/images/ingredients/Sauerkraut.png
53019,4,Butter,3 tbs,https://www.themealdb.com/images/ingredients/Butter.png
53019,5,Chopped Onion,1/2 cup,https://www.themealdb.com/images/ingredients/Chopped_Onion.png
53019,6,Potatoes,2 cups,https://www.themealdb.com/images/ingredients/Potatoes.png
53019,7,Eggs,3,https://www.themealdb.com/images/ingredients/Eggs.png
53019,8,Sour Cream,1 pot,https://www.themealdb.com/images/ingredients/Sour_Cream.png
53019,9,Flour,3 cups,https://www.themealdb.com/images/ingredients/Flour.png
53019,10,Salt,1/4 tsp,https://www.themealdb.com/images/ingredients/Salt.png
53019,11,Baking Powder,1 tbs,https://www.themealdb.com/images/ingredients/Baking_Powder.png
53299,1,Bread Rolls,1,https://www.themealdb.com/images/ingredients/Bread_Rolls.png
53299,2,Milk,120ml,https://www.themealdb.com/images/ingredients/Milk.png
53299,3,Onion,1 chopped,https://www.themealdb.com/images/ingredients/Onion.png
53299,4,Vegetable Oil,100 ml,https://www.themealdb.com/images/ingredients/Vegetable_Oil.png
53299,5,Ground Beef,500g,https://www.themealdb.com/images/ingredients/Ground_Beef.png
53299,6,Egg,1,https://www.themealdb.com/images/ingredients/Egg.png
53299,7,Garlic Clove,1,https://www.themealdb.com/images/ingredients/Garlic_Clove.png
53299,8,Marjoram,Pinch,https://www.themealdb.com/images/ingredients/Marjoram.png
53299,9,Breadcrumbs,75g,https://www.themealdb.com/images/ingredients/Breadcrumbs.png
52922,1,Tiger Prawns,450g,https://www.themealdb.com/images/ingredients/Tiger_Prawns.png
52922,2,Olive Oil,4 tbs,https://www.themealdb.com/images/ingredients/Olive_Oil.png
52922,3,Onion,1 large,https://www.themealdb.com/images/ingredients/Onion.png
52922,4,Fennel,1 large,https://www.themealdb.com/images/ingredients/Fennel.png
52922,5,Carrots,2 chopped,https://www.themealdb.com/images/ingredients/Carrots.png
52922,6,Dry White Wine,150ml,https://www.themealdb.com/images/ingredients/Dry_White_Wine.png
52922,7,Brandy,1 tbs,https://www.themealdb.com/images/ingredients/Brandy.png
52922,8,Chopped Tomatoes,400g,https://www.themealdb.com/images/ingredients/Chopped_Tomatoes.png
52922,9,Fish Stock,1L,https://www.themealdb.com/images/ingredients/Fish_Stock.png
52922,10,Paprika,2 pinches,https://www.themealdb.com/images/ingredients/Paprika.png
52922,11,Double Cream,150ml,https://www.themealdb.com/images/ingredients/Double_Cream.png
52922,12,Prawns,8,https://www.themealdb.com/images/ingredients/Prawns.png
53388,1,Runner Beans,400g,https://www.themealdb.com/images/ingredients/Runner_Beans.png
53388,2,Garlic,1 clove,https://www.themealdb.com/images/ingredients/Garlic.png
53388,3,Onion,1 chopped,https://www.themealdb.com/images/ingredients/Onion.png
53388,4,Potatoes,800g,https://www.themealdb.com/images/ingredients/Potatoes.png
53388,5,Butter,25g,https://www.themealdb.com/images/ingredients/Butter.png
53388,6,Mustard,1 tablespoon,https://www.themealdb.com/images/ingredients/Mustard.png
53388,7,Milk,1 dash,https://www.themealdb.com/images/ingredients/Milk.png
53388,8,Cheese,100g,https://www.themealdb.com/images/ingredients/Cheese.png
53388,9,Bacon,75g,https://www.themealdb.com/images/ingredients/Bacon.png
53388,10,Salt,Pinch,https://www.themealdb.com/images/ingredients/Salt.png
53308,1,Rye,200g,https://www.themealdb.com/images/ingredients/Rye.png
53308,2,Strong white bread flour,200g,https://www.themealdb.com/images/ingredients/Strong_white_bread_flour.png
53308,3,Yeast,10g,https://www.themealdb.com/images/ingredients/Yeast.png
53308,4,Salt,1/2 tsp,https://www.themealdb.com/images/ingredients/Salt.png
53308,5,Honey,1 tablespoon,https://www.themealdb.com/images/ingredients/Honey.png
53308,6,Caraway Seed,1 tsp,https://www.themealdb.com/images/ingredients/Caraway_Seed.png
53378,1,Cucumber,2 medium,https://www.themealdb.com/images/ingredients/Cucumber.png
53378,2,Salt,1/2 tsp,https://www.themealdb.com/images/ingredients/Salt.png
53378,3,Sesame Seed Oil,2 tsp,https://www.themealdb.com/images/ingredients/Sesame_Seed_Oil.png
53378,4,Rice Vinegar,2 tablespoons,https://www.themealdb.com/images/ingredients/Rice_Vinegar.png
53378,5,Basil Leaves,6,https://www.themealdb.com/images/ingredients/Basil_Leaves.png
53378,6,Red Chilli Flakes,1/2 tsp,https://www.themealdb.com/images/ingredients/Red_Chilli_Flakes.png
53378,7,Sesame Seed,2 tsp,https://www.themealdb.com/images/ingredients/Sesame_Seed.png
53226,1,Flour,1 cup,https://www.themealdb.com/images/ingredients/Flour.png
53226,2,Salt,1 tsp,https://www.themealdb.com/images/ingredients/Salt.png
53226,3,Sugar,1/2 tsp,https://www.themealdb.com/images/ingredients/Sugar.png
53226,4,Baking Powder,1/2 tsp,https://www.themealdb.com/images/ingredients/Baking_Powder.png
53226,5,Oil,1 tablespoon,https://www.themealdb.com/images/ingredients/Oil.png
53226,6,Water,Splash,https://www.themealdb.com/images/ingredients/Water.png
53259,1,Aubergine,2 medium,https://www.themealdb.com/images/ingredients/Aubergine.png
53259,2,Lemon,Juice of 1,https://www.themealdb.com/images/ingredients/Lemon.png
53259,3,Garlic,3 Cloves Crushed,https://www.themealdb.com/images/ingredients/Garlic.png
53259,4,Yogurt,150ml,https://www.themealdb.com/images/ingredients/Yogurt.png
53259,5,Dill,Bunch,https://www.themealdb.com/images/ingredients/Dill.png
52981,1,Water,2L,https://www.themealdb.com/images/ingredients/Water.png
52981,2,Peas,300g,https://www.themealdb.com/images/ingredients/Peas.png
52981,3,Pork,100g,https://www.themealdb.com/images/ingredients/Pork.png
52981,4,Vegetable Stock Cube,1,https://www.themealdb.com/images/ingredients/Vegetable_Stock_Cube.png
52981,5,Celery,2,https://www.themealdb.com/images/ingredients/Celery.png
52981,6,Carrots,2,https://www.themealdb.com/images/ingredients/Carrots.png
52981,7,Potatoes,1 large,https://www.themealdb.com/images/ingredients/Potatoes.png
52981,8,Onion,1 small,https://www.themealdb.com/images/ingredients/Onion.png
52981,9,Leek,1 small,https://www.themealdb.com/images/ingredients/Leek.png
52981,10,Celeriac,1 cup,https://www.themealdb.com/images/ingredients/Celeriac.png
52981,11,Sausages,1 pound,https://www.themealdb.com/images/ingredients/Sausages.png
52925,1,Ham,1kg,https://www.themealdb.com/images/ingredients/Ham.png
52925,2,Peas,200g (soaked overnight),https://www.themealdb.com/images/ingredients/Peas.png
52925,3,Onions,2 chopped,https://www.themealdb.com/images/ingredients/Onions.png
52925,4,Carrots,2 chopped,https://www.themealdb.com/images/ingredients/Carrots.png
52925,5,Bay Leaves,2,https://www.themealdb.com/images/ingredients/Bay_Leaves.png
52925,6,Celery,1 chopped,https://www.themealdb.com/images/ingredients/Celery.png
52925,7,Frozen Peas,300g,https://www.themealdb.com/images/ingredients/Frozen_Peas.png
52925,8,Bread,to serve,https://www.themealdb.com/images/ingredients/Bread.png
53325,1,Cornmeal,2 cups,https://www.themealdb.com/images/ingredients/Cornmeal.png
53325,2,Water,2 1/2 cups,https://www.themealdb.com/images/ingredients/Water.png
53325,3,Salt,1 tsp,https://www.themealdb.com/images/ingredients/Salt.png
53325,4,Vegetable Oil,1 tablespoon,https://www.themealdb.com/images/ingredients/Vegetable_Oil.png
53332,1,Ground Beef,450g,https://www.themealdb.com/images/ingredients/Ground_Beef.png
53332,2,Pepper,Pinch,https://www.themealdb.com/images/ingredients/Pepper.png
53332,3,Ground Cumin,Pinch,https://www.themealdb.com/images/ingredients/Ground_Cumin.png
53332,4,Vegetable Oil,1 tablespoon,https://www.themealdb.com/images/ingredients/Vegetable_Oil.png
53332,5,Onion,1 cup,https://www.themealdb.com/images/ingredients/Onion.png
53332,6,Green Pepper,1/2 cup,https://www.themealdb.com/images/ingredients/Green_Pepper.png
53332,7,Red Pepper,1/2 cup,https://www.themealdb.com/images/ingredients/Red_Pepper.png
53332,8,Garlic Powder,1 tsp,https://www.themealdb.com/images/ingredients/Garlic_Powder.png
53332,9,Capers,1/4 cup,https://www.themealdb.com/images/ingredients/Capers.png
53332,10,Tomato Sauce,1 Can,https://www.themealdb.com/images/ingredients/Tomato_Sauce.png
53332,11,Sazon,1 Can,https://www.themealdb.com/images/ingredients/Sazon.png
53332,12,Yellow Masarepa,2,https://www.themealdb.com/images/ingredients/Yellow_Masarepa.png
53332,13,Vegetable Oil,For frying,https://www.themealdb.com/images/ingredients/Vegetable_Oil.png
53189,1,Potatoes,1 kg,https://www.themealdb.com/images/ingredients/Potatoes.png
53189,2,Onion,1 medium chopped,https://www.themealdb.com/images/ingredients/Onion.png
53189,3,Garlic,2 cloves minced,https://www.themealdb.com/images/ingredients/Garlic.png
53189,4,Egg,4 large,https://www.themealdb.com/images/ingredients/Egg.png
53189,5,All purpose flour,4 tablespoons,https://www.themealdb.com/images/ingredients/All_purpose_flour.png
53189,6,Marjoram,1 teaspoon,https://www.themealdb.com/images/ingredients/Marjoram.png
53189,7,Salt,To taste,https://www.themealdb.com/images/ingredients/Salt.png
53189,8,Black Pepper,To taste,https://www.themealdb.com/images/ingredients/Black_Pepper.png
53189,9,Oil,For frying,https://www.themealdb.com/images/ingredients/Oil.png
53169,1,White bread,150g,https://www.themealdb.com/images/ingredients/White_bread.png
53169,2,Almonds,200g,https://www.themealdb.com/images/ingredients/Almonds.png
53169,3,Extra Virgin Olive Oil,50 ml,https://www.themealdb.com/images/ingredients/Extra_Virgin_Olive_Oil.png
53169,4,Garlic Clove,1,https://www.themealdb.com/images/ingredients/Garlic_Clove.png
53169,5,Red Wine Vinegar,1 ½ tbsp,https://www.themealdb.com/images/ingredients/Red_Wine_Vinegar.png
52842,1,Rapeseed Oil,2 tblsp,https://www.themealdb.com/images/ingredients/Rapeseed_Oil.png
52842,2,Onion,1 finely chopped,https://www.themealdb.com/images/ingredients/Onion.png
52842,3,Celery,1,https://www.themealdb.com/images/ingredients/Celery.png
52842,4,Leek,1 sliced,https://www.themealdb.com/images/ingredients/Leek.png
52842,5,Potatoes,1 medium,https://www.themealdb.com/images/ingredients/Potatoes.png
52842,6,Butter,1 knob,https://www.themealdb.com/images/ingredients/Butter.png
52842,7,Vegetable Stock,1 litre hot,https://www.themealdb.com/images/ingredients/Vegetable_Stock.png
52842,8,Broccoli,1 Head chopped,https://www.themealdb.com/images/ingredients/Broccoli.png
52842,9,Stilton Cheese,140g,https://www.themealdb.com/images/ingredients/Stilton_Cheese.png
52840,1,Clams,1½ kg,https://www.themealdb.com/images/ingredients/Clams.png
52840,2,Butter,50g,https://www.themealdb.com/images/ingredients/Butter.png
52840,3,Bacon,150g,https://www.themealdb.com/images/ingredients/Bacon.png
52840,4,Onion,1 finely chopped,https://www.themealdb.com/images/ingredients/Onion.png
52840,5,Thyme,sprigs of fresh,https://www.themealdb.com/images/ingredients/Thyme.png
52840,6,Bay Leaf,1,https://www.themealdb.com/images/ingredients/Bay_Leaf.png
52840,7,Plain Flour,1 tbls,https://www.themealdb.com/images/ingredients/Plain_Flour.png
52840,8,Milk,150ml,https://www.themealdb.com/images/ingredients/Milk.png
52840,9,Double Cream,150ml,https://www.themealdb.com/images/ingredients/Double_Cream.png
52840,10,Potatoes,2 medium,https://www.themealdb.com/images/ingredients/Potatoes.png
52840,11,Parsley,Chopped,https://www.themealdb.com/images/ingredients/Parsley.png
52779,1,Flour,250g,https://www.themealdb.com/images/ingredients/Flour.png
52779,2,Butter,125g,https://www.themealdb.com/images/ingredients/Butter.png
52779,3,Egg,1,https://www.themealdb.com/images/ingredients/Egg.png
52779,4,Salt,Pinch,https://www.themealdb.com/images/ingredients/Salt.png
52779,5,Cheese,300g,https://www.themealdb.com/images/ingredients/Cheese.png
52779,6,Milk,100ml milk,https://www.themealdb.com/images/ingredients/Milk.png
52779,7,Eggs,3,https://www.themealdb.com/images/ingredients/Eggs.png
52779,8,Parmesan Cheese,100g,https://www.themealdb.com/images/ingredients/Parmesan_Cheese.png
52779,9,Plum tomatoes,350g,https://www.themealdb.com/images/ingredients/Plum_tomatoes.png
52779,10,White Vinegar,3tbsp,https://www.themealdb.com/images/ingredients/White_Vinegar.png
52779,11,Honey,1 tbsp,https://www.themealdb.com/images/ingredients/Honey.png
52779,12,Basil,Topping,https://www.themealdb.com/images/ingredients/Basil.png
52841,1,Olive Oil,3 tbsp,https://www.themealdb.com/images/ingredients/Olive_Oil.png
52841,2,Onions,2 chopped,https://www.themealdb.com/images/ingredients/Onions.png
52841,3,Celery,2 sticks,https://www.themealdb.com/images/ingredients/Celery.png
52841,4,Carrots,300g,https://www.themealdb.com/images/ingredients/Carrots.png
52841,5,Potatoes,500g,https://www.themealdb.com/images/ingredients/Potatoes.png
52841,6,Bay Leaf,4,https://www.themealdb.com/images/ingredients/Bay_Leaf.png
52841,7,Tomato Puree,5 tblsp,https://www.themealdb.com/images/ingredients/Tomato_Puree.png
52841,8,Sugar,2 tblsp,https://www.themealdb.com/images/ingredients/Sugar.png
52841,9,White Vinegar,2 tblsp,https://www.themealdb.com/images/ingredients/White_Vinegar.png
52841,10,Chopped Tomatoes,1½ kg,https://www.themealdb.com/images/ingredients/Chopped_Tomatoes.png
52841,11,Passata,500g,https://www.themealdb.com/images/ingredients/Passata.png
52841,12,Vegetable Stock Cube,3,https://www.themealdb.com/images/ingredients/Vegetable_Stock_Cube.png
52841,13,Whole Milk,400ml,https://www.themealdb.com/images/ingredients/Whole_Milk.png
53173,1,Passata,250g,https://www.themealdb.com/images/ingredients/Passata.png
53173,2,Red Pepper,1 chopped,https://www.themealdb.com/images/ingredients/Red_Pepper.png
53173,3,Red Chilli,1 chopped,https://www.themealdb.com/images/ingredients/Red_Chilli.png
53173,4,Garlic,1 clove peeled crushed,https://www.themealdb.com/images/ingredients/Garlic.png
53173,5,Sherry vinegar,1 teaspoon,https://www.themealdb.com/images/ingredients/Sherry_vinegar.png
53173,6,Lime,Juice of 1/2,https://www.themealdb.com/images/ingredients/Lime.png
53092,1,Green Beans,16 ounces,https://www.themealdb.com/images/ingredients/Green_Beans.png
53092,2,Olive Oil,1/4 cup,https://www.themealdb.com/images/ingredients/Olive_Oil.png
53092,3,Salt,Dash,https://www.themealdb.com/images/ingredients/Salt.png
53092,4,Garlic,1 clove,https://www.themealdb.com/images/ingredients/Garlic.png
53092,5,Cilantro,1/4 cup,https://www.themealdb.com/images/ingredients/Cilantro.png
53150,1,Olive Oil,1 tablespoon,https://www.themealdb.com/images/ingredients/Olive_Oil.png
53150,2,Padron peppers,500g,https://www.themealdb.com/images/ingredients/Padron_peppers.png
53115,1,Red Onions,3 Large,https://www.themealdb.com/images/ingredients/Red_Onions.png
53115,2,Sea Salt,2 tsp,https://www.themealdb.com/images/ingredients/Sea_Salt.png
53115,3,Cider Vinegar,200ml,https://www.themealdb.com/images/ingredients/Cider_Vinegar.png
53115,4,Granulated Sugar,50g,https://www.themealdb.com/images/ingredients/Granulated_Sugar.png
53115,5,Black Pepper,1 tsp,https://www.themealdb.com/images/ingredients/Black_Pepper.png
53115,6,Bay Leaves,4,https://www.themealdb.com/images/ingredients/Bay_Leaves.png
52942,1,Baby Aubergine,6 small,https://www.themealdb.com/images/ingredients/Baby_Aubergine.png
52942,2,Fennel,4 small,https://www.themealdb.com/images/ingredients/Fennel.png
52942,3,Red Pepper,1 thinly sliced,https://www.themealdb.com/images/ingredients/Red_Pepper.png
52942,4,Courgettes,1 medium,https://www.themealdb.com/images/ingredients/Courgettes.png
52942,5,Onion,1 finely chopped,https://www.themealdb.com/images/ingredients/Onion.png
52942,6,Paella Rice,300g,https://www.themealdb.com/images/ingredients/Paella_Rice.png
52942,7,Paprika,1 tsp,https://www.themealdb.com/images/ingredients/Paprika.png
52942,8,Saffron,pinch,https://www.themealdb.com/images/ingredients/Saffron.png
52942,9,White Wine,200ml,https://www.themealdb.com/images/ingredients/White_Wine.png
52942,10,Vegetable Stock,700ml,https://www.themealdb.com/images/ingredients/Vegetable_Stock.png
52942,11,Frozen Peas,100g,https://www.themealdb.com/images/ingredients/Frozen_Peas.png
52942,12,Lemon,1 chopped,https://www.themealdb.com/images/ingredients/Lemon.png
52942,13,Parsley,Handful,https://www.themealdb.com/images/ingredients/Parsley.png
52942,14,Salt,pinch,https://www.themealdb.com/images/ingredients/Salt.png
52942,15,Black Pepper,pinch,https://www.themealdb.com/images/ingredients/Black_Pepper.png
53250,1,Raw Vegetables,150g,https://www.themealdb.com/images/ingredients/Raw_Vegetables.png
53250,2,Vegan White Wine Vinegar,3  tablespoons,https://www.themealdb.com/images/ingredients/Vegan_White_Wine_Vinegar.png
53250,3,Golden Caster Sugar,1 tsp,https://www.themealdb.com/images/ingredients/Golden_Caster_Sugar.png
53250,4,Baguette,1 large,https://www.themealdb.com/images/ingredients/Baguette.png
53250,5,Hummus,100g,https://www.themealdb.com/images/ingredients/Hummus.png
53250,6,Tempeh,175g,https://www.themealdb.com/images/ingredients/Tempeh.png
53250,7,Coriander,Handful,https://www.themealdb.com/images/ingredients/Coriander.png
53250,8,Mint,Handful,https://www.themealdb.com/images/ingredients/Mint.png
53250,9,Hotsauce,To serve,https://www.themealdb.com/images/ingredients/Hotsauce.png
52794,1,Self-raising Flour,1 1/4 cup,https://www.themealdb.com/images/ingredients/Self-raising_Flour.png
52794,2,coco sugar,1/2 cup,https://www.themealdb.com/images/ingredients/coco_sugar.png
52794,3,cacao,1/3 cup raw,https://www.themealdb.com/images/ingredients/cacao.png
52794,4,baking powder,1 tsp,https://www.themealdb.com/images/ingredients/baking_powder.png
52794,5,flax eggs,2,https://www.themealdb.com/images/ingredients/flax_eggs.png
52794,6,almond milk,1/2 cup,https://www.themealdb.com/images/ingredients/almond_milk.png
52794,7,vanilla,1 tsp,https://www.themealdb.com/images/ingredients/vanilla.png
52794,8,water,1/2 cup boiling,https://www.themealdb.com/images/ingredients/water.png
52775,1,green red lentils,1 cups,https://www.themealdb.com/images/ingredients/green_red_lentils.png
52775,2,Carrots,1,https://www.themealdb.com/images/ingredients/Carrots.png
52775,3,onion,1,https://www.themealdb.com/images/ingredients/onion.png
52775,4,zucchini,1 small,https://www.themealdb.com/images/ingredients/zucchini.png
52775,5,coriander,sprinking,https://www.themealdb.com/images/ingredients/coriander.png
52775,6,spinach,150g,https://www.themealdb.com/images/ingredients/spinach.png
52775,7,lasagne sheets,10,https://www.themealdb.com/images/ingredients/lasagne_sheets.png
52775,8,vegan butter,35g,https://www.themealdb.com/images/ingredients/vegan_butter.png
52775,9,flour,4 tablespoons,https://www.themealdb.com/images/ingredients/flour.png
52775,10,soya milk,300ml,https://www.themealdb.com/images/ingredients/soya_milk.png
52775,11,mustard,1.5 teaspoons,https://www.themealdb.com/images/ingredients/mustard.png
52775,12,vinegar,1 teaspoon,https://www.themealdb.com/images/ingredients/vinegar.png
53158,1,Potatoes,900g,https://www.themealdb.com/images/ingredients/Potatoes.png
53158,2,Olive Oil,3  tablespoons,https://www.themealdb.com/images/ingredients/Olive_Oil.png
53158,3,Onion,1 chopped,https://www.themealdb.com/images/ingredients/Onion.png
53158,4,Garlic,1 clove peeled crushed,https://www.themealdb.com/images/ingredients/Garlic.png
53158,5,Paprika,1 tblsp,https://www.themealdb.com/images/ingredients/Paprika.png
53158,6,Tomato Puree,1 tblsp,https://www.themealdb.com/images/ingredients/Tomato_Puree.png
53158,7,Tinned Tomatos,225g,https://www.themealdb.com/images/ingredients/Tinned_Tomatos.png
53158,8,Basil Leaves,To serve,https://www.themealdb.com/images/ingredients/Basil_Leaves.png
53288,1,Green Pepper,3,https://www.themealdb.com/images/ingredients/Green_Pepper.png
53288,2,Olive Oil,1 tablespoon,https://www.themealdb.com/images/ingredients/Olive_Oil.png
53288,3,Red Onions,1 tablespoon chopped,https://www.themealdb.com/images/ingredients/Red_Onions.png
53288,4,Garlic,1 clove peeled crushed,https://www.themealdb.com/images/ingredients/Garlic.png
53288,5,Salt,To taste,https://www.themealdb.com/images/ingredients/Salt.png
53288,6,Pepper,To taste,https://www.themealdb.com/images/ingredients/Pepper.png
53288,7,Plum Tomatoes,1 Diced,https://www.themealdb.com/images/ingredients/Plum_Tomatoes.png
53278,1,Aubergine,2,https://www.themealdb.com/images/ingredients/Aubergine.png
53278,2,Vegetable Oil,2 tablespoons,https://www.themealdb.com/images/ingredients/Vegetable_Oil.png
53278,3,Bread,3 sliced thinly,https://www.themealdb.com/images/ingredients/Bread.png
53278,4,Hummus,300g,https://www.themealdb.com/images/ingredients/Hummus.png
53278,5,Walnuts,100g,https://www.themealdb.com/images/ingredients/Walnuts.png
53278,6,Parsley,40g,https://www.themealdb.com/images/ingredients/Parsley.png
53278,7,Cherry Tomatoes,200g,https://www.themealdb.com/images/ingredients/Cherry_Tomatoes.png
53278,8,Lemon,Juice of 1/2,https://www.themealdb.com/images/ingredients/Lemon.png
53278,9,Extra Virgin Olive Oil,Splash,https://www.themealdb.com/images/ingredients/Extra_Virgin_Olive_Oil.png
53267,1,Aubergine,1 sliced,https://www.themealdb.com/images/ingredients/Aubergine.png
53267,2,Olive Oil,3  tablespoons,https://www.themealdb.com/images/ingredients/Olive_Oil.png
53267,3,Couscous,140g,https://www.themealdb.com/images/ingredients/Couscous.png
53267,4,Vegetable Stock,225g,https://www.themealdb.com/images/ingredients/Vegetable_Stock.png
53267,5,Cherry Tomatoes,200g,https://www.themealdb.com/images/ingredients/Cherry_Tomatoes.png
53267,6,Mint,Handful,https://www.themealdb.com/images/ingredients/Mint.png
53267,7,Goats Cheese,100g,https://www.themealdb.com/images/ingredients/Goats_Cheese.png
53267,8,Lemon,Juice of 1/2,https://www.themealdb.com/images/ingredients/Lemon.png
53107,1,Avocado,3 Large,https://www.themealdb.com/images/ingredients/Avocado.png
53107,2,Natural Yoghurt,200g,https://www.themealdb.com/images/ingredients/Natural_Yoghurt.png
53107,3,Lime,Zest and juice of 1,https://www.themealdb.com/images/ingredients/Lime.png
53107,4,Lemon,Juice of 1/2,https://www.themealdb.com/images/ingredients/Lemon.png
53107,5,Baby New Potatoes,1.25kg,https://www.themealdb.com/images/ingredients/Baby_New_Potatoes.png
53107,6,Olive Oil,2 tablespoons,https://www.themealdb.com/images/ingredients/Olive_Oil.png
53107,7,Hot Chilli Powder,1 teaspoon,https://www.themealdb.com/images/ingredients/Hot_Chilli_Powder.png
53107,8,Cumin Seeds,1 teaspoon,https://www.themealdb.com/images/ingredients/Cumin_Seeds.png
53107,9,Tortillas,200g,https://www.themealdb.com/images/ingredients/Tortillas.png
52807,1,Aubergine,1 large,https://www.themealdb.com/images/ingredients/Aubergine.png
52807,2,Onion,½ cup,https://www.themealdb.com/images/ingredients/Onion.png
52807,3,Tomatoes,1 cup,https://www.themealdb.com/images/ingredients/Tomatoes.png
52807,4,Garlic,6 cloves,https://www.themealdb.com/images/ingredients/Garlic.png
52807,5,Green Chilli,1,https://www.themealdb.com/images/ingredients/Green_Chilli.png
52807,6,Red Chilli Powder,¼ teaspoon,https://www.themealdb.com/images/ingredients/Red_Chilli_Powder.png
52807,7,Oil,1.5 tablespoon,https://www.themealdb.com/images/ingredients/Oil.png
52807,8,Coriander Leaves,1 tablespoon chopped,https://www.themealdb.com/images/ingredients/Coriander_Leaves.png
52807,9,salt,as required,https://www.themealdb.com/images/ingredients/salt.png
53307,1,Beetroot,320g,https://www.themealdb.com/images/ingredients/Beetroot.png
53307,2,Red Cabbage,450g,https://www.themealdb.com/images/ingredients/Red_Cabbage.png
53307,3,Onion,1 small,https://www.themealdb.com/images/ingredients/Onion.png
53307,4,Caraway Seed,2 tsp,https://www.themealdb.com/images/ingredients/Caraway_Seed.png
53307,5,Sea Salt,1 tsp,https://www.themealdb.com/images/ingredients/Sea_Salt.png
53313,1,Rapeseed Oil,1 tablespoon,https://www.themealdb.com/images/ingredients/Rapeseed_Oil.png
53313,2,Greek Yogurt,4 tablespoons,https://www.themealdb.com/images/ingredients/Greek_Yogurt.png
53313,3,Mint,1/2 bag,https://www.themealdb.com/images/ingredients/Mint.png
53313,4,Rocket,150g,https://www.themealdb.com/images/ingredients/Rocket.png
53313,5,Cherry Tomatoes,130g,https://www.themealdb.com/images/ingredients/Cherry_Tomatoes.png
53313,6,Beetroot,400g,https://www.themealdb.com/images/ingredients/Beetroot.png
53313,7,Egg,1 beaten,https://www.themealdb.com/images/ingredients/Egg.png
53313,8,Plain Flour,1 tablespoon,https://www.themealdb.com/images/ingredients/Plain_Flour.png
53313,9,Garlic,1 clove finely chopped,https://www.themealdb.com/images/ingredients/Garlic.png
53313,10,Caraway Seed,1 tsp,https://www.themealdb.com/images/ingredients/Caraway_Seed.png
53313,11,Ground Cumin,1/2 teaspoon,https://www.themealdb.com/images/ingredients/Ground_Cumin.png
53313,12,Lemon,Zest of 1,https://www.themealdb.com/images/ingredients/Lemon.png
53078,1,Beetroot,3,https://www.themealdb.com/images/ingredients/Beetroot.png
53078,2,Olive Oil,4 tbs,https://www.themealdb.com/images/ingredients/Olive_Oil.png
53078,3,Chicken Stock Cube,1,https://www.themealdb.com/images/ingredients/Chicken_Stock_Cube.png
53078,4,Water,6 cups,https://www.themealdb.com/images/ingredients/Water.png
53078,5,Potatoes,3,https://www.themealdb.com/images/ingredients/Potatoes.png
53078,6,Cannellini Beans,1 can,https://www.themealdb.com/images/ingredients/Cannellini_Beans.png
53078,7,Dill,Garnish,https://www.themealdb.com/images/ingredients/Dill.png
53305,1,Cabbage Leaves,6 large,https://www.themealdb.com/images/ingredients/Cabbage_Leaves.png
53305,2,Olive Oil,2 tablespoons,https://www.themealdb.com/images/ingredients/Olive_Oil.png
53305,3,Onion,1 chopped,https://www.themealdb.com/images/ingredients/Onion.png
53305,4,Rosemary,2 tsp,https://www.themealdb.com/images/ingredients/Rosemary.png
53305,5,Celery,1 chopped,https://www.themealdb.com/images/ingredients/Celery.png
53305,6,Basmati Rice,140g,https://www.themealdb.com/images/ingredients/Basmati_Rice.png
53305,7,Cooked Chestnut,140g,https://www.themealdb.com/images/ingredients/Cooked_Chestnut.png
53305,8,Cranberry,50g,https://www.themealdb.com/images/ingredients/Cranberry.png
53305,9,Vegetable Stock,300ml,https://www.themealdb.com/images/ingredients/Vegetable_Stock.png
53305,10,Balsamic Vinegar,1 tablespoon,https://www.themealdb.com/images/ingredients/Balsamic_Vinegar.png
53305,11,Clear Honey,1 tsp,https://www.themealdb.com/images/ingredients/Clear_Honey.png
53077,1,Unsalted Butter,3 tbs,https://www.themealdb.com/images/ingredients/Unsalted_Butter.png
53077,2,Onion,1 large,https://www.themealdb.com/images/ingredients/Onion.png
53077,3,Cabbage,1 medium,https://www.themealdb.com/images/ingredients/Cabbage.png
53077,4,Carrots,1,https://www.themealdb.com/images/ingredients/Carrots.png
53077,5,Celery,1,https://www.themealdb.com/images/ingredients/Celery.png
53077,6,Bay Leaf,1,https://www.themealdb.com/images/ingredients/Bay_Leaf.png
53077,7,Vegetable Stock,8 cups,https://www.themealdb.com/images/ingredients/Vegetable_Stock.png
53077,8,Potatoes,2 large,https://www.themealdb.com/images/ingredients/Potatoes.png
53077,9,Tomatoes,2 large,https://www.themealdb.com/images/ingredients/Tomatoes.png
53077,10,Sour Cream,Garnish,https://www.themealdb.com/images/ingredients/Sour_Cream.png
53077,11,Dill,Garnish,https://www.themealdb.com/images/ingredients/Dill.png
52870,1,Chickpeas,400g,https://www.themealdb.com/images/ingredients/Chickpeas.png
52870,2,Olive Oil,1 tblsp,https://www.themealdb.com/images/ingredients/Olive_Oil.png
52870,3,Paprika,pinch,https://www.themealdb.com/images/ingredients/Paprika.png
52870,4,Tomatoes,2 small cut chunks,https://www.themealdb.com/images/ingredients/Tomatoes.png
52870,5,Red Onions,1 finely sliced,https://www.themealdb.com/images/ingredients/Red_Onions.png
52870,6,Red Wine Vinegar,2 tsp,https://www.themealdb.com/images/ingredients/Red_Wine_Vinegar.png
52870,7,Avocado,1,https://www.themealdb.com/images/ingredients/Avocado.png
52870,8,Lime,Juice of 1,https://www.themealdb.com/images/ingredients/Lime.png
52870,9,Lime,Chopped,https://www.themealdb.com/images/ingredients/Lime.png
52870,10,Sour Cream,100g,https://www.themealdb.com/images/ingredients/Sour_Cream.png
52870,11,Harissa Spice,2 tsp,https://www.themealdb.com/images/ingredients/Harissa_Spice.png
52870,12,Corn Tortillas,4,https://www.themealdb.com/images/ingredients/Corn_Tortillas.png
52870,13,Coriander,to serve,https://www.themealdb.com/images/ingredients/Coriander.png
53372,1,Plum Tomatoes,1 lb,https://www.themealdb.com/images/ingredients/Plum_Tomatoes.png
53372,2,Vegetable Oil,1 tablespoon,https://www.themealdb.com/images/ingredients/Vegetable_Oil.png
53372,3,Eggs,5 Large,https://www.themealdb.com/images/ingredients/Eggs.png
53372,4,Sesame Seed Oil,1 tsp,https://www.themealdb.com/images/ingredients/Sesame_Seed_Oil.png
53372,5,Chicken Bouillon Powder,2 tsp,https://www.themealdb.com/images/ingredients/Chicken_Bouillon_Powder.png
53372,6,Sugar,2 tsp,https://www.themealdb.com/images/ingredients/Sugar.png
53372,7,Pepper,1/2 tsp,https://www.themealdb.com/images/ingredients/Pepper.png
53372,8,Salt,1/4 tsp,https://www.themealdb.com/images/ingredients/Salt.png
53372,9,Spring Onions,1,https://www.themealdb.com/images/ingredients/Spring_Onions.png
53372,10,Jasmine Rice,2 cups,https://www.themealdb.com/images/ingredients/Jasmine_Rice.png
53283,1,Garlic,4 cloves,https://www.themealdb.com/images/ingredients/Garlic.png
53283,2,Red Chilli,1 small,https://www.themealdb.com/images/ingredients/Red_Chilli.png
53283,3,Ground Cumin,1 tsp,https://www.themealdb.com/images/ingredients/Ground_Cumin.png
53283,4,Paprika,1 teaspoon,https://www.themealdb.com/images/ingredients/Paprika.png
53283,5,Black Pepper,1/2 teaspoon,https://www.themealdb.com/images/ingredients/Black_Pepper.png
53283,6,Cayenne Pepper,1/2 teaspoon,https://www.themealdb.com/images/ingredients/Cayenne_Pepper.png
53283,7,Salt,1/2 teaspoon,https://www.themealdb.com/images/ingredients/Salt.png
53283,8,Olive Oil,2 tablespoons,https://www.themealdb.com/images/ingredients/Olive_Oil.png
53283,9,New Potatoes,2 Lbs,https://www.themealdb.com/images/ingredients/New_Potatoes.png
53283,10,Tomato Puree,1 tablespoon,https://www.themealdb.com/images/ingredients/Tomato_Puree.png
53283,11,Water,Boiled,https://www.themealdb.com/images/ingredients/Water.png
53283,12,Salt,To taste,https://www.themealdb.com/images/ingredients/Salt.png
53072,1,Egg Plants,1 large,https://www.themealdb.com/images/ingredients/Egg_Plants.png
53072,2,Breadcrumbs,1 cup,https://www.themealdb.com/images/ingredients/Breadcrumbs.png
53072,3,Sesame Seed,50g,https://www.themealdb.com/images/ingredients/Sesame_Seed.png
53072,4,Eggs,2,https://www.themealdb.com/images/ingredients/Eggs.png
53072,5,Salt,To taste,https://www.themealdb.com/images/ingredients/Salt.png
53072,6,Pepper,To taste,https://www.themealdb.com/images/ingredients/Pepper.png
53072,7,Vegetable Oil,For frying,https://www.themealdb.com/images/ingredients/Vegetable_Oil.png
53309,1,Cucumber,1 large,https://www.themealdb.com/images/ingredients/Cucumber.png
53309,2,Sugar,1 tsp,https://www.themealdb.com/images/ingredients/Sugar.png
53309,3,Fennel Bulb,1 sliced,https://www.themealdb.com/images/ingredients/Fennel_Bulb.png
53309,4,Sour Cream,150ml,https://www.themealdb.com/images/ingredients/Sour_Cream.png
53309,5,Lemon,Juice of 1,https://www.themealdb.com/images/ingredients/Lemon.png
53309,6,White Wine Vinegar,1 tablespoon,https://www.themealdb.com/images/ingredients/White_Wine_Vinegar.png
53309,7,Dill,Bunch,https://www.themealdb.com/images/ingredients/Dill.png
52785,1,Toor dal,1 cup,https://www.themealdb.com/images/ingredients/Toor_dal.png
52785,2,Water,2-1/2 cups,https://www.themealdb.com/images/ingredients/Water.png
52785,3,Salt,1 tsp,https://www.themealdb.com/images/ingredients/Salt.png
52785,4,Turmeric,1/4 tsp,https://www.themealdb.com/images/ingredients/Turmeric.png
52785,5,Ghee,3 tbs,https://www.themealdb.com/images/ingredients/Ghee.png
52785,6,Chopped tomatoes,1 cup,https://www.themealdb.com/images/ingredients/Chopped_tomatoes.png
52785,7,Cumin seeds,1/2 tsp,https://www.themealdb.com/images/ingredients/Cumin_seeds.png
52785,8,Mustard Seeds,1/2 tsp,https://www.themealdb.com/images/ingredients/Mustard_Seeds.png
52785,9,Bay Leaf,2,https://www.themealdb.com/images/ingredients/Bay_Leaf.png
52785,10,Green Chilli,1 tbs chopped,https://www.themealdb.com/images/ingredients/Green_Chilli.png
52785,11,Ginger,2 tsp shredded,https://www.themealdb.com/images/ingredients/Ginger.png
52785,12,Cilantro,2 tbs,https://www.themealdb.com/images/ingredients/Cilantro.png
52785,13,Red Pepper,1/2 tsp,https://www.themealdb.com/images/ingredients/Red_Pepper.png
52785,14,Salt,1/2 tsp,https://www.themealdb.com/images/ingredients/Salt.png
52785,15,Sugar,1 tsp,https://www.themealdb.com/images/ingredients/Sugar.png
52785,16,Garam Masala,1/4 tsp,https://www.themealdb.com/images/ingredients/Garam_Masala.png
52955,1,Chicken Stock,3 cups,https://www.themealdb.com/images/ingredients/Chicken_Stock.png
52955,2,Salt,1/4 tsp,https://www.themealdb.com/images/ingredients/Salt.png
52955,3,Sugar,1/4 tsp,https://www.themealdb.com/images/ingredients/Sugar.png
52955,4,Pepper,pinch,https://www.themealdb.com/images/ingredients/Pepper.png
52955,5,Sesame Seed Oil,1 tsp,https://www.themealdb.com/images/ingredients/Sesame_Seed_Oil.png
52955,6,Peas,1/3 cup,https://www.themealdb.com/images/ingredients/Peas.png
52955,7,Mushrooms,1/3 cup,https://www.themealdb.com/images/ingredients/Mushrooms.png
52955,8,Cornstarch,1 tbs,https://www.themealdb.com/images/ingredients/Cornstarch.png
52955,9,Water,2 tbs,https://www.themealdb.com/images/ingredients/Water.png
52955,10,Spring Onions,1/4 cup,https://www.themealdb.com/images/ingredients/Spring_Onions.png
53073,1,Egg Plants,1 lb,https://www.themealdb.com/images/ingredients/Egg_Plants.png
53073,2,Sugar,2 tbs,https://www.themealdb.com/images/ingredients/Sugar.png
53073,3,Salt,1 tsp,https://www.themealdb.com/images/ingredients/Salt.png
53073,4,Pepper,1 tsp,https://www.themealdb.com/images/ingredients/Pepper.png
53073,5,Garlic,1 whole,https://www.themealdb.com/images/ingredients/Garlic.png
53073,6,Olive Oil,3 tbs,https://www.themealdb.com/images/ingredients/Olive_Oil.png
53073,7,Ground Pork,4 oz,https://www.themealdb.com/images/ingredients/Ground_Pork.png
53073,8,Rice Vinegar,3 tbs,https://www.themealdb.com/images/ingredients/Rice_Vinegar.png
53073,9,Soy Sauce,2 tbs,https://www.themealdb.com/images/ingredients/Soy_Sauce.png
53073,10,Bay Leaf,2,https://www.themealdb.com/images/ingredients/Bay_Leaf.png
53254,1,Tomato,3 Large,https://www.themealdb.com/images/ingredients/Tomato.png
53254,2,Romano Pepper,1 medium,https://www.themealdb.com/images/ingredients/Romano_Pepper.png
53254,3,Green Chilli,1 medium,https://www.themealdb.com/images/ingredients/Green_Chilli.png
53254,4,Onion,1 small,https://www.themealdb.com/images/ingredients/Onion.png
53254,5,Garlic,2 cloves minced,https://www.themealdb.com/images/ingredients/Garlic.png
53254,6,Parsley,25g,https://www.themealdb.com/images/ingredients/Parsley.png
53254,7,Red Pepper Paste,2 tablespoons,https://www.themealdb.com/images/ingredients/Red_Pepper_Paste.png
53254,8,Tomato Puree,1 tablespoon,https://www.themealdb.com/images/ingredients/Tomato_Puree.png
53254,9,Pomegranate Molasses,2 tablespoons,https://www.themealdb.com/images/ingredients/Pomegranate_Molasses.png
53254,10,Pul Biber,1 tablespoon,https://www.themealdb.com/images/ingredients/Pul_Biber.png
53254,11,Sumac,2 tsp,https://www.themealdb.com/images/ingredients/Sumac.png
53254,12,Dried Mint,1 tablespoon,https://www.themealdb.com/images/ingredients/Dried_Mint.png
53254,13,Extra Virgin Olive Oil,60 ml,https://www.themealdb.com/images/ingredients/Extra_Virgin_Olive_Oil.png
53266,1,Sunflower Oil,2 tablespoons,https://www.themealdb.com/images/ingredients/Sunflower_Oil.png
53266,2,Onion,1 chopped,https://www.themealdb.com/images/ingredients/Onion.png
53266,3,Garlic,1 clove peeled crushed,https://www.themealdb.com/images/ingredients/Garlic.png
53266,4,Chickpeas,400g,https://www.themealdb.com/images/ingredients/Chickpeas.png
53266,5,Ground Cumin,1 tsp,https://www.themealdb.com/images/ingredients/Ground_Cumin.png
53266,6,Ground Coriander,1 tsp,https://www.themealdb.com/images/ingredients/Ground_Coriander.png
53266,7,Parsley,Handful,https://www.themealdb.com/images/ingredients/Parsley.png
53266,8,Egg,1 beaten,https://www.themealdb.com/images/ingredients/Egg.png
53091,1,Falafel,12,https://www.themealdb.com/images/ingredients/Falafel.png
53091,2,Tahini,1/4 cup,https://www.themealdb.com/images/ingredients/Tahini.png
53091,3,Water,1/4 cup,https://www.themealdb.com/images/ingredients/Water.png
53091,4,Lemon Juice,2 tablespoons,https://www.themealdb.com/images/ingredients/Lemon_Juice.png
53091,5,Garlic,2 cloves,https://www.themealdb.com/images/ingredients/Garlic.png
53091,6,Paprika,1/4 tsp,https://www.themealdb.com/images/ingredients/Paprika.png
53091,7,Pita Bread,6,https://www.themealdb.com/images/ingredients/Pita_Bread.png
53091,8,Lettuce,1,https://www.themealdb.com/images/ingredients/Lettuce.png
53091,9,Tomato,1,https://www.themealdb.com/images/ingredients/Tomato.png
53091,10,Cucumber,1/2,https://www.themealdb.com/images/ingredients/Cucumber.png
53091,11,Dill Pickles,1,https://www.themealdb.com/images/ingredients/Dill_Pickles.png
53091,12,Red Onions,1/4,https://www.themealdb.com/images/ingredients/Red_Onions.png
53091,13,Harissa Spice,3 tsp,https://www.themealdb.com/images/ingredients/Harissa_Spice.png
52906,1,Butter,75g,https://www.themealdb.com/images/ingredients/Butter.png
52906,2,Leek,1kg,https://www.themealdb.com/images/ingredients/Leek.png
52906,3,Salt,½ tsp,https://www.themealdb.com/images/ingredients/Salt.png
52906,4,Creme Fraiche,300ml,https://www.themealdb.com/images/ingredients/Creme_Fraiche.png
52906,5,Egg,1,https://www.themealdb.com/images/ingredients/Egg.png
52906,6,Egg Yolks,3,https://www.themealdb.com/images/ingredients/Egg_Yolks.png
52906,7,Nutmeg,¼ teaspoon,https://www.themealdb.com/images/ingredients/Nutmeg.png
52906,8,Plain Flour,225g,https://www.themealdb.com/images/ingredients/Plain_Flour.png
52906,9,Salt,½ tsp,https://www.themealdb.com/images/ingredients/Salt.png
52906,10,Butter,60g,https://www.themealdb.com/images/ingredients/Butter.png
52906,11,Lard,60g,https://www.themealdb.com/images/ingredients/Lard.png
52906,12,Cheddar Cheese,50g,https://www.themealdb.com/images/ingredients/Cheddar_Cheese.png
52906,13,Water,2 tbs,https://www.themealdb.com/images/ingredients/Water.png
53025,1,Broad Beans,2 cups,https://www.themealdb.com/images/ingredients/Broad_Beans.png
53025,2,Parsley,1/3 cup,https://www.themealdb.com/images/ingredients/Parsley.png
53025,3,Olive Oil,Dash,https://www.themealdb.com/images/ingredients/Olive_Oil.png
53025,4,Lemons,3,https://www.themealdb.com/images/ingredients/Lemons.png
53025,5,Garlic Clove,4,https://www.themealdb.com/images/ingredients/Garlic_Clove.png
53025,6,Cumin,Sprinking,https://www.themealdb.com/images/ingredients/Cumin.png
53012,1,Butter Beans,400g,https://www.themealdb.com/images/ingredients/Butter_Beans.png
53012,2,Olive Oil,3 tbs,https://www.themealdb.com/images/ingredients/Olive_Oil.png
53012,3,Onion,1 chopped,https://www.themealdb.com/images/ingredients/Onion.png
53012,4,Garlic Clove,2 chopped,https://www.themealdb.com/images/ingredients/Garlic_Clove.png
53012,5,Tomato Puree,2 tbs,https://www.themealdb.com/images/ingredients/Tomato_Puree.png
53012,6,Tomatoes,800g,https://www.themealdb.com/images/ingredients/Tomatoes.png
53012,7,Sugar,1 tbs,https://www.themealdb.com/images/ingredients/Sugar.png
53012,8,Dried Oregano,1 tbs,https://www.themealdb.com/images/ingredients/Dried_Oregano.png
53012,9,Cinnamon,Pinch,https://www.themealdb.com/images/ingredients/Cinnamon.png
53012,10,Chopped Parsley,2 tbs,https://www.themealdb.com/images/ingredients/Chopped_Parsley.png
53274,1,Aubergine,2 large,https://www.themealdb.com/images/ingredients/Aubergine.png
53274,2,Olive Oil,2 tablespoons,https://www.themealdb.com/images/ingredients/Olive_Oil.png
53274,3,Greek Yogurt,250g,https://www.themealdb.com/images/ingredients/Greek_Yogurt.png
53274,4,Tahini Paste,3  tablespoons,https://www.themealdb.com/images/ingredients/Tahini_Paste.png
53274,5,Garlic,1 clove peeled crushed,https://www.themealdb.com/images/ingredients/Garlic.png
53274,6,Lemon,Juice of 1,https://www.themealdb.com/images/ingredients/Lemon.png
53274,7,Coriander,Handful,https://www.themealdb.com/images/ingredients/Coriander.png
53274,8,Parsley,Handful,https://www.themealdb.com/images/ingredients/Parsley.png
53274,9,Mint,Handful,https://www.themealdb.com/images/ingredients/Mint.png
53255,1,Olive Oil,4 tablespoons,https://www.themealdb.com/images/ingredients/Olive_Oil.png
53255,2,Onion,1 chopped,https://www.themealdb.com/images/ingredients/Onion.png
53255,3,Red Chilli,1 chopped,https://www.themealdb.com/images/ingredients/Red_Chilli.png
53255,4,Ginger,2cm piece,https://www.themealdb.com/images/ingredients/Ginger.png
53255,5,Ground Cumin,1/2 teaspoon,https://www.themealdb.com/images/ingredients/Ground_Cumin.png
53255,6,Chickpeas,400g,https://www.themealdb.com/images/ingredients/Chickpeas.png
53255,7,Tomato,200g,https://www.themealdb.com/images/ingredients/Tomato.png
53255,8,Lemon,Juice of 1/2,https://www.themealdb.com/images/ingredients/Lemon.png
53255,9,Aubergine,2,https://www.themealdb.com/images/ingredients/Aubergine.png
53255,10,Greek Yogurt,200g,https://www.themealdb.com/images/ingredients/Greek_Yogurt.png
53255,11,Garlic Clove,1,https://www.themealdb.com/images/ingredients/Garlic_Clove.png
53255,12,Walnuts,25g,https://www.themealdb.com/images/ingredients/Walnuts.png
53255,13,Coriander,Handful,https://www.themealdb.com/images/ingredients/Coriander.png
53074,1,Egg Plants,6,https://www.themealdb.com/images/ingredients/Egg_Plants.png
53074,2,Coconut Milk,1 can,https://www.themealdb.com/images/ingredients/Coconut_Milk.png
53074,3,Lemon Juice,1 tbs,https://www.themealdb.com/images/ingredients/Lemon_Juice.png
53074,4,Salt,1 tsp,https://www.themealdb.com/images/ingredients/Salt.png
53074,5,Red Pepper Flakes,To taste,https://www.themealdb.com/images/ingredients/Red_Pepper_Flakes.png
53074,6,Onions,4 Sticks,https://www.themealdb.com/images/ingredients/Onions.png
53340,1,New Potatoes,1 lb,https://www.themealdb.com/images/ingredients/New_Potatoes.png
53340,2,Carrots,1 lb,https://www.themealdb.com/images/ingredients/Carrots.png
53340,3,Green Beans,1 cup,https://www.themealdb.com/images/ingredients/Green_Beans.png
53340,4,Peas,1/2 cup,https://www.themealdb.com/images/ingredients/Peas.png
53340,5,Dill,1 tablespoon,https://www.themealdb.com/images/ingredients/Dill.png
53340,6,Chives,1 tablespoon,https://www.themealdb.com/images/ingredients/Chives.png
53340,7,Milk,3 Cups,https://www.themealdb.com/images/ingredients/Milk.png
53340,8,Heavy Cream,1/2 cup,https://www.themealdb.com/images/ingredients/Heavy_Cream.png
53340,9,Butter,1/2 cup,https://www.themealdb.com/images/ingredients/Butter.png
53340,10,Salt,1/2 tsp,https://www.themealdb.com/images/ingredients/Salt.png
53340,11,Black Pepper,1/4 tsp,https://www.themealdb.com/images/ingredients/Black_Pepper.png
53352,1,Olive Oil,1 tablespoon,https://www.themealdb.com/images/ingredients/Olive_Oil.png
53352,2,Onion,1 chopped,https://www.themealdb.com/images/ingredients/Onion.png
53352,3,Garlic,1 clove finely chopped,https://www.themealdb.com/images/ingredients/Garlic.png
53352,4,Spring Onions,2 chopped,https://www.themealdb.com/images/ingredients/Spring_Onions.png
53352,5,Rice,2 cups,https://www.themealdb.com/images/ingredients/Rice.png
53352,6,Coconut Milk,3/4 cup,https://www.themealdb.com/images/ingredients/Coconut_Milk.png
53352,7,Water,3/4 cup,https://www.themealdb.com/images/ingredients/Water.png
53352,8,Salt,1 1/2 tsp,https://www.themealdb.com/images/ingredients/Salt.png
53352,9,Allspice,1/2 tsp,https://www.themealdb.com/images/ingredients/Allspice.png
53352,10,Black Pepper,1/4 tsp,https://www.themealdb.com/images/ingredients/Black_Pepper.png
53352,11,Kidney Beans,450g,https://www.themealdb.com/images/ingredients/Kidney_Beans.png
53352,12,Thyme,2 sprigs,https://www.themealdb.com/images/ingredients/Thyme.png
53357,1,Rice,2 cups,https://www.themealdb.com/images/ingredients/Rice.png
53357,2,Coconut Milk,380g,https://www.themealdb.com/images/ingredients/Coconut_Milk.png
53357,3,Kidney Beans,450g,https://www.themealdb.com/images/ingredients/Kidney_Beans.png
53357,4,Water,1 cup,https://www.themealdb.com/images/ingredients/Water.png
53357,5,Kosher Salt,2 tsp,https://www.themealdb.com/images/ingredients/Kosher_Salt.png
53357,6,Ground Allspice,1/2 tsp,https://www.themealdb.com/images/ingredients/Ground_Allspice.png
53357,7,Black Pepper,1/4 tsp,https://www.themealdb.com/images/ingredients/Black_Pepper.png
53357,8,Spring Onions,3,https://www.themealdb.com/images/ingredients/Spring_Onions.png
53357,9,Thyme,2 sprigs,https://www.themealdb.com/images/ingredients/Thyme.png
53357,10,Scotch Bonnet,1,https://www.themealdb.com/images/ingredients/Scotch_Bonnet.png
52971,1,Potatoes,5 Large,https://www.themealdb.com/images/ingredients/Potatoes.png
52971,2,Olive Oil,2 tbs,https://www.themealdb.com/images/ingredients/Olive_Oil.png
52971,3,Green Pepper,1,https://www.themealdb.com/images/ingredients/Green_Pepper.png
52971,4,Onions,5,https://www.themealdb.com/images/ingredients/Onions.png
52971,5,Ras el hanout,1 tbs,https://www.themealdb.com/images/ingredients/Ras_el_hanout.png
52971,6,Pumpkin,500g,https://www.themealdb.com/images/ingredients/Pumpkin.png
52971,7,Eggs,24 Skinned,https://www.themealdb.com/images/ingredients/Eggs.png
52971,8,Salt,Pinch,https://www.themealdb.com/images/ingredients/Salt.png
52971,9,Pepper,Pinch,https://www.themealdb.com/images/ingredients/Pepper.png
52868,1,Vegetable Oil,1 tbls,https://www.themealdb.com/images/ingredients/Vegetable_Oil.png
52868,2,Onion,1 finely chopped,https://www.themealdb.com/images/ingredients/Onion.png
52868,3,Garlic,2 cloves chopped,https://www.themealdb.com/images/ingredients/Garlic.png
52868,4,Ginger,1 part,https://www.themealdb.com/images/ingredients/Ginger.png
52868,5,Coriander,1 Packet,https://www.themealdb.com/images/ingredients/Coriander.png
52868,6,Cumin,1 tsp,https://www.themealdb.com/images/ingredients/Cumin.png
52868,7,Paprika,1 tsp,https://www.themealdb.com/images/ingredients/Paprika.png
52868,8,Garam Masala,2 tsp,https://www.themealdb.com/images/ingredients/Garam_Masala.png
52868,9,Chopped Tomatoes,400g,https://www.themealdb.com/images/ingredients/Chopped_Tomatoes.png
52868,10,Kidney Beans,400g,https://www.themealdb.com/images/ingredients/Kidney_Beans.png
52868,11,Basmati Rice,to serve,https://www.themealdb.com/images/ingredients/Basmati_Rice.png
53027,1,Brown Lentils,1 1/2 cups,https://www.themealdb.com/images/ingredients/Brown_Lentils.png
53027,2,Rice,1 1/2 cups,https://www.themealdb.com/images/ingredients/Rice.png
53027,3,Coriander,1/2 tsp,https://www.themealdb.com/images/ingredients/Coriander.png
53027,4,Macaroni,2 cups,https://www.themealdb.com/images/ingredients/Macaroni.png
53027,5,Chickpeas,Can,https://www.themealdb.com/images/ingredients/Chickpeas.png
53027,6,Onion,1 large,https://www.themealdb.com/images/ingredients/Onion.png
53027,7,Salt,Sprinking,https://www.themealdb.com/images/ingredients/Salt.png
53027,8,Vegetable Oil,1/2 cup,https://www.themealdb.com/images/ingredients/Vegetable_Oil.png
52973,1,Olive Oil,2 tbs,https://www.themealdb.com/images/ingredients/Olive_Oil.png
52973,2,Onion,1 medium finely diced,https://www.themealdb.com/images/ingredients/Onion.png
52973,3,Chickpeas,250g,https://www.themealdb.com/images/ingredients/Chickpeas.png
52973,4,Vegetable Stock,1.5L,https://www.themealdb.com/images/ingredients/Vegetable_Stock.png
52973,5,Cumin,1 tsp,https://www.themealdb.com/images/ingredients/Cumin.png
52973,6,Garlic,5 cloves,https://www.themealdb.com/images/ingredients/Garlic.png
52973,7,Salt,1/2 tsp,https://www.themealdb.com/images/ingredients/Salt.png
52973,8,Harissa Spice,1 tsp,https://www.themealdb.com/images/ingredients/Harissa_Spice.png
52973,9,Pepper,Pinch,https://www.themealdb.com/images/ingredients/Pepper.png
52973,10,Lime,1/2,https://www.themealdb.com/images/ingredients/Lime.png
52865,1,Sunflower Oil,1 tbls,https://www.themealdb.com/images/ingredients/Sunflower_Oil.png
52865,2,Paneer,225g,https://www.themealdb.com/images/ingredients/Paneer.png
52865,3,Ginger,2,https://www.themealdb.com/images/ingredients/Ginger.png
52865,4,Cumin,1 tsp,https://www.themealdb.com/images/ingredients/Cumin.png
52865,5,Turmeric,1 tsp,https://www.themealdb.com/images/ingredients/Turmeric.png
52865,6,Coriander,1 tsp,https://www.themealdb.com/images/ingredients/Coriander.png
52865,7,Green Chilli,1,https://www.themealdb.com/images/ingredients/Green_Chilli.png
52865,8,Tomato,4 large,https://www.themealdb.com/images/ingredients/Tomato.png
52865,9,Peas,150g,https://www.themealdb.com/images/ingredients/Peas.png
52865,10,Garam Masala,1 tsp,https://www.themealdb.com/images/ingredients/Garam_Masala.png
52865,11,Coriander,Small bunch,https://www.themealdb.com/images/ingredients/Coriander.png
52865,12,Naan Bread,to serve,https://www.themealdb.com/images/ingredients/Naan_Bread.png
53336,1,Dried White Navy Beans,2 cups,https://www.themealdb.com/images/ingredients/Dried_White_Navy_Beans.png
53336,2,Bacon,1/2 lb,https://www.themealdb.com/images/ingredients/Bacon.png
53336,3,Onion,1 medium,https://www.themealdb.com/images/ingredients/Onion.png
53336,4,Molasses,1/2 cup,https://www.themealdb.com/images/ingredients/Molasses.png
53336,5,Brown Sugar,1/4 cup,https://www.themealdb.com/images/ingredients/Brown_Sugar.png
53336,6,Cider Vinegar,2 tablespoons,https://www.themealdb.com/images/ingredients/Cider_Vinegar.png
53336,7,Mustard,Ground,https://www.themealdb.com/images/ingredients/Mustard.png
53336,8,Salt,To taste,https://www.themealdb.com/images/ingredients/Salt.png
53336,9,Pepper,To taste,https://www.themealdb.com/images/ingredients/Pepper.png
53047,1,Carrots,6 chopped,https://www.themealdb.com/images/ingredients/Carrots.png
53047,2,Onion,1 sliced,https://www.themealdb.com/images/ingredients/Onion.png
53047,3,Garlic Clove,4,https://www.themealdb.com/images/ingredients/Garlic_Clove.png
53047,4,Cumin,1 tsp,https://www.themealdb.com/images/ingredients/Cumin.png
53047,5,Coriander,1/2 tsp,https://www.themealdb.com/images/ingredients/Coriander.png
53047,6,Olive Oil,1 tbs,https://www.themealdb.com/images/ingredients/Olive_Oil.png
53047,7,Garam Masala,1/4 tsp,https://www.themealdb.com/images/ingredients/Garam_Masala.png
53047,8,Lemon Juice,1 tsp,https://www.themealdb.com/images/ingredients/Lemon_Juice.png
52864,1,Mushrooms,30g,https://www.themealdb.com/images/ingredients/Mushrooms.png
52864,2,Chestnuts,240g,https://www.themealdb.com/images/ingredients/Chestnuts.png
52864,3,Challots,3,https://www.themealdb.com/images/ingredients/Challots.png
52864,4,Garlic,3 cloves,https://www.themealdb.com/images/ingredients/Garlic.png
52864,5,Rosemary,3 sprigs,https://www.themealdb.com/images/ingredients/Rosemary.png
52864,6,Wild Mushrooms,500g,https://www.themealdb.com/images/ingredients/Wild_Mushrooms.png
52864,7,Soy Sauce,2 tblsp,https://www.themealdb.com/images/ingredients/Soy_Sauce.png
52864,8,White Wine,125ml,https://www.themealdb.com/images/ingredients/White_Wine.png
52864,9,Lasagne Sheets,350g,https://www.themealdb.com/images/ingredients/Lasagne_Sheets.png
52864,10,Breadcrumbs,4 tbsp,https://www.themealdb.com/images/ingredients/Breadcrumbs.png
52864,11,Sage,1/2 handful,https://www.themealdb.com/images/ingredients/Sage.png
52864,12,Truffle Oil,to serve,https://www.themealdb.com/images/ingredients/Truffle_Oil.png
53117,1,Creme Fraiche,150ml,https://www.themealdb.com/images/ingredients/Creme_Fraiche.png
53117,2,Horseradish,2 tblsp,https://www.themealdb.com/images/ingredients/Horseradish.png
53117,3,Lemon Juice,1 teaspoon,https://www.themealdb.com/images/ingredients/Lemon_Juice.png
53117,4,Salt,Pinch,https://www.themealdb.com/images/ingredients/Salt.png
53117,5,Pepper,Pinch,https://www.themealdb.com/images/ingredients/Pepper.png
53117,6,Vegetable Oil,Dash,https://www.themealdb.com/images/ingredients/Vegetable_Oil.png
53117,7,Shallots,2,https://www.themealdb.com/images/ingredients/Shallots.png
53117,8,Salt,Pinch,https://www.themealdb.com/images/ingredients/Salt.png
53117,9,White Asparagus,8,https://www.themealdb.com/images/ingredients/White_Asparagus.png
53117,10,Asparagus,8,https://www.themealdb.com/images/ingredients/Asparagus.png
53117,11,Rye Bread,4 slices,https://www.themealdb.com/images/ingredients/Rye_Bread.png
53117,12,Butter,1 tblsp,https://www.themealdb.com/images/ingredients/Butter.png
53117,13,västerbottensost cheese,100g,https://www.themealdb.com/images/ingredients/västerbottensost_cheese.png
53117,14,Dill,Sprinking,https://www.themealdb.com/images/ingredients/Dill.png
53117,15,Salt,Pinch,https://www.themealdb.com/images/ingredients/Salt.png
53117,16,Black Pepper,Pinch,https://www.themealdb.com/images/ingredients/Black_Pepper.png
53172,1,Olive Oil,3  tablespoons,https://www.themealdb.com/images/ingredients/Olive_Oil.png
53172,2,Onion,1 small finely diced,https://www.themealdb.com/images/ingredients/Onion.png
53172,3,Garlic,2 cloves chopped,https://www.themealdb.com/images/ingredients/Garlic.png
53172,4,Tinned Tomatos,225g,https://www.themealdb.com/images/ingredients/Tinned_Tomatos.png
53172,5,Tomato Puree,1 tablespoon,https://www.themealdb.com/images/ingredients/Tomato_Puree.png
53172,6,Paprika,2 teaspoon,https://www.themealdb.com/images/ingredients/Paprika.png
53172,7,Chilli Powder,Pinch,https://www.themealdb.com/images/ingredients/Chilli_Powder.png
53172,8,Sugar,Pinch,https://www.themealdb.com/images/ingredients/Sugar.png
53172,9,Parsley,Chopped,https://www.themealdb.com/images/ingredients/Parsley.png
53172,10,Potatoes,900g,https://www.themealdb.com/images/ingredients/Potatoes.png
53172,11,Olive Oil,2 tbsp,https://www.themealdb.com/images/ingredients/Olive_Oil.png
53160,1,Olive Oil,2 tblsp,https://www.themealdb.com/images/ingredients/Olive_Oil.png
53160,2,Onion,2,https://www.themealdb.com/images/ingredients/Onion.png
53160,3,Garlic Clove,4 Chopped,https://www.themealdb.com/images/ingredients/Garlic_Clove.png
53160,4,Mixed peppers,5,https://www.themealdb.com/images/ingredients/Mixed_peppers.png
53160,5,Oregano,1 teaspoon,https://www.themealdb.com/images/ingredients/Oregano.png
53160,6,Thyme,Sprigs of fresh,https://www.themealdb.com/images/ingredients/Thyme.png
53160,7,Bay Leaves,4 leaves,https://www.themealdb.com/images/ingredients/Bay_Leaves.png
53160,8,Courgettes,2 chopped,https://www.themealdb.com/images/ingredients/Courgettes.png
53160,9,Aubergine,1 chopped,https://www.themealdb.com/images/ingredients/Aubergine.png
53160,10,Tomato,4 large,https://www.themealdb.com/images/ingredients/Tomato.png
53160,11,Egg,4 large,https://www.themealdb.com/images/ingredients/Egg.png
53160,12,Parsley,Handful,https://www.themealdb.com/images/ingredients/Parsley.png
53297,1,Olive Oil,60 ml,https://www.themealdb.com/images/ingredients/Olive_Oil.png
53297,2,Lemon Juice,2 tablespoons,https://www.themealdb.com/images/ingredients/Lemon_Juice.png
53297,3,Honey,1 tablespoon,https://www.themealdb.com/images/ingredients/Honey.png
53297,4,Thyme,2 sprigs,https://www.themealdb.com/images/ingredients/Thyme.png
53297,5,Baby Lettuce Leaves,100g,https://www.themealdb.com/images/ingredients/Baby_Lettuce_Leaves.png
53297,6,Cherry Tomatoes,250g,https://www.themealdb.com/images/ingredients/Cherry_Tomatoes.png
53297,7,Spring Onions,3 chopped,https://www.themealdb.com/images/ingredients/Spring_Onions.png
53297,8,Red Chilli,1 chopped,https://www.themealdb.com/images/ingredients/Red_Chilli.png
53297,9,Pomegranate,1,https://www.themealdb.com/images/ingredients/Pomegranate.png
53297,10,Feta,50g,https://www.themealdb.com/images/ingredients/Feta.png
53081,1,Potatoes,4,https://www.themealdb.com/images/ingredients/Potatoes.png
53081,2,Carrots,3,https://www.themealdb.com/images/ingredients/Carrots.png
53081,3,Salt,1 tbs,https://www.themealdb.com/images/ingredients/Salt.png
53081,4,White Wine Vinegar,1/2 tbs,https://www.themealdb.com/images/ingredients/White_Wine_Vinegar.png
53081,5,Eggs,4,https://www.themealdb.com/images/ingredients/Eggs.png
53081,6,Sausages,7 oz,https://www.themealdb.com/images/ingredients/Sausages.png
53081,7,Dill,4 oz,https://www.themealdb.com/images/ingredients/Dill.png
53081,8,Peas,1 can,https://www.themealdb.com/images/ingredients/Peas.png
53081,9,Onions,4,https://www.themealdb.com/images/ingredients/Onions.png
53081,10,Mayonnaise,1 cup,https://www.themealdb.com/images/ingredients/Mayonnaise.png
52921,1,Eggs,10,https://www.themealdb.com/images/ingredients/Eggs.png
52921,2,Olive Oil,1 tbs,https://www.themealdb.com/images/ingredients/Olive_Oil.png
52921,3,Courgettes,2 finely chopped,https://www.themealdb.com/images/ingredients/Courgettes.png
52921,4,Spring Onions,3 finely chopped,https://www.themealdb.com/images/ingredients/Spring_Onions.png
52921,5,Red Pepper,4,https://www.themealdb.com/images/ingredients/Red_Pepper.png
52921,6,Garlic Clove,1 clove peeled crushed,https://www.themealdb.com/images/ingredients/Garlic_Clove.png
52921,7,Red Chilli,1,https://www.themealdb.com/images/ingredients/Red_Chilli.png
52921,8,Cream Cheese,300g,https://www.themealdb.com/images/ingredients/Cream_Cheese.png
52921,9,Milk,6 tblsp,https://www.themealdb.com/images/ingredients/Milk.png
52921,10,Chives,4 tbs,https://www.themealdb.com/images/ingredients/Chives.png
52921,11,Basil,2 tbs,https://www.themealdb.com/images/ingredients/Basil.png
52921,12,Rocket,to serve,https://www.themealdb.com/images/ingredients/Rocket.png
52921,13,Parmesan,to serve,https://www.themealdb.com/images/ingredients/Parmesan.png
52908,1,Aubergine,2 large,https://www.themealdb.com/images/ingredients/Aubergine.png
52908,2,Courgettes,4,https://www.themealdb.com/images/ingredients/Courgettes.png
52908,3,Yellow Pepper,2,https://www.themealdb.com/images/ingredients/Yellow_Pepper.png
52908,4,Tomato,4 large,https://www.themealdb.com/images/ingredients/Tomato.png
52908,5,Olive Oil,5 tbs,https://www.themealdb.com/images/ingredients/Olive_Oil.png
52908,6,Basil,Bunch,https://www.themealdb.com/images/ingredients/Basil.png
52908,7,Onion,1 medium,https://www.themealdb.com/images/ingredients/Onion.png
52908,8,Garlic Clove,3 finely chopped,https://www.themealdb.com/images/ingredients/Garlic_Clove.png
52908,9,Red Wine Vinegar,1 tsp,https://www.themealdb.com/images/ingredients/Red_Wine_Vinegar.png
52908,10,Sugar,1 tsp,https://www.themealdb.com/images/ingredients/Sugar.png
52811,1,Olive Oil,5 tablespoons,https://www.themealdb.com/images/ingredients/Olive_Oil.png
52811,2,Onion,1 chopped,https://www.themealdb.com/images/ingredients/Onion.png
52811,3,Carrots,1 chopped,https://www.themealdb.com/images/ingredients/Carrots.png
52811,4,Celery,1 stalk chopped,https://www.themealdb.com/images/ingredients/Celery.png
52811,5,Garlic,1 tablespoon minced,https://www.themealdb.com/images/ingredients/Garlic.png
52811,6,Cannellini Beans,2 cups,https://www.themealdb.com/images/ingredients/Cannellini_Beans.png
52811,7,Canned tomatoes,1,https://www.themealdb.com/images/ingredients/Canned_tomatoes.png
52811,8,Water,4 cups,https://www.themealdb.com/images/ingredients/Water.png
52811,9,Rosemary,1 fresh sprig,https://www.themealdb.com/images/ingredients/Rosemary.png
52811,10,Thyme,1 fresh sprig,https://www.themealdb.com/images/ingredients/Thyme.png
52811,11,Kale,1 pound chopped,https://www.themealdb.com/images/ingredients/Kale.png
52811,12,Wholegrain Bread,4 thick slices,https://www.themealdb.com/images/ingredients/Wholegrain_Bread.png
52811,13,Red Onions,1 thinly sliced,https://www.themealdb.com/images/ingredients/Red_Onions.png
52811,14,Parmesan,½ cup freshly grated,https://www.themealdb.com/images/ingredients/Parmesan.png
53273,1,Aubergine,2 sliced,https://www.themealdb.com/images/ingredients/Aubergine.png
53273,2,Extra Virgin Olive Oil,3  tablespoons,https://www.themealdb.com/images/ingredients/Extra_Virgin_Olive_Oil.png
53273,3,Cherry Tomatoes,12,https://www.themealdb.com/images/ingredients/Cherry_Tomatoes.png
53273,4,Pita Bread,1,https://www.themealdb.com/images/ingredients/Pita_Bread.png
53273,5,Balsamic Vinegar,3  tablespoons,https://www.themealdb.com/images/ingredients/Balsamic_Vinegar.png
53273,6,Mint,Handful,https://www.themealdb.com/images/ingredients/Mint.png
53273,7,Shallots,1 chopped,https://www.themealdb.com/images/ingredients/Shallots.png
53273,8,Shallots,1 sliced,https://www.themealdb.com/images/ingredients/Shallots.png
53273,9,Red Chilli,1 chopped,https://www.themealdb.com/images/ingredients/Red_Chilli.png
53273,10,Goats Cheese,50g,https://www.themealdb.com/images/ingredients/Goats_Cheese.png
53273,11,Rocket,Handful,https://www.themealdb.com/images/ingredients/Rocket.png
52816,1,Olive Oil,2 tablespoons,https://www.themealdb.com/images/ingredients/Olive_Oil.png
52816,2,Carrots,2 small cut into chunks,https://www.themealdb.com/images/ingredients/Carrots.png
52816,3,Celery,2 small stalks,https://www.themealdb.com/images/ingredients/Celery.png
52816,4,Onion,1 medium finely diced,https://www.themealdb.com/images/ingredients/Onion.png
52816,5,Garlic,6 medium cloves sliced,https://www.themealdb.com/images/ingredients/Garlic.png
52816,6,Brown Lentils,12 ounces (340g),https://www.themealdb.com/images/ingredients/Brown_Lentils.png
52816,7,Bay Leaves,2,https://www.themealdb.com/images/ingredients/Bay_Leaves.png
52816,8,Water,4 cups,https://www.themealdb.com/images/ingredients/Water.png
52816,9,Salt,Pinch,https://www.themealdb.com/images/ingredients/Salt.png
52816,10,Apple Cider Vinegar,2 teaspoons (10ml),https://www.themealdb.com/images/ingredients/Apple_Cider_Vinegar.png
52816,11,Pepper,Pinch,https://www.themealdb.com/images/ingredients/Pepper.png
52816,12,Egg Plants,2 large,https://www.themealdb.com/images/ingredients/Egg_Plants.png
52816,13,Rosemary,4 sprigs,https://www.themealdb.com/images/ingredients/Rosemary.png
52816,14,Pine nuts,1/4 cup,https://www.themealdb.com/images/ingredients/Pine_nuts.png
52816,15,Parsley,2 tablespoons,https://www.themealdb.com/images/ingredients/Parsley.png
53296,1,Sunflower Oil,1 tablespoon,https://www.themealdb.com/images/ingredients/Sunflower_Oil.png
53296,2,Shallots,2,https://www.themealdb.com/images/ingredients/Shallots.png
53296,3,Sauerkraut,150g,https://www.themealdb.com/images/ingredients/Sauerkraut.png
53296,4,Hispi (sweetheart) Cabbage,150g,https://www.themealdb.com/images/ingredients/Hispi_(sweetheart)_Cabbage.png
53296,5,Egg,1 large,https://www.themealdb.com/images/ingredients/Egg.png
53296,6,Vegetable Oil,1/2 tbs,https://www.themealdb.com/images/ingredients/Vegetable_Oil.png
53296,7,Plain Flour,350g,https://www.themealdb.com/images/ingredients/Plain_Flour.png
53296,8,Vegetable Oil,For frying,https://www.themealdb.com/images/ingredients/Vegetable_Oil.png
53296,9,Shallots,2,https://www.themealdb.com/images/ingredients/Shallots.png
53296,10,Plain Flour,Dusting,https://www.themealdb.com/images/ingredients/Plain_Flour.png
53296,11,Butter,45g,https://www.themealdb.com/images/ingredients/Butter.png
53296,12,Sour Cream,60 ml,https://www.themealdb.com/images/ingredients/Sour_Cream.png
53314,1,Sunflower Oil,1 tablespoon,https://www.themealdb.com/images/ingredients/Sunflower_Oil.png
53314,2,Shallots,2 chopped,https://www.themealdb.com/images/ingredients/Shallots.png
53314,3,Sauerkraut,150g,https://www.themealdb.com/images/ingredients/Sauerkraut.png
53314,4,Hispi (sweetheart) Cabbage,150g,https://www.themealdb.com/images/ingredients/Hispi_(sweetheart)_Cabbage.png
53314,5,Egg,1 beaten,https://www.themealdb.com/images/ingredients/Egg.png
53314,6,Vegetable Oil,1/2 tbs,https://www.themealdb.com/images/ingredients/Vegetable_Oil.png
53314,7,Plain Flour,350g,https://www.themealdb.com/images/ingredients/Plain_Flour.png
53314,8,Vegetable Oil,For frying,https://www.themealdb.com/images/ingredients/Vegetable_Oil.png
53314,9,Shallots,2 sliced,https://www.themealdb.com/images/ingredients/Shallots.png
53314,10,Plain Flour,Dusting,https://www.themealdb.com/images/ingredients/Plain_Flour.png
53314,11,Butter,45g,https://www.themealdb.com/images/ingredients/Butter.png
53314,12,Sour Cream,60 ml,https://www.themealdb.com/images/ingredients/Sour_Cream.png
52963,1,Olive Oil,1 tbs,https://www.themealdb.com/images/ingredients/Olive_Oil.png
52963,2,Red Onions,2 chopped,https://www.themealdb.com/images/ingredients/Red_Onions.png
52963,3,Red Chilli,1 finely chopped,https://www.themealdb.com/images/ingredients/Red_Chilli.png
52963,4,Garlic,1 clove,https://www.themealdb.com/images/ingredients/Garlic.png
52963,5,Coriander,Chopped,https://www.themealdb.com/images/ingredients/Coriander.png
52963,6,Cherry Tomatoes,800g,https://www.themealdb.com/images/ingredients/Cherry_Tomatoes.png
52963,7,Caster Sugar,1 tbs,https://www.themealdb.com/images/ingredients/Caster_Sugar.png
52963,8,Eggs,4,https://www.themealdb.com/images/ingredients/Eggs.png
52963,9,Feta,Spinkling,https://www.themealdb.com/images/ingredients/Feta.png
53374,1,Egg Plants,1.5 pounds sliced,https://www.themealdb.com/images/ingredients/Egg_Plants.png
53374,2,Peanut Oil,2 tablespoons,https://www.themealdb.com/images/ingredients/Peanut_Oil.png
53374,3,Chicken Stock,1/4 cup,https://www.themealdb.com/images/ingredients/Chicken_Stock.png
53374,4,Sugar,2 tsp,https://www.themealdb.com/images/ingredients/Sugar.png
53374,5,Soy Sauce,1/2 tsp,https://www.themealdb.com/images/ingredients/Soy_Sauce.png
53374,6,Chilli Bean Paste,1 ½ tbsp,https://www.themealdb.com/images/ingredients/Chilli_Bean_Paste.png
53374,7,Sichuan Pepper,2 tsp,https://www.themealdb.com/images/ingredients/Sichuan_Pepper.png
53374,8,Ginger,2 tsp,https://www.themealdb.com/images/ingredients/Ginger.png
53374,9,Garlic,5 cloves,https://www.themealdb.com/images/ingredients/Garlic.png
53374,10,Cornstarch,1 tsp,https://www.themealdb.com/images/ingredients/Cornstarch.png
53374,11,Apple Cider Vinegar,2 tsp,https://www.themealdb.com/images/ingredients/Apple_Cider_Vinegar.png
53374,12,Scallions,4 Chopped,https://www.themealdb.com/images/ingredients/Scallions.png
53374,13,Cilantro,Garnish,https://www.themealdb.com/images/ingredients/Cilantro.png
53371,1,Chinese Long Beans,1/2 lb,https://www.themealdb.com/images/ingredients/Chinese_Long_Beans.png
53371,2,Peanut Oil,1 tablespoon,https://www.themealdb.com/images/ingredients/Peanut_Oil.png
53371,3,Dried Chillies,6,https://www.themealdb.com/images/ingredients/Dried_Chillies.png
53371,4,Sichuan Pepper,1 tsp,https://www.themealdb.com/images/ingredients/Sichuan_Pepper.png
53371,5,Salt,1/4 tsp,https://www.themealdb.com/images/ingredients/Salt.png
53371,6,Sugar,1/2 tsp,https://www.themealdb.com/images/ingredients/Sugar.png
53371,7,Sesame Seed Oil,1 tablespoon,https://www.themealdb.com/images/ingredients/Sesame_Seed_Oil.png
53371,8,Soy Sauce,Splash,https://www.themealdb.com/images/ingredients/Soy_Sauce.png
53369,1,Silken Tofu,16 ounces,https://www.themealdb.com/images/ingredients/Silken_Tofu.png
53369,2,Soy Sauce,3  tablespoons,https://www.themealdb.com/images/ingredients/Soy_Sauce.png
53369,3,Chinese Sesame Sauce,2 tablespoons,https://www.themealdb.com/images/ingredients/Chinese_Sesame_Sauce.png
53369,4,Scallions,1 sliced,https://www.themealdb.com/images/ingredients/Scallions.png
53369,5,Sesame Seed,2 tsp,https://www.themealdb.com/images/ingredients/Sesame_Seed.png
52784,1,Olive Oil,1 tbls,https://www.themealdb.com/images/ingredients/Olive_Oil.png
52784,2,Onion,1,https://www.themealdb.com/images/ingredients/Onion.png
52784,3,Leek,1 chopped,https://www.themealdb.com/images/ingredients/Leek.png
52784,4,Garlic,3 cloves,https://www.themealdb.com/images/ingredients/Garlic.png
52784,5,Cumin,4 tsp ground,https://www.themealdb.com/images/ingredients/Cumin.png
52784,6,Coriander,2 tsp ground,https://www.themealdb.com/images/ingredients/Coriander.png
52784,7,Smoked Paprika,1 tsp,https://www.themealdb.com/images/ingredients/Smoked_Paprika.png
52784,8,Cinnamon,1/2 tsp,https://www.themealdb.com/images/ingredients/Cinnamon.png
52784,9,Chili Powder,1 tsp,https://www.themealdb.com/images/ingredients/Chili_Powder.png
52784,10,Cocoa,1 tsp,https://www.themealdb.com/images/ingredients/Cocoa.png
52784,11,Dried Oregano,1/2 tsp,https://www.themealdb.com/images/ingredients/Dried_Oregano.png
52784,12,Diced Tomatoes,1 can,https://www.themealdb.com/images/ingredients/Diced_Tomatoes.png
52784,13,Water,3 cups,https://www.themealdb.com/images/ingredients/Water.png
52784,14,Carrots,3 chopped,https://www.themealdb.com/images/ingredients/Carrots.png
52784,15,Brown Lentils,1 1/2 cups,https://www.themealdb.com/images/ingredients/Brown_Lentils.png
52784,16,Sea Salt,1 tsp,https://www.themealdb.com/images/ingredients/Sea_Salt.png
52784,17,Squash,1 Small,https://www.themealdb.com/images/ingredients/Squash.png
52784,18,Cashews,1 Cup,https://www.themealdb.com/images/ingredients/Cashews.png
52784,19,Apple Cider Vinegar,1 tsp,https://www.themealdb.com/images/ingredients/Apple_Cider_Vinegar.png
52872,1,Onion,1 sliced,https://www.themealdb.com/images/ingredients/Onion.png
52872,2,Olive Oil,4 tbsp,https://www.themealdb.com/images/ingredients/Olive_Oil.png
52872,3,Butter,25g,https://www.themealdb.com/images/ingredients/Butter.png
52872,4,Potatoes,400g,https://www.themealdb.com/images/ingredients/Potatoes.png
52872,5,Garlic,6 cloves,https://www.themealdb.com/images/ingredients/Garlic.png
52872,6,Eggs,8,https://www.themealdb.com/images/ingredients/Eggs.png
52872,7,Parsley,Handful,https://www.themealdb.com/images/ingredients/Parsley.png
52872,8,Baguette,1,https://www.themealdb.com/images/ingredients/Baguette.png
52872,9,Vine Tomatoes,4,https://www.themealdb.com/images/ingredients/Vine_Tomatoes.png
52872,10,Olive Oil,drizzle,https://www.themealdb.com/images/ingredients/Olive_Oil.png
53142,1,Sunflower Oil,1 tbsp,https://www.themealdb.com/images/ingredients/Sunflower_Oil.png
53142,2,Onion,1,https://www.themealdb.com/images/ingredients/Onion.png
53142,3,Red Chilli,1,https://www.themealdb.com/images/ingredients/Red_Chilli.png
53142,4,Curry Powder,2 teaspoon,https://www.themealdb.com/images/ingredients/Curry_Powder.png
53142,5,Cherry Tomatoes,300g,https://www.themealdb.com/images/ingredients/Cherry_Tomatoes.png
53142,6,Potatoes,500g,https://www.themealdb.com/images/ingredients/Potatoes.png
53142,7,Coriander,Bunch,https://www.themealdb.com/images/ingredients/Coriander.png
53142,8,Egg,8,https://www.themealdb.com/images/ingredients/Egg.png
52771,1,penne rigate,1 pound,https://www.themealdb.com/images/ingredients/penne_rigate.png
52771,2,olive oil,1/4 cup,https://www.themealdb.com/images/ingredients/olive_oil.png
52771,3,garlic,3 cloves,https://www.themealdb.com/images/ingredients/garlic.png
52771,4,chopped tomatoes,1 tin,https://www.themealdb.com/images/ingredients/chopped_tomatoes.png
52771,5,red chilli flakes,1/2 teaspoon,https://www.themealdb.com/images/ingredients/red_chilli_flakes.png
52771,6,italian seasoning,1/2 teaspoon,https://www.themealdb.com/images/ingredients/italian_seasoning.png
52771,7,basil,6 leaves,https://www.themealdb.com/images/ingredients/basil.png
52771,8,Parmigiano-Reggiano,sprinkling,https://www.themealdb.com/images/ingredients/Parmigiano-Reggiano.png
52797,1,Small Potatoes,650g/1lb 8 oz,https://www.themealdb.com/images/ingredients/Small_Potatoes.png
52797,2,Harissa Spice,1 tsp,https://www.themealdb.com/images/ingredients/Harissa_Spice.png
52797,3,olive oil,2 tsp,https://www.themealdb.com/images/ingredients/olive_oil.png
52797,4,Lemon,juice of half,https://www.themealdb.com/images/ingredients/Lemon.png
52797,5,Spring onions,4,https://www.themealdb.com/images/ingredients/Spring_onions.png
52797,6,Rocket,150g/6oz,https://www.themealdb.com/images/ingredients/Rocket.png
52797,7,Feta,80g/3oz,https://www.themealdb.com/images/ingredients/Feta.png
52797,8,Mint,20 chopped,https://www.themealdb.com/images/ingredients/Mint.png
52797,9,Pine nuts,2 tablespoons,https://www.themealdb.com/images/ingredients/Pine_nuts.png
52797,10,Salt,Pinch,https://www.themealdb.com/images/ingredients/Salt.png
52797,11,Pepper,Pinch,https://www.themealdb.com/images/ingredients/Pepper.png
52849,1,Olive Oil,3 tbsp,https://www.themealdb.com/images/ingredients/Olive_Oil.png
52849,2,Garlic,8 cloves chopped,https://www.themealdb.com/images/ingredients/Garlic.png
52849,3,Caster Sugar,3 tbsp,https://www.themealdb.com/images/ingredients/Caster_Sugar.png
52849,4,Red Wine Vinegar,2 tblsp,https://www.themealdb.com/images/ingredients/Red_Wine_Vinegar.png
52849,5,Chopped Tomatoes,3 400g Cans,https://www.themealdb.com/images/ingredients/Chopped_Tomatoes.png
52849,6,Basil Leaves,Bunch,https://www.themealdb.com/images/ingredients/Basil_Leaves.png
52849,7,Mascarpone,2 tubs,https://www.themealdb.com/images/ingredients/Mascarpone.png
52849,8,Milk,3 tbsp,https://www.themealdb.com/images/ingredients/Milk.png
52849,9,Parmesan,85g,https://www.themealdb.com/images/ingredients/Parmesan.png
52849,10,Mozzarella,2 sliced,https://www.themealdb.com/images/ingredients/Mozzarella.png
52849,11,Spinach,1kg,https://www.themealdb.com/images/ingredients/Spinach.png
52849,12,Parmesan,100g,https://www.themealdb.com/images/ingredients/Parmesan.png
52849,13,Ricotta,3 tubs,https://www.themealdb.com/images/ingredients/Ricotta.png
52849,14,Nutmeg,pinch,https://www.themealdb.com/images/ingredients/Nutmeg.png
52849,15,Cannellini Beans,400g,https://www.themealdb.com/images/ingredients/Cannellini_Beans.png
52866,1,Butternut Squash,350g,https://www.themealdb.com/images/ingredients/Butternut_Squash.png
52866,2,Garlic,3 parts,https://www.themealdb.com/images/ingredients/Garlic.png
52866,3,Olive Oil,3 tbs,https://www.themealdb.com/images/ingredients/Olive_Oil.png
52866,4,Linguine Pasta,350g,https://www.themealdb.com/images/ingredients/Linguine_Pasta.png
52866,5,Sage,Small bunch,https://www.themealdb.com/images/ingredients/Sage.png
52817,1,Olive Oil,4 tablespoons,https://www.themealdb.com/images/ingredients/Olive_Oil.png
52817,2,Egg Plants,6 small,https://www.themealdb.com/images/ingredients/Egg_Plants.png
52817,3,Harissa Spice,½ tablespoon,https://www.themealdb.com/images/ingredients/Harissa_Spice.png
52817,4,Chickpeas,1 can,https://www.themealdb.com/images/ingredients/Chickpeas.png
52817,5,Cherry Tomatoes,2 cups halved,https://www.themealdb.com/images/ingredients/Cherry_Tomatoes.png
52817,6,Greek yogurt,1 1/2 cups,https://www.themealdb.com/images/ingredients/Greek_yogurt.png
52817,7,Ground cumin,1 tablespoon,https://www.themealdb.com/images/ingredients/Ground_cumin.png
52817,8,Parsley,½ cup,https://www.themealdb.com/images/ingredients/Parsley.png
53067,1,Green Pepper,4 whole,https://www.themealdb.com/images/ingredients/Green_Pepper.png
53067,2,Olive Oil,1 tablespoon,https://www.themealdb.com/images/ingredients/Olive_Oil.png
53067,3,Onion,1 small finely diced,https://www.themealdb.com/images/ingredients/Onion.png
53067,4,Garlic,2 cloves minced,https://www.themealdb.com/images/ingredients/Garlic.png
53067,5,Quinoa,1 cups,https://www.themealdb.com/images/ingredients/Quinoa.png
53067,6,Black Beans,1 can,https://www.themealdb.com/images/ingredients/Black_Beans.png
53067,7,Sweetcorn,1 cup,https://www.themealdb.com/images/ingredients/Sweetcorn.png
53067,8,Diced Tomatoes,1 can,https://www.themealdb.com/images/ingredients/Diced_Tomatoes.png
53067,9,Cumin,1 teaspoon,https://www.themealdb.com/images/ingredients/Cumin.png
53067,10,Chili Powder,½ tsp,https://www.themealdb.com/images/ingredients/Chili_Powder.png
53067,11,Smoked Paprika,½ tsp,https://www.themealdb.com/images/ingredients/Smoked_Paprika.png
53067,12,Salt,To taste,https://www.themealdb.com/images/ingredients/Salt.png
53067,13,Pepper,To taste,https://www.themealdb.com/images/ingredients/Pepper.png
53067,14,Shredded Mexican Cheese,1 1/2 cup,https://www.themealdb.com/images/ingredients/Shredded_Mexican_Cheese.png
53067,15,Cilantro,Chopped,https://www.themealdb.com/images/ingredients/Cilantro.png
53113,1,Oil,2 tablespoons,https://www.themealdb.com/images/ingredients/Oil.png
53113,2,Red Onions,2 medium,https://www.themealdb.com/images/ingredients/Red_Onions.png
53113,3,Kale,1 lb,https://www.themealdb.com/images/ingredients/Kale.png
53113,4,Salt,Dash,https://www.themealdb.com/images/ingredients/Salt.png
53113,5,Double Cream,1 cup,https://www.themealdb.com/images/ingredients/Double_Cream.png
52911,1,Rapeseed Oil,1 tbs,https://www.themealdb.com/images/ingredients/Rapeseed_Oil.png
52911,2,Leek,2 finely chopped,https://www.themealdb.com/images/ingredients/Leek.png
52911,3,Courgettes,1 large,https://www.themealdb.com/images/ingredients/Courgettes.png
52911,4,Vegetable Stock,1L,https://www.themealdb.com/images/ingredients/Vegetable_Stock.png
52911,5,Cannellini Beans,400g,https://www.themealdb.com/images/ingredients/Cannellini_Beans.png
52911,6,Green Beans,200g,https://www.themealdb.com/images/ingredients/Green_Beans.png
52911,7,Tomatoes,3 chopped,https://www.themealdb.com/images/ingredients/Tomatoes.png
52911,8,Garlic Clove,3 chopped,https://www.themealdb.com/images/ingredients/Garlic_Clove.png
52911,9,Basil,Small pack,https://www.themealdb.com/images/ingredients/Basil.png
52911,10,Parmesan,40g,https://www.themealdb.com/images/ingredients/Parmesan.png
53275,1,Sweet Potatoes,1200g,https://www.themealdb.com/images/ingredients/Sweet_Potatoes.png
53275,2,Olive Oil,1 tablespoon,https://www.themealdb.com/images/ingredients/Olive_Oil.png
53275,3,Shallots,2,https://www.themealdb.com/images/ingredients/Shallots.png
53275,4,Spring Onions,4 sliced,https://www.themealdb.com/images/ingredients/Spring_Onions.png
53275,5,Chives,Bunch,https://www.themealdb.com/images/ingredients/Chives.png
53275,6,Sherry vinegar,5 tablespoons,https://www.themealdb.com/images/ingredients/Sherry_vinegar.png
53275,7,Extra Virgin Olive Oil,2 tablespoons,https://www.themealdb.com/images/ingredients/Extra_Virgin_Olive_Oil.png
53275,8,Honey,2 tablespoons,https://www.themealdb.com/images/ingredients/Honey.png
52869,1,Tahini,50g,https://www.themealdb.com/images/ingredients/Tahini.png
52869,2,Lemon,zest and juice of 1,https://www.themealdb.com/images/ingredients/Lemon.png
52869,3,Olive Oil,2 tblsp,https://www.themealdb.com/images/ingredients/Olive_Oil.png
52869,4,Red Onions,1 chopped,https://www.themealdb.com/images/ingredients/Red_Onions.png
52869,5,Garlic,1 clove peeled crushed,https://www.themealdb.com/images/ingredients/Garlic.png
52869,6,Yellow Pepper,1 thinly sliced,https://www.themealdb.com/images/ingredients/Yellow_Pepper.png
52869,7,Green Beans,200g,https://www.themealdb.com/images/ingredients/Green_Beans.png
52869,8,Courgettes,1 sliced,https://www.themealdb.com/images/ingredients/Courgettes.png
52869,9,Kale,100g shredded,https://www.themealdb.com/images/ingredients/Kale.png
52869,10,Lentils,250g pack,https://www.themealdb.com/images/ingredients/Lentils.png
53026,1,Broad Beans,3 cups,https://www.themealdb.com/images/ingredients/Broad_Beans.png
53026,2,Spring Onions,6,https://www.themealdb.com/images/ingredients/Spring_Onions.png
53026,3,Garlic Clove,4,https://www.themealdb.com/images/ingredients/Garlic_Clove.png
53026,4,Parsley,1/4 cup,https://www.themealdb.com/images/ingredients/Parsley.png
53026,5,Cumin,2 tsp,https://www.themealdb.com/images/ingredients/Cumin.png
53026,6,Baking Powder,1 tsp,https://www.themealdb.com/images/ingredients/Baking_Powder.png
53026,7,Cayenne Pepper,1/2 tsp,https://www.themealdb.com/images/ingredients/Cayenne_Pepper.png
53026,8,Flour,Spinkling,https://www.themealdb.com/images/ingredients/Flour.png
53026,9,Vegetable Oil,As required,https://www.themealdb.com/images/ingredients/Vegetable_Oil.png
53312,1,Mayonnaise,250ml,https://www.themealdb.com/images/ingredients/Mayonnaise.png
53312,2,Lemon,Zest and juice of 1,https://www.themealdb.com/images/ingredients/Lemon.png
53312,3,Cider Vinegar,2 tablespoons,https://www.themealdb.com/images/ingredients/Cider_Vinegar.png
53312,4,Wholegrain Mustard,2 tablespoons,https://www.themealdb.com/images/ingredients/Wholegrain_Mustard.png
53312,5,Celery Salt,1 tsp,https://www.themealdb.com/images/ingredients/Celery_Salt.png
53312,6,White Cabbage,1/4,https://www.themealdb.com/images/ingredients/White_Cabbage.png
53312,7,Red Cabbage,1/4,https://www.themealdb.com/images/ingredients/Red_Cabbage.png
53312,8,Carrots,2,https://www.themealdb.com/images/ingredients/Carrots.png
53312,9,Onion,1 Diced,https://www.themealdb.com/images/ingredients/Onion.png
53312,10,Celery,2 sliced,https://www.themealdb.com/images/ingredients/Celery.png
53246,1,Carrots,4 sliced,https://www.themealdb.com/images/ingredients/Carrots.png
53246,2,Red Cabbage,1/2,https://www.themealdb.com/images/ingredients/Red_Cabbage.png
53246,3,Red Onions,2 sliced,https://www.themealdb.com/images/ingredients/Red_Onions.png
53246,4,Mint,Handful,https://www.themealdb.com/images/ingredients/Mint.png
53246,5,Coriander Leaves,Handful,https://www.themealdb.com/images/ingredients/Coriander_Leaves.png
53246,6,Roasted Peanut,Handful,https://www.themealdb.com/images/ingredients/Roasted_Peanut.png
53246,7,Lime,Juice of 2,https://www.themealdb.com/images/ingredients/Lime.png
53246,8,Ground Nut Oil,1 tablespoon,https://www.themealdb.com/images/ingredients/Ground_Nut_Oil.png
53246,9,Red Chilli,1 chopped,https://www.themealdb.com/images/ingredients/Red_Chilli.png
53246,10,Brown Sugar,1 tablespoon,https://www.themealdb.com/images/ingredients/Brown_Sugar.png
53208,1,Thai Red Curry Paste,1 ½ tbsp,https://www.themealdb.com/images/ingredients/Thai_Red_Curry_Paste.png
53208,2,Vegetable Oil,1 tsp,https://www.themealdb.com/images/ingredients/Vegetable_Oil.png
53208,3,Vegetable Stock,1 L,https://www.themealdb.com/images/ingredients/Vegetable_Stock.png
53208,4,Coconut Milk,400ml,https://www.themealdb.com/images/ingredients/Coconut_Milk.png
53208,5,Brown Sugar,2 tsp,https://www.themealdb.com/images/ingredients/Brown_Sugar.png
53208,6,Egg Noodles,175g,https://www.themealdb.com/images/ingredients/Egg_Noodles.png
53208,7,Carrots,2,https://www.themealdb.com/images/ingredients/Carrots.png
53208,8,Chinese Leaf,1/2,https://www.themealdb.com/images/ingredients/Chinese_Leaf.png
53208,9,Bean Sprouts,150g,https://www.themealdb.com/images/ingredients/Bean_Sprouts.png
53208,10,Cherry Tomatoes,6,https://www.themealdb.com/images/ingredients/Cherry_Tomatoes.png
53208,11,Lime,Juice of 1,https://www.themealdb.com/images/ingredients/Lime.png
53208,12,Spring Onions,3 sliced thinly,https://www.themealdb.com/images/ingredients/Spring_Onions.png
53208,13,Coriander,Handful,https://www.themealdb.com/images/ingredients/Coriander.png
53210,1,Pumpkin,1.5kg,https://www.themealdb.com/images/ingredients/Pumpkin.png
53210,2,Sunflower Oil,4 tsp,https://www.themealdb.com/images/ingredients/Sunflower_Oil.png
53210,3,Onion,1 sliced,https://www.themealdb.com/images/ingredients/Onion.png
53210,4,Ginger,1 tbsp grated,https://www.themealdb.com/images/ingredients/Ginger.png
53210,5,Lemongrass,1,https://www.themealdb.com/images/ingredients/Lemongrass.png
53210,6,Thai Red Curry Paste,4 tablespoons,https://www.themealdb.com/images/ingredients/Thai_Red_Curry_Paste.png
53210,7,Coconut Milk,400ml,https://www.themealdb.com/images/ingredients/Coconut_Milk.png
53210,8,Vegetable Stock,800ml,https://www.themealdb.com/images/ingredients/Vegetable_Stock.png
53210,9,Lime juice,To taste,https://www.themealdb.com/images/ingredients/Lime_juice.png
53210,10,Sugar,To taste,https://www.themealdb.com/images/ingredients/Sugar.png
53210,11,Red Chilli,To serve,https://www.themealdb.com/images/ingredients/Red_Chilli.png
53203,1,Vermicelli Rice Noodles,1/2 bag,https://www.themealdb.com/images/ingredients/Vermicelli_Rice_Noodles.png
53203,2,Bean Sprouts,200g,https://www.themealdb.com/images/ingredients/Bean_Sprouts.png
53203,3,Lime,Zest and juice of 2,https://www.themealdb.com/images/ingredients/Lime.png
53203,4,Fish Sauce,2-3 tbsp,https://www.themealdb.com/images/ingredients/Fish_Sauce.png
53203,5,Muscovado Sugar,1 tsp,https://www.themealdb.com/images/ingredients/Muscovado_Sugar.png
53203,6,Red Onions,1 sliced,https://www.themealdb.com/images/ingredients/Red_Onions.png
53203,7,Lettuce,2 small,https://www.themealdb.com/images/ingredients/Lettuce.png
53203,8,Minced Pork,500g,https://www.themealdb.com/images/ingredients/Minced_Pork.png
53203,9,Ginger,Knob,https://www.themealdb.com/images/ingredients/Ginger.png
53203,10,Cayenne Pepper,Pinch,https://www.themealdb.com/images/ingredients/Cayenne_Pepper.png
53203,11,Sunflower Oil,1 tsp,https://www.themealdb.com/images/ingredients/Sunflower_Oil.png
53203,12,Sesame Seed,2 tblsp,https://www.themealdb.com/images/ingredients/Sesame_Seed.png
53203,13,Oil,1 tsp,https://www.themealdb.com/images/ingredients/Oil.png
53203,14,Sirloin steak,4,https://www.themealdb.com/images/ingredients/Sirloin_steak.png
53203,15,Red Chilli,1 sliced,https://www.themealdb.com/images/ingredients/Red_Chilli.png
53240,1,Vegetable Oil,1 tablespoon,https://www.themealdb.com/images/ingredients/Vegetable_Oil.png
53240,2,Broccoli,1 head,https://www.themealdb.com/images/ingredients/Broccoli.png
53240,3,Garlic Clove,4 sliced,https://www.themealdb.com/images/ingredients/Garlic_Clove.png
53240,4,Red Chilli,1 sliced,https://www.themealdb.com/images/ingredients/Red_Chilli.png
53240,5,Spring Onions,1  bunch,https://www.themealdb.com/images/ingredients/Spring_Onions.png
53240,6,Soya Bean,140g,https://www.themealdb.com/images/ingredients/Soya_Bean.png
53240,7,Pak Choi,2 heads,https://www.themealdb.com/images/ingredients/Pak_Choi.png
53240,8,Marinated Tofu,300g,https://www.themealdb.com/images/ingredients/Marinated_Tofu.png
53240,9,Hoisin Sauce,1 ½ tbsp,https://www.themealdb.com/images/ingredients/Hoisin_Sauce.png
53240,10,Soy Sauce,1 tablespoon,https://www.themealdb.com/images/ingredients/Soy_Sauce.png
53240,11,Cashew Nuts,25g,https://www.themealdb.com/images/ingredients/Cashew_Nuts.png
53075,1,Egg Plants,4,https://www.themealdb.com/images/ingredients/Egg_Plants.png
53075,2,Eggs,2,https://www.themealdb.com/images/ingredients/Eggs.png
53075,3,Salt,1 tsp,https://www.themealdb.com/images/ingredients/Salt.png
53075,4,Olive Oil,4 tsp,https://www.themealdb.com/images/ingredients/Olive_Oil.png
52863,1,Rapeseed Oil,1,https://www.themealdb.com/images/ingredients/Rapeseed_Oil.png
52863,2,Onion,1,https://www.themealdb.com/images/ingredients/Onion.png
52863,3,Garlic,3 cloves,https://www.themealdb.com/images/ingredients/Garlic.png
52863,4,Paprika,1 tsp,https://www.themealdb.com/images/ingredients/Paprika.png
52863,5,Cumin,½ tsp,https://www.themealdb.com/images/ingredients/Cumin.png
52863,6,Thyme,1 tblsp,https://www.themealdb.com/images/ingredients/Thyme.png
52863,7,Carrots,3 Medium,https://www.themealdb.com/images/ingredients/Carrots.png
52863,8,Celery,2 small stalks,https://www.themealdb.com/images/ingredients/Celery.png
52863,9,Red Pepper,1,https://www.themealdb.com/images/ingredients/Red_Pepper.png
52863,10,Yellow Pepper,1,https://www.themealdb.com/images/ingredients/Yellow_Pepper.png
52863,11,Tomato,2 x 400g tins,https://www.themealdb.com/images/ingredients/Tomato.png
52863,12,Vegetable Stock Cube,250ml,https://www.themealdb.com/images/ingredients/Vegetable_Stock_Cube.png
52863,13,Courgettes,2 sliced,https://www.themealdb.com/images/ingredients/Courgettes.png
52863,14,Thyme,2 sprigs,https://www.themealdb.com/images/ingredients/Thyme.png
52863,15,Lentils,250g,https://www.themealdb.com/images/ingredients/Lentils.png
52867,1,Roasted Vegetables,400g,https://www.themealdb.com/images/ingredients/Roasted_Vegetables.png
52867,2,Kidney Beans,1 can,https://www.themealdb.com/images/ingredients/Kidney_Beans.png
52867,3,Chopped Tomatoes,1 can,https://www.themealdb.com/images/ingredients/Chopped_Tomatoes.png
52867,4,Mixed Grain,1 Packet,https://www.themealdb.com/images/ingredients/Mixed_Grain.png
53222,1,Red Onions,1/2,https://www.themealdb.com/images/ingredients/Red_Onions.png
53222,2,Red Pepper,1/2,https://www.themealdb.com/images/ingredients/Red_Pepper.png
53222,3,Tomato,400g,https://www.themealdb.com/images/ingredients/Tomato.png
53222,4,Cumin,1/2 teaspoon,https://www.themealdb.com/images/ingredients/Cumin.png
53222,5,Garlic Granules,1/2 tsp,https://www.themealdb.com/images/ingredients/Garlic_Granules.png
53222,6,Cayenne Pepper,1/2 teaspoon,https://www.themealdb.com/images/ingredients/Cayenne_Pepper.png
53222,7,Paprika,1 tsp,https://www.themealdb.com/images/ingredients/Paprika.png
53222,8,Egg,2,https://www.themealdb.com/images/ingredients/Egg.png
53222,9,Parsley,Garnish,https://www.themealdb.com/images/ingredients/Parsley.png
53222,10,Chilli Flakes,Garnish,https://www.themealdb.com/images/ingredients/Chilli_Flakes.png
53222,11,Toast,2 sliced,https://www.themealdb.com/images/ingredients/Toast.png
53241,1,Rice Flour Pancakes,100g,https://www.themealdb.com/images/ingredients/Rice_Flour_Pancakes.png
53241,2,Rice Noodles,50g,https://www.themealdb.com/images/ingredients/Rice_Noodles.png
53241,3,Chicken Breast,1,https://www.themealdb.com/images/ingredients/Chicken_Breast.png
53241,4,Carrots,1 sliced,https://www.themealdb.com/images/ingredients/Carrots.png
53241,5,Cucumber,1 sliced,https://www.themealdb.com/images/ingredients/Cucumber.png
53241,6,Red Pepper,1 sliced,https://www.themealdb.com/images/ingredients/Red_Pepper.png
53241,7,Lettuce,To serve,https://www.themealdb.com/images/ingredients/Lettuce.png
53241,8,Coriander,To serve,https://www.themealdb.com/images/ingredients/Coriander.png
53241,9,Mint,To serve,https://www.themealdb.com/images/ingredients/Mint.png
53241,10,Fish Sauce,4 tablespoons,https://www.themealdb.com/images/ingredients/Fish_Sauce.png
53241,11,Rice Vinegar,2 tablespoons,https://www.themealdb.com/images/ingredients/Rice_Vinegar.png
53241,12,Lime,Juice of 1/2,https://www.themealdb.com/images/ingredients/Lime.png
53241,13,Red Chilli,1 sliced,https://www.themealdb.com/images/ingredients/Red_Chilli.png
53236,1,Vegetable Oil,2 tsp,https://www.themealdb.com/images/ingredients/Vegetable_Oil.png
53236,2,Ginger,4cm finely chopped,https://www.themealdb.com/images/ingredients/Ginger.png
53236,3,Garlic Clove,2 chopped,https://www.themealdb.com/images/ingredients/Garlic_Clove.png
53236,4,Butternut Squash,1/2,https://www.themealdb.com/images/ingredients/Butternut_Squash.png
53236,5,Soy Sauce,2 tsp,https://www.themealdb.com/images/ingredients/Soy_Sauce.png
53236,6,Brown Sugar,2 tsp,https://www.themealdb.com/images/ingredients/Brown_Sugar.png
53236,7,Vegetable Stock,200ml,https://www.themealdb.com/images/ingredients/Vegetable_Stock.png
53236,8,Green Beans,100g shredded,https://www.themealdb.com/images/ingredients/Green_Beans.png
53236,9,Spring Onions,4 sliced,https://www.themealdb.com/images/ingredients/Spring_Onions.png
53236,10,Coriander Leaves,To serve,https://www.themealdb.com/images/ingredients/Coriander_Leaves.png
53236,11,Jasmine Rice,To serve,https://www.themealdb.com/images/ingredients/Jasmine_Rice.png
52871,1,Udon Noodles,250g,https://www.themealdb.com/images/ingredients/Udon_Noodles.png
52871,2,Sesame Seed Oil,2 tbs,https://www.themealdb.com/images/ingredients/Sesame_Seed_Oil.png
52871,3,Onion,1 sliced,https://www.themealdb.com/images/ingredients/Onion.png
52871,4,Cabbage,0.25,https://www.themealdb.com/images/ingredients/Cabbage.png
52871,5,Shiitake Mushrooms,10,https://www.themealdb.com/images/ingredients/Shiitake_Mushrooms.png
52871,6,Spring Onions,4,https://www.themealdb.com/images/ingredients/Spring_Onions.png
52871,7,Mirin,4 tbsp,https://www.themealdb.com/images/ingredients/Mirin.png
52871,8,Soy Sauce,2 tbs,https://www.themealdb.com/images/ingredients/Soy_Sauce.png
52871,9,Caster Sugar,1 tblsp,https://www.themealdb.com/images/ingredients/Caster_Sugar.png
52871,10,Worcestershire Sauce,1 tblsp,https://www.themealdb.com/images/ingredients/Worcestershire_Sauce.png
53076,1,Bread,2,https://www.themealdb.com/images/ingredients/Bread.png
53076,2,Egg,2,https://www.themealdb.com/images/ingredients/Egg.png
53076,3,Salt,0.5,https://www.themealdb.com/images/ingredients/Salt.png
52965,1,Potatoes,3 Medium,https://www.themealdb.com/images/ingredients/Potatoes.png
52965,2,Olive Oil,1 tbs,https://www.themealdb.com/images/ingredients/Olive_Oil.png
52965,3,Bacon,2 strips,https://www.themealdb.com/images/ingredients/Bacon.png
52965,4,Garlic Clove,Minced,https://www.themealdb.com/images/ingredients/Garlic_Clove.png
52965,5,Maple Syrup,1 tbs,https://www.themealdb.com/images/ingredients/Maple_Syrup.png
52965,6,Parsley,Garnish,https://www.themealdb.com/images/ingredients/Parsley.png
52965,7,Salt,Pinch,https://www.themealdb.com/images/ingredients/Salt.png
52965,8,Pepper,Pinch,https://www.themealdb.com/images/ingredients/Pepper.png
52965,9,Allspice,To taste,https://www.themealdb.com/images/ingredients/Allspice.png
53379,1,Flour,125g,https://www.themealdb.com/images/ingredients/Flour.png
53379,2,Buckwheat Flour,125g,https://www.themealdb.com/images/ingredients/Buckwheat_Flour.png
53379,3,Eggs,2,https://www.themealdb.com/images/ingredients/Eggs.png
53379,4,Butter,1 knob,https://www.themealdb.com/images/ingredients/Butter.png
53379,5,Milk,300ml,https://www.themealdb.com/images/ingredients/Milk.png
53379,6,Yeast,10g,https://www.themealdb.com/images/ingredients/Yeast.png
53379,7,vanilla sugar,1tsp,https://www.themealdb.com/images/ingredients/vanilla_sugar.png
53379,8,Butter,To serve,https://www.themealdb.com/images/ingredients/Butter.png
53379,9,Icing Sugar,To serve,https://www.themealdb.com/images/ingredients/Icing_Sugar.png
52895,1,Sausages,2,https://www.themealdb.com/images/ingredients/Sausages.png
52895,2,Bacon,3,https://www.themealdb.com/images/ingredients/Bacon.png
52895,3,Mushrooms,2,https://www.themealdb.com/images/ingredients/Mushrooms.png
52895,4,Tomatoes,2,https://www.themealdb.com/images/ingredients/Tomatoes.png
52895,5,Black Pudding,1 Slice,https://www.themealdb.com/images/ingredients/Black_Pudding.png
52895,6,Eggs,2,https://www.themealdb.com/images/ingredients/Eggs.png
52895,7,Bread,1 Slice,https://www.themealdb.com/images/ingredients/Bread.png
52957,1,Cream Cheese,1 1/4 oz,https://www.themealdb.com/images/ingredients/Cream_Cheese.png
52957,2,Sugar,1 1/4 cup,https://www.themealdb.com/images/ingredients/Sugar.png
52957,3,Vanilla Extract,1 teaspoon,https://www.themealdb.com/images/ingredients/Vanilla_Extract.png
52957,4,Flour,,https://www.themealdb.com/images/ingredients/Flour.png
52957,5,Puff Pastry,2,https://www.themealdb.com/images/ingredients/Puff_Pastry.png
52957,6,Strawberries,,https://www.themealdb.com/images/ingredients/Strawberries.png
52957,7,Raspberries,,https://www.themealdb.com/images/ingredients/Raspberries.png
52957,8,Blackberries,,https://www.themealdb.com/images/ingredients/Blackberries.png
52896,1,Sausages,4,https://www.themealdb.com/images/ingredients/Sausages.png
52896,2,Bacon,4,https://www.themealdb.com/images/ingredients/Bacon.png
52896,3,Mushrooms,4,https://www.themealdb.com/images/ingredients/Mushrooms.png
52896,4,Tomatoes,3,https://www.themealdb.com/images/ingredients/Tomatoes.png
52896,5,Black Pudding,2 sliced,https://www.themealdb.com/images/ingredients/Black_Pudding.png
52896,6,Eggs,2,https://www.themealdb.com/images/ingredients/Eggs.png
52896,7,Bread,1 Slice,https://www.themealdb.com/images/ingredients/Bread.png
52896,8,Baked Beans,100g,https://www.themealdb.com/images/ingredients/Baked_Beans.png
52967,1,Self-raising Flour,750g,https://www.themealdb.com/images/ingredients/Self-raising_Flour.png
52967,2,Sugar,6 tablespoons,https://www.themealdb.com/images/ingredients/Sugar.png
52967,3,Eggs,2,https://www.themealdb.com/images/ingredients/Eggs.png
52967,4,Milk,1 cup,https://www.themealdb.com/images/ingredients/Milk.png
53363,1,Water,4 cups,https://www.themealdb.com/images/ingredients/Water.png
53363,2,Coconut Milk,380g,https://www.themealdb.com/images/ingredients/Coconut_Milk.png
53363,3,Fine Yellow Cornmeal,1 cup,https://www.themealdb.com/images/ingredients/Fine_Yellow_Cornmeal.png
53363,4,Vanilla Extract,1 1/2 tsp,https://www.themealdb.com/images/ingredients/Vanilla_Extract.png
53363,5,Ground Cinnamon,1/2 tsp,https://www.themealdb.com/images/ingredients/Ground_Cinnamon.png
53363,6,Ground Nutmeg,1/2 tsp,https://www.themealdb.com/images/ingredients/Ground_Nutmeg.png
53363,7,Ground Allspice,1/4 tsp,https://www.themealdb.com/images/ingredients/Ground_Allspice.png
53363,8,Sweetened Condensed Milk,1/2 cup,https://www.themealdb.com/images/ingredients/Sweetened_Condensed_Milk.png
53331,1,Egg,1 medium,https://www.themealdb.com/images/ingredients/Egg.png
53331,2,Milk,80 ml,https://www.themealdb.com/images/ingredients/Milk.png
53331,3,Sugar,1 tablespoon,https://www.themealdb.com/images/ingredients/Sugar.png
53331,4,Baking Powder,1 tsp,https://www.themealdb.com/images/ingredients/Baking_Powder.png
53331,5,Salt,Pinch,https://www.themealdb.com/images/ingredients/Salt.png
53331,6,Vanilla Extract,1 dash,https://www.themealdb.com/images/ingredients/Vanilla_Extract.png
53331,7,Ground Oats,150g,https://www.themealdb.com/images/ingredients/Ground_Oats.png
53331,8,Butter,150g,https://www.themealdb.com/images/ingredients/Butter.png
53331,9,Sugar Syrup,1 tablespoon,https://www.themealdb.com/images/ingredients/Sugar_Syrup.png
53331,10,Strawberries,3,https://www.themealdb.com/images/ingredients/Strawberries.png
53118,1,Full fat sour cream,2 cups,https://www.themealdb.com/images/ingredients/Full_fat_sour_cream.png
53118,2,Flour,3/4 cup,https://www.themealdb.com/images/ingredients/Flour.png
53118,3,Milk,2 cups,https://www.themealdb.com/images/ingredients/Milk.png
53118,4,Salt,1 tsp,https://www.themealdb.com/images/ingredients/Salt.png
53118,5,Sugar,Sprinkling,https://www.themealdb.com/images/ingredients/Sugar.png
53118,6,Cinnamon,Sprinkling,https://www.themealdb.com/images/ingredients/Cinnamon.png
53118,7,Butter,To taste,https://www.themealdb.com/images/ingredients/Butter.png
52962,1,Eggs,4,https://www.themealdb.com/images/ingredients/Eggs.png
52962,2,White Wine Vinegar,2 tbs,https://www.themealdb.com/images/ingredients/White_Wine_Vinegar.png
52962,3,English Muffins,2,https://www.themealdb.com/images/ingredients/English_Muffins.png
52962,4,Butter,To serve,https://www.themealdb.com/images/ingredients/Butter.png
52962,5,Smoked Salmon,8 slices,https://www.themealdb.com/images/ingredients/Smoked_Salmon.png
52962,6,Lemon Juice,2 tsp,https://www.themealdb.com/images/ingredients/Lemon_Juice.png
52962,7,White Wine Vinegar,2 tsp,https://www.themealdb.com/images/ingredients/White_Wine_Vinegar.png
52962,8,Egg,3 Yolkes,https://www.themealdb.com/images/ingredients/Egg.png
52962,9,Unsalted Butter,125g,https://www.themealdb.com/images/ingredients/Unsalted_Butter.png
52964,1,Butter,50g,https://www.themealdb.com/images/ingredients/Butter.png
52964,2,Onion,1 chopped,https://www.themealdb.com/images/ingredients/Onion.png
52964,3,Cardamom,3 Pods,https://www.themealdb.com/images/ingredients/Cardamom.png
52964,4,Turmeric,1/4 tsp,https://www.themealdb.com/images/ingredients/Turmeric.png
52964,5,Cinnamon Stick,1 small,https://www.themealdb.com/images/ingredients/Cinnamon_Stick.png
52964,6,Bay Leaf,Sprigs of fresh,https://www.themealdb.com/images/ingredients/Bay_Leaf.png
52964,7,Basmati Rice,450g,https://www.themealdb.com/images/ingredients/Basmati_Rice.png
52964,8,Chicken Stock,1 Litre,https://www.themealdb.com/images/ingredients/Chicken_Stock.png
52964,9,Smoked Haddock,750g,https://www.themealdb.com/images/ingredients/Smoked_Haddock.png
52964,10,Eggs,3,https://www.themealdb.com/images/ingredients/Eggs.png
52964,11,Parsley,3 tblsp chopped,https://www.themealdb.com/images/ingredients/Parsley.png
52964,12,Lemon,1 chopped,https://www.themealdb.com/images/ingredients/Lemon.png
53165,1,Egg,2 medium,https://www.themealdb.com/images/ingredients/Egg.png
53165,2,Double Cream,2 tbsp,https://www.themealdb.com/images/ingredients/Double_Cream.png
53165,3,Milk,2 tblsp,https://www.themealdb.com/images/ingredients/Milk.png
53165,4,Golden Caster Sugar,3 tsp,https://www.themealdb.com/images/ingredients/Golden_Caster_Sugar.png
53165,5,Sweet Sherry,3  tablespoons,https://www.themealdb.com/images/ingredients/Sweet_Sherry.png
53165,6,Bread,4 thick slices,https://www.themealdb.com/images/ingredients/Bread.png
53165,7,Olive Oil,For frying,https://www.themealdb.com/images/ingredients/Olive_Oil.png
53165,8,Icing Sugar,To serve,https://www.themealdb.com/images/ingredients/Icing_Sugar.png
53165,9,Creme Fraiche,To serve,https://www.themealdb.com/images/ingredients/Creme_Fraiche.png
53114,1,Water,2 cups,https://www.themealdb.com/images/ingredients/Water.png
53114,2,White Cornmeal,1 1/2 cups,https://www.themealdb.com/images/ingredients/White_Cornmeal.png
53225,1,Egg,5,https://www.themealdb.com/images/ingredients/Egg.png
53225,2,Onion,1 Diced,https://www.themealdb.com/images/ingredients/Onion.png
53225,3,Tomato,1 Diced,https://www.themealdb.com/images/ingredients/Tomato.png
53225,4,Olive Oil,2 tablespoons,https://www.themealdb.com/images/ingredients/Olive_Oil.png
53225,5,Allspice,1/4 tsp,https://www.themealdb.com/images/ingredients/Allspice.png
53225,6,Black Pepper,1/4 tsp,https://www.themealdb.com/images/ingredients/Black_Pepper.png
53225,7,Liquid Cheese,3  tablespoons,https://www.themealdb.com/images/ingredients/Liquid_Cheese.png
53354,1,Goat Meat,3 Lbs,https://www.themealdb.com/images/ingredients/Goat_Meat.png
53354,2,Jamaican Curry Powder,2.5 tbsp,https://www.themealdb.com/images/ingredients/Jamaican_Curry_Powder.png
53354,3,Ground Ginger,1/2 tsp,https://www.themealdb.com/images/ingredients/Ground_Ginger.png
53354,4,All-purpose Seasoning,1/2 tsp,https://www.themealdb.com/images/ingredients/All-purpose_Seasoning.png
53354,5,Allspice,1/4 tsp,https://www.themealdb.com/images/ingredients/Allspice.png
53354,6,Onion,1 chopped,https://www.themealdb.com/images/ingredients/Onion.png
53354,7,Garlic,6 cloves sliced,https://www.themealdb.com/images/ingredients/Garlic.png
53354,8,Thyme,3 sprigs,https://www.themealdb.com/images/ingredients/Thyme.png
53354,9,Oil,2 tablespoons,https://www.themealdb.com/images/ingredients/Oil.png
53354,10,Water,1 1/4 cup,https://www.themealdb.com/images/ingredients/Water.png
53354,11,Scotch Bonnet,1,https://www.themealdb.com/images/ingredients/Scotch_Bonnet.png
53354,12,Russet Potato,1 large,https://www.themealdb.com/images/ingredients/Russet_Potato.png
53354,13,Salt,To taste,https://www.themealdb.com/images/ingredients/Salt.png
53354,14,Pepper,To taste,https://www.themealdb.com/images/ingredients/Pepper.png
52968,1,Goat Meat,1 kg,https://www.themealdb.com/images/ingredients/Goat_Meat.png
52968,2,Corn Flour,1 kg,https://www.themealdb.com/images/ingredients/Corn_Flour.png
52968,3,Tomatoes,2,https://www.themealdb.com/images/ingredients/Tomatoes.png
52968,4,Salt,Pinch,https://www.themealdb.com/images/ingredients/Salt.png
52968,5,Onion,1,https://www.themealdb.com/images/ingredients/Onion.png
52968,6,Green Chilli,1,https://www.themealdb.com/images/ingredients/Green_Chilli.png
52968,7,Coriander Leaves,1  bunch,https://www.themealdb.com/images/ingredients/Coriander_Leaves.png
